x1,x2,x3,x4,class
2.4835707650561638e-06,-6.913215058559233e-07,3.2384426905034627e-06,7.615149282040127e-06,0
0.0009998302341273843,0.0009998303162162552,0.001008897065078538,0.0010048381746467655,0
0.0019996546300723272,0.002004714802219932,0.0019996849135379396,0.0019996733532341507,0
0.003004212814360833,0.002993436601779714,0.002994378413840438,0.003000191565356798,0
0.003998939848402332,0.00400557524066698,0.003999463883626398,0.003996942485497327,0
0.005012333248849613,0.005003876123502572,0.005005342646028445,0.004997881264073938,0
0.00600328409238338,0.006006560618954555,0.006000251038118894,0.006007884496097735,0
0.007004003813557413,0.007005548538258041,0.00700399847394586,0.007016268397929551,0
0.008007940521884319,0.008002719453363229,0.008012120732568524,0.008001903789758152,0
0.009010053326984032,0.00899921065838961,0.009002368078764516,0.009009993315188354,0
0.010013702342909986,0.01001086685141596,0.010009431768598068,0.010008504491532063,0
0.011003618401059173,0.011007411789969038,0.011008707817156212,0.011016296622142105,0
0.012013730103459854,0.012003196811235198,0.012013632431858986,0.01201008660060993,0
0.013009628403011482,0.013016071394457217,0.013018168010625492,0.013017669413608594,0
0.0140098179263979,0.014012467952134757,0.014015670331171032,0.014018891739649625,0
0.015012619143825788,0.015014086720131695,0.015009483340144984,0.015009033981894612,0
0.016020078645127986,0.01602279721615887,0.016015655965408115,0.016021033680505475,0
0.017018825197142252,0.01701379141824399,0.017018823995044556,0.017024707199849345,0
0.01801783888782247,0.018025841236297087,0.01800491929249757,0.018022127530539896,0
0.01901945425436021,0.01901752398226669,0.019019477822901698,0.019009081174446017,0
0.02001892166058083,0.02002180558287758,0.020027409490243727,0.020017428668928652,0
0.021016978553006552,0.021018512235803095,0.02102559803160953,0.02102266477656932,0
0.022019373221003186,0.022024588359187587,0.02202250740976876,0.022026865246974687,0
0.023019512757553637,0.023021384712290035,0.023021062482257364,0.023015705448282364,0
0.024025504625409345,0.024025329300384923,0.024024049591307235,0.02402285108835715,0
0.02501794817131477,0.025022921798411195,0.02502331145244239,0.025021013638678914,0
0.026025219597467696,0.026028046280310097,0.02603545695553208,0.026026898915090184,0
0.02702831477898064,0.0270266547974482,0.027017433170950532,0.027026894457649782,0
0.028028329179077733,0.028040344238590455,0.02802706622320412,0.028029535764739696,0
0.0290288554701805,0.029023185638840928,0.029034743143101602,0.02903278869419246,0
0.030033985189765244,0.030025483092756055,0.03003704400158471,0.03002302077471607,0
0.031033965316500035,0.03104198330916008,0.031026078349405378,0.03102819954238302,0
0.03203253028885747,0.03202951465376145,0.0320242787148767,0.03203237484690606,0
0.0330277215144644,0.033035400995186204,0.03302843591186186,0.03304078270505812,0
0.03403011776757235,0.034032423726453,0.03403810162012088,0.03402787971245186,0
0.03503617233470806,0.03504157074880645,0.03502699761886223,0.0350359582043277,0
0.03603733545000728,0.03603994515039492,0.036029851282481644,0.036029433752970616,0
0.037039646744865116,0.0370385219604032,0.03703828950128876,0.03703876927808452,0
0.038034637914430146,0.038039199306523844,0.03803950340040453,0.03803446628094791,0
0.039048367911594765,0.0390414082036436,0.03903308252155303,0.03904232180708221,0
0.04003516663168891,0.040043975463058754,0.04004583301793508,0.04003593662844828,0
0.04104585792168726,0.04104310494567572,0.04104515134184101,0.04105052500595431,0
0.04204081510146202,0.04203827336122025,0.04203759446989391,0.04203796299061721,0
0.04304265753449597,0.04304474880291713,0.0430444264970397,0.043047178959288224,0
0.044044109053503436,0.04405131171442983,0.044042720759877856,0.04405764488987699,0
0.045048173381783865,0.04504075925726296,0.045039690582554734,0.04504745740712126,0
0.04604492873211942,0.04604961604851651,0.04604841223416892,0.04604568190148276,0
0.04704281307845671,0.04703947281092362,0.047044814472286714,0.047051329041018664,0
0.0480491185167687,0.04804181935415449,0.048048913952677304,0.048049974634946695,0
0.04904462976186804,0.04904981767457878,0.04904934009264127,0.04904333419755989,0
0.05005183898685179,0.05005285397268189,0.05005546530626592,0.05005531906031022,0
0.05104416270421127,0.05104636192585148,0.05105362622738709,0.05105361998080561,0
0.05205462729048358,0.05207131570950532,0.052054906504605515,0.05205772988025296,0
0.05305782306187052,0.05305631000930958,0.05305147670682985,0.05305684789915552,0
0.05405018992798137,0.05405286996102036,0.05405162723631491,0.05405446342475099,0
0.055066628347888426,0.0550457187290921,0.05505848635600693,0.05504699147569911,0
0.05605369639672711,0.05606150080904089,0.05605637745615153,0.05605066733216641,0
0.057053480538510754,0.057060455045801727,0.05705340522389847,0.05705813935000496,0
0.05805828591725758,0.05805480005632002,0.05806877777850468,0.05806122765316964,0
0.05904893334612577,0.05905999133063291,0.05905575012673522,0.05906332122573304,0
0.0600560974563679,0.060059486377852724,0.06006258499645496,0.06006438883603091,0
0.06105505957902578,0.061059388554881855,0.06105868633450525,0.06105779441489819,0
0.06207088933326347,0.06206408697061687,0.06205575764229039,0.062066651371797336,0
0.06307367384404812,0.06306822538936581,0.06305546621323328,0.06306064189269872,0
0.06407039861981,0.06406052571673597,0.0640662831612048,0.06406793723433121,0
0.06506043041270718,0.06506476743828477,0.06504885872836473,0.0650599431268584,0
0.0660648032253091,0.06605982715015624,0.06607422812258572,0.06605891535917625,0
0.06706486684463359,0.0670677207699535,0.0670742734335124,0.06705988775631117,0
0.06807388388682883,0.06806811923337316,0.06806316052481282,0.06807037858543938,0
0.06907006436754694,0.06906606798468327,0.06906941807949402,0.06906714250108476,0
0.07007063765679633,0.07007338072344267,0.0700780001541508,0.07006388099257593,0
0.07108173623794435,0.07106131063207345,0.07107031214559589,0.07107401265710349,0
0.07207347703141075,0.07206895857447297,0.07207103146082028,0.07206960706739877,0
0.07307012624928835,0.07307732108355819,0.07307485815050291,0.07306960852509678,0
0.07407857207345124,0.07407561057167845,0.07407813838466827,0.0740772222182837,0
0.07507093010002047,0.0750722741698741,0.0750788115431007,0.07507812692640224,0
0.07607597156810626,0.07607666271299263,0.07608246440055502,0.0760731182191319,0
0.07707981256398293,0.0770760661138149,0.07707598867106094,0.07708257096133701,0
0.07808220515982302,0.07808214562625808,0.07808460547211385,0.07807818309728624,0
0.07908248884393555,0.07907752774529611,0.07908069991084152,0.07907842836380724,0
0.08008056505990505,0.08008305586520727,0.08007598897666392,0.0800905420164585,0
0.08107605099417359,0.08107501013801714,0.08108687163544859,0.0810850393945509,0
0.08208520268116734,0.0820852238096284,0.08208202084821785,0.08207759581022465,0
0.08308346210587406,0.08307969727452552,0.08308795868175017,0.08308234779617557,0
0.08407995659810011,0.08408247715487581,0.08408614874135545,0.08408126546132005,0
0.08508097398310725,0.08508630352114255,0.08508630991794063,0.08508255036920823,0
0.086083730894558,0.08608724633577287,0.08607884566437861,0.0860790487672142,0
0.08708349486598081,0.08708601985132852,0.08708864162491507,0.08709446386817182,0
0.0880923763862041,0.08808728839543827,0.08808799300704857,0.0880830754412649,0
0.08908899652340913,0.0890876457958945,0.08909070268189079,0.08908495293437133,0
0.09009268682266129,0.0900977537846551,0.0900895462893478,0.09009209864870057,0
0.09109454181104965,0.09108908498873167,0.09109221155350014,0.091091154053095,0
0.09209258047258484,0.09208822704317282,0.0920922146429634,0.09209458208354833,0
0.09310034881113206,0.09309788944722351,0.09310385900538065,0.09308925635527865,0
0.0940984556972777,0.09409501080412279,0.09410504310876018,0.09409005260266733,0
0.09509089648588419,0.09509209813186786,0.09508447561647354,0.09509246631998669,0
0.09609230043278832,0.09609684806502848,0.09609780487597498,0.09610547695029217,0
0.09710184921628803,0.09709421257881878,0.09709260502374036,0.09709955669295463,0
0.098091496932063,0.09810725539192737,0.0981039952987017,0.09809575221983757,0
0.09909053342645364,0.09910586846096993,0.09909852639987284,0.09910528818065897,0
0.10009212796180612,0.10009710322498533,0.10010012631859869,0.10010033500306892,0
0.1010988507737437,0.10110421535076283,0.10109576299895419,0.10110038920367599,0
0.10210270358026066,0.1021046742962724,0.10210566017649254,0.10209647889164292,0
0.10309543253224943,0.10310949148721259,0.103104764673163,0.10309936067042032,0
0.10411185986398172,0.10410468247727557,0.10411000059002443,0.10410444169651116,0
0.10511540884472952,0.10511388180931733,0.10510386028436271,0.10510996295985989,0
0.10610933298585402,0.10611294926389377,0.1061012814888032,0.10610953636340609,0
0.10711239922954136,0.10709831340967499,0.10710119081454378,0.1070969109462183,0
0.1081067610739359,0.1081116958193871,0.1081156198933686,0.10810847858201021,0
0.10911725218683696,0.10910220860181803,0.10910059219691233,0.10910883137061463,0
0.1101120304373548,0.11010994663636964,0.11009977289960991,0.11010966450991255,0
0.11110458876360858,0.11111445947385526,0.11111294410234158,0.11110641171217947,0
0.11210954277752543,0.11210681604450266,0.11211179871662574,0.11211688782371462,0
0.11310818448288144,0.1131156333456907,0.11311046182502126,0.11310914874895181,0
0.11411357896231433,0.11410893790250201,0.11411134586758738,0.11410812472465116,0
0.1151249387407797,0.11511529143287498,0.11511161648757515,0.11511618501466879,0
0.11611555447586766,0.11611501126811845,0.11611918694961633,0.11611990365466635,0
0.11711446461137906,0.11711423802591389,0.11711574185863136,0.11710560751129344,0
0.11811054216280713,0.11812495248945534,0.11812634295668563,0.11811687293792034,0
0.11912200190393439,0.11912067536989183,0.11913451352316139,0.11912471699367629,0
0.12011948053216272,0.12011534241791712,0.12011208788851883,0.12012113743829946,0
0.1211173393673947,0.12111400985257313,0.12111788825669992,0.12111571338110305,0
0.12213055783029748,0.12212653032090687,0.12212208225891553,0.12212952184281657,0
0.12312350996466136,0.12311881670211648,0.12313073874350947,0.12312581767334155,0
0.1241189378933525,0.12412317243073372,0.1241197460328572,0.12411721012546931,0
0.1251297560128628,0.1251346722083275,0.12511813228725605,0.12512793997130858,0
0.1261228729132805,0.1261236904992073,0.12612316415650493,0.12612180617227772,0
0.12712736973526684,0.12712297237654507,0.12712847941125602,0.12712687593657987,0
0.1281269333878938,0.12812359030981793,0.12812524427147529,0.12813190508425726,0
0.12913163371506725,0.12912424135290515,0.1291296257906563,0.129132886064746,0
0.13012178310372452,0.13013284693109203,0.1301268170113354,0.1301329831234731,0
0.1311273148353484,0.1311221067206278,0.1311229934189417,0.13113137155586443,0
0.13213343074464073,0.1321276105490066,0.13213532509442602,0.13212382453182078,0
0.13313280273413988,0.1331270780521343,0.13312987395259412,0.1331333701264897,0
0.13412983206730772,0.13413221135641298,0.1341391655981802,0.1341312496747865,0
0.13513931359569548,0.13512948660086185,0.13513778415602473,0.13514234297823843,0
0.13612377791363547,0.13613215165985876,0.136139021496772,0.1361351209092059,0
0.137138992866504,0.13713411721120355,0.1371375700860745,0.13713635875096017,0
0.13814397704844644,0.13813941024235463,0.1381398261514485,0.13813607875330752,0
0.1391367011080188,0.13913697634820005,0.13914111139985103,0.13913703421673504,0
0.14014158901442464,0.14015051714413337,0.1401444957636573,0.14013851002247932,0
0.14114714721075197,0.14113910076427605,0.14113095051846528,0.14113610070958657,0
0.142132788182537,0.14214038457472192,0.14214223423403807,0.1421505243287035,0
0.14314477778001194,0.1431420476404991,0.14314729017104905,0.14313208746659808,0
0.14414532221693468,0.1441479984701136,0.14413675121291525,0.1441498629143602,0
0.1451468376271826,0.14514306870557564,0.14514830905447568,0.14515649860943416,0
0.14614705547742146,0.14614738724907766,0.14614384934164845,0.14614189692429883,0
0.14715129882622985,0.1471428667280176,0.14714750497833323,0.14714475885991332,0
0.14815054304727687,0.1481498164586746,0.14815333584786944,0.14814559806615388,0
0.14914779977447268,0.14914425533057024,0.14914692768284876,0.14915103565161436,0
0.15015393509323338,0.15014553932352925,0.15015449817975068,0.1501569283394442,0
0.15115321832566728,0.15116053513021394,0.15114728220515564,0.1511449278776346,0
0.15214325855090766,0.1521596323737096,0.15215542398043394,0.1521518742287976,0
0.15315455299628475,0.15314752570791665,0.15316538191305124,0.15315379925906303,0
0.15415470112812718,0.15415778298727364,0.15415655920031282,0.15415527357427555,0
0.15515120278287792,0.15515751249694085,0.15516456527763753,0.15516188225538594,0
0.15616412208928937,0.156153600077774,0.15615120813205488,0.15615552722155565,0
0.15715743578171862,0.15716262811474951,0.1571486948340086,0.15716480490875448,0
0.15815736811866526,0.1581560237528084,0.15815309763628185,0.1581498838747988,0
0.15916327501207897,0.15915952574899508,0.15915270935466044,0.15915268376529884,0
0.1601584812366637,0.16016850526778662,0.16015886220340333,0.16015264444539457,0
0.16115993244584073,0.16115979754331242,0.16114767672794647,0.16116088968682857,0
0.16216100748951112,0.16216564319398624,0.1621714069426369,0.1621677949873099,0
0.1631618187197104,0.16315763053361945,0.1631760299621794,0.1631634592553332,0
0.16416423381062373,0.1641640435387286,0.164165154587968,0.16416344236210453,0
0.16516229685513076,0.16516243087045895,0.16516500139881407,0.1651624480413095,0
0.16616260193725277,0.16616669831730463,0.16616489128007905,0.16617368613110908,0
0.1671539123181252,0.1671726247014268,0.16717339759312966,0.16715680021600512,0
0.16816645473019776,0.16816631096383816,0.16816113060969456,0.1681642790847302,0
0.16916361628994184,0.16917793052138627,0.1691738475611349,0.16917552694464413,0
0.17017377853049037,0.1701645249113141,0.17016754756883876,0.17017261704297632,0
0.1711650605321267,0.17117473616332204,0.17116996954418037,0.17116929706713344,0
0.1721757269720132,0.17217439348872962,0.17217036734134308,0.172177968821189,0
0.17316776785653518,0.1731762528512079,0.17317613867946302,0.1731716254409766,0
0.17417580483928538,0.17416791860629224,0.1741787943092702,0.17417324966349196,0
0.17517256156007258,0.17518042022130434,0.17517165345672245,0.17516813286869334,0
0.17616839303030857,0.17617920622593292,0.1761697740294137,0.1761849501470861,0
0.17716676753013777,0.17718565945901862,0.17717823226451318,0.17717669361161784,0
0.17817545358274414,0.17818017385874996,0.17817799000466605,0.17818369468758827,0
0.17917975031742248,0.1791799306879865,0.1791773611181181,0.17917889445106056,0
0.18018171918902462,0.1801716293382169,0.18017343925306964,0.18018389650065028,0
0.1811820355083718,0.1811802612644994,0.1811812733508465,0.181182919089708,0
0.18217948338378065,0.18217829065855518,0.18218316140845767,0.1821772903182941,0
0.18318522444696175,0.183174670265162,0.18318832896136983,0.18318554617059526,0
0.18418546433285576,0.18418909763910393,0.1841925115564065,0.18418925603450928,0
0.18517598081402853,0.1851787873003515,0.1851820610922967,0.18518531564043622,0
0.18618877448128854,0.18618255746712042,0.18618712002000856,0.1861824092715244,0
0.18718412959817224,0.18718015388170295,0.18718257102095665,0.1871804287641591,0
0.1881833088219233,0.18819345639717122,0.18818344119374403,0.18820135009851238,0
0.1891916557786936,0.18919011336980768,0.1891848974002883,0.18919269073858624,0
0.19018731200105898,0.1901908002392634,0.1902029906128815,0.19018970989069156,0
0.1911969375578226,0.19118767530906555,0.1911910162487387,0.19120004519436937,0
0.19218905735690325,0.19220125443498218,0.19219573095186948,0.19218937985831272,0
0.19319635523188847,0.19319805596544132,0.19319630224300427,0.19318534206959376,0
0.19419055850831507,0.19419295660101646,0.1941938220270487,0.19419729755468196,0
0.19519608370019984,0.19518851847340163,0.19519709618445022,0.1951982481239216,0
0.19619899514843583,0.19620160009982396,0.19620036580696892,0.19619849209659232,0
0.1971968463686399,0.19718889239252962,0.19719934528829286,0.19719823563563302,0
0.19819955609238418,0.1981918144553191,0.19819279291549616,0.19820346396246485,0
0.19919900142342992,0.19920260670268608,0.19919934079107987,0.1991993479798967,0
0.20020489161923005,0.2001976199765591,0.2002006808040849,0.20019788882375666,0
0.20119902872006404,0.20119965534058384,0.20120231187005935,0.20119880745809288,0
0.20220848098283006,0.2021977291656911,0.2022012678439814,0.20220000354691084,0
0.20321043809262498,0.20320418597708576,0.20320836242590054,0.203195775401338,0
0.20420553945553355,0.20420865235818234,0.2042046156241506,0.20420953160607955,0
0.2052026187629547,0.20521225194240614,0.20521669969582332,0.205203391012403,0
0.2062039786935992,0.20621347312859178,0.20621410406693486,0.20620359190607043,0
0.20720510627312172,0.20720579828416288,0.20720048495465204,0.20720261394747477,0
0.20820318750437444,0.20820436922038268,0.20820803478377128,0.2082093792818709,0
0.20921696171167328,0.20920421743900552,0.2092141308212016,0.20920813926498807,0
0.21020996289166197,0.21021358430767106,0.2102045966001024,0.21021212225894115,0
0.21121204347225225,0.21121367346753123,0.21121265705443074,0.21122348771191074,0
0.21220902351229096,0.2122095572274372,0.2122090965095801,0.2122094348266164,0
0.21321002627757668,0.21321915829586874,0.21322031573445316,0.21321035948174447,0
0.2142100524363487,0.21421657129199614,0.2142114530989928,0.214217378873303,0
0.2152162298303195,0.21520763649464023,0.21522295274122188,0.2152241946035807,0
0.2162131522727638,0.21621427770841656,0.21621764554316986,0.21621788850016616,0
0.21722050993858058,0.21722726823991104,0.21721633248107974,0.21721322573099452,0
0.21821132162207815,0.2182145635680185,0.21821805258335383,0.2182271910075358,0
0.21921663116272405,0.2192203381589774,0.21921913710473886,0.21922516118558646,0
0.2202328548823496,0.22021756587635563,0.22021777302300763,0.22022544102460556,0
0.22122463067866938,0.22123045475784991,0.22122414086214787,0.2212194247607673,0
0.22222517549637566,0.22222776574012512,0.2222263246331282,0.22222475859237775,0
0.22322855659667115,0.22322906970117545,0.2232301340181784,0.22322646677266117,0
0.22422338863382263,0.2242249577926564,0.22423025676905675,0.22422013954586928,0
0.22522706859176958,0.2252232585311636,0.2252253689493399,0.22523161748453827,0
0.22622718172156633,0.22622645840896702,0.22621942694552133,0.22622995749405636,0
0.2272304546481329,0.22723804350084373,0.22722568833605244,0.22722832297886553,0
0.22822947514664677,0.22823611549462702,0.22822775175056628,0.22822962333585708,0
0.22923226871177782,0.229230162274845,0.22922699706115648,0.22923019967919372,0
0.23023559838897953,0.23022509765373317,0.23023089507860098,0.23022672962615554,0
0.23123720646437587,0.23122361529670732,0.23122843662199488,0.23123311729060655,0
0.2322400598523784,0.23223190348092684,0.23222945623459876,0.2322416380175794,0
0.23322599316373113,0.23322223920345012,0.2332354333054835,0.23323072296211145,0
0.23422912807014856,0.23423777601647072,0.2342354532378031,0.23423141384108054,0
0.23522883371324188,0.23523959752187665,0.23523848624112503,0.23523473935591635,0
0.2362454694212165,0.23623088581240462,0.2362286086103816,0.23623277669588683,0
0.23723700930715547,0.23723845393448387,0.23723603105694796,0.2372389975142198,0
0.23823198054111727,0.2382454570612586,0.23823782748234626,0.23824382471739616,0
0.2392409528659711,0.239241523005335,0.2392420880756404,0.23924147778203933,0
0.24024345385403958,0.2402468860028909,0.24024122284608876,0.24024378525902818,0
0.2412407925627698,0.2412484418273185,0.24123785927973096,0.2412502459434058,0
0.24224204145248904,0.24223508836673166,0.2422428827643168,0.24223883698395487,0
0.24324744646098817,0.24323998012334672,0.24324101232607714,0.2432337955395885,0
0.244241982712648,0.2442321248476111,0.2442363247301268,0.24424804631752495,0
0.2452491742460385,0.24524737253305418,0.2452404103645296,0.24524500668846452,0
0.2462462282335508,0.2462404544228003,0.24625376323775508,0.24625063305769912,0
0.2472461424263781,0.24724738167644222,0.247248289161287,0.24723703857290513,0
0.24824701236133564,0.24824483832700828,0.2482432401481988,0.24824684274678382,0
0.2492582376818835,0.24925245346355557,0.24924639335430032,0.24925211216315601,0
0.2502572470274332,0.2502548734186648,0.25025054840209987,0.25024701556636175,0
0.2512547423678193,0.25125321867817835,0.2512557272173514,0.25125442711025964,0
0.2522575000158288,0.2522495760761944,0.2522588392225804,0.2522532402502757,0
0.2532636295576164,0.2532498073141628,0.2532619330722691,0.25325424280717057,0
0.25425099716423616,0.25425183482508396,0.2542526525177133,0.25425637508398624,0
0.25525786943269546,0.2552523867552356,0.25525513348229395,0.2552659666070483,0
0.2562648939721068,0.2562584378746046,0.2562564462736471,0.25625685641288987,0
0.25726032484712086,0.25725214329443125,0.2572559703745701,0.25724891433688785,0
0.2582602543738713,0.2582614942379568,0.2582558423259468,0.25826612819207473,0
0.2592531304309442,0.2592519373848582,0.25926038151835207,0.2592644947507723,0
0.26026867989871755,0.26025796583894595,0.26026565366442744,0.26026006771791277,0
0.26126039812476154,0.2612656795609487,0.2612645228756533,0.2612533793004763,0
0.26226964496401084,0.262269162719033,0.2622591344487547,0.2622642412799294,0
0.2632657334141947,0.2632645666320924,0.26326051173749404,0.26325990514642356,0
0.2642641364939093,0.26427012790936055,0.2642669822650372,0.2642624111926038,0
0.2652691237588185,0.26525102255216215,0.26527100909376716,0.2652565666963714,0
0.26626445406155924,0.26626066791679315,0.2662597928588877,0.2662720704002032,0
0.2672649287612607,0.2672689997866759,0.26726703266437285,0.26726965247140333,0
0.26826865237772357,0.26826185330714736,0.2682732496023655,0.26826579948535245,0
0.2692614863597759,0.2692671286934644,0.2692767730682224,0.2692735203779798,0
0.27026852700959825,0.2702685239817487,0.2702686620950142,0.2702806540101881,0
0.2712731809485324,0.2712734214795072,0.2712764226885414,0.2712724652170664,0
0.27227097706154313,0.27227129052302684,0.2722719142659752,0.27227208616108967,0
0.2732769114209915,0.2732735330027023,0.27327693647365936,0.27327286969037273,0
0.27427466745022583,0.2742642832708516,0.2742788559126478,0.27427600671665375,0
0.2752802653258246,0.2752607939983843,0.2752857171487992,0.2752745773271345,0
0.27628181719035994,0.27627107674664064,0.2762793401458016,0.27627100919846037,0
0.2772741584324738,0.27728684743404663,0.2772763238652735,0.2772783644416432,0
0.2782826286169317,0.2782807566877181,0.278279030372804,0.2782801030832906,0
0.27929129635720545,0.2792789911852941,0.27928028477451283,0.2792845325512593,0
0.28028580790994506,0.2802862154318081,0.2802834739313904,0.28027456525571665,0
0.28128944843894277,0.28127554955431616,0.2812827944586075,0.28127750990203115,0
0.28228196159054936,0.28228392609433384,0.28228388906835955,0.2822843918860535,0
0.28329135183962856,0.28328555095479085,0.28328206250010685,0.2832881037191247,0
0.2842902316367289,0.2842781462452086,0.2842872712846335,0.2842877901479958,0
0.2852837974677685,0.28529216381935185,0.2852845350073501,0.28528591316755264,0
0.28628542092716486,0.2862863641815242,0.2862808049108518,0.2862790860318733,0
0.28729525981260345,0.2872830524805457,0.28728233032554,0.2872765203367193,0
0.28828509347954984,0.28828167283932127,0.288296498364089,0.288293337373735,0
0.2892858485375634,0.28930055146831596,0.28929419811672424,0.2892876651323717,0
0.29027779326171593,0.29030174500315326,0.2902833424279565,0.29028206329655554,0
0.2912964041434513,0.29130349005332296,0.2912982126553838,0.29129411083689155,0
0.29229526606400064,0.2922965593700862,0.29229608693524123,0.29229369824941215,0
0.29329381429881307,0.2932929803276538,0.293289523470349,0.29329188991790894,0
0.2942858295102233,0.2942938025961603,0.2942893513387585,0.29428877634770817,0
0.29529619476605107,0.29530225530672705,0.2952998868783253,0.2952874427922772,0
0.2962913481556134,0.2963010001522362,0.29629138385932857,0.2962951731305463,0
0.29730004755779244,0.297292455575023,0.29729782417482803,0.29729062716982274,0
0.29829529146007855,0.298299897207969,0.2982903333296306,0.2983005006719881,0
0.2992992011103046,0.29930206174907137,0.2993004188699696,0.2993061200014491,0
0.30030092642281353,0.3002981532725947,0.3003009117878155,0.30030301679044547,0
0.3013015456016529,0.3013015042597573,0.3012977913428623,0.30129798679671355,0
0.30229528927594335,0.3023110501860182,0.30229608298612537,0.30229883777631333,0
0.30329971126697547,0.30330777792518804,0.30330182855491183,0.30330954201366667,0
0.3043009368511831,0.30430569927511547,0.304300127569038,0.3043150300499432,0
0.30529936731321017,0.30530685440885647,0.30530847418970997,0.3053073743007926,0
0.3063053798680119,0.3063056572028076,0.3063065253636662,0.30630557129629815,0
0.3073121267028913,0.30731835992231527,0.3073045198483823,0.30730045829240943,0
0.30830786689806655,0.3083212068549966,0.30830428993546843,0.3083165038923355,0
0.3093176978133797,0.3093065413681008,0.30931215422470526,0.309317451292425,0
0.31030841467160536,0.3103092924085098,0.3103074019057406,0.31030523652665687,0
0.311308064923586,0.3113051916099775,0.3113114817286526,0.311307461445156,0
0.3123134812418713,0.3123045328340813,0.3123139667134734,0.31231647995712036,0
0.31330334463510046,0.31331518359616256,0.3133194516582757,0.3133072651082198,0
0.3143226771762485,0.3143164094093612,0.3143107892550355,0.31431403546892606,0
0.31531810694987794,0.3153156953422724,0.3153180090952776,0.31531071194734994,0
0.31631716312043645,0.3163092477438318,0.31631576018600954,0.31631179677810894,0
0.3173136396676044,0.31732349778319335,0.3173227738679203,0.3173203630079219,0
0.31831285675449494,0.3183167362760698,0.3183243838068182,0.3183190269028865,0
0.31933091596701924,0.31932128590851633,0.3193202795649018,0.3193177737369983,0
0.3203209880248442,0.3203195579711384,0.32032386086370374,0.32032510383190427,0
0.32131739137401877,0.3213146651565535,0.32131214029445576,0.32132386127795587,0
0.3223168054892915,0.32231155786935756,0.32232426521534496,0.3223347873199095,0
0.3233232929687656,0.32332751577719554,0.32332373247011603,0.32332282887505737,0
0.32432891970673927,0.3243228729516034,0.3243256612858947,0.3243259328133553,0
0.3253219848730571,0.325330285537073,0.32532445052654185,0.32532154659952783,0
0.32632900887554417,0.32632183398641734,0.32632646723211317,0.32632628073134307,0
0.3273327568051565,0.3273297008184917,0.3273272021925336,0.32733141615882333,0
0.3283352793660734,0.3283311173798601,0.3283283800914275,0.32832176914716654,0
0.32932400376101395,0.32932780320580757,0.3293262817683186,0.3293283944728144,0
0.3303306135799548,0.3303329787941021,0.33032997783644,0.33033276283854945,0
0.33133165370340534,0.33132145399849955,0.3313266346543622,0.3313306108935527,0
0.3323262838586181,0.3323353319759823,0.33233998608649407,0.3323384261415908,0
0.33333226611897865,0.3333407869640176,0.3333340766706193,0.33333164790347775,0
0.33433126732101665,0.3343328219859019,0.3343323934502416,0.33433518641544624,0
0.33533613820524055,0.3353353505654361,0.33533752002618405,0.33534128856670925,0
0.3363410841070135,0.33632891184649405,0.33632356673066177,0.3363410079358925,0
0.33733050294384526,0.3373362135103279,0.33733148677220703,0.33732832743514946,0
0.33834104565197937,0.3383421341141398,0.33833545578633467,0.3383253831268776,0
0.3393366081170981,0.3393412983593664,0.3393319447814955,0.33934025613893826,0
0.34034026379109444,0.34034323679783834,0.3403409382421824,0.34033547499563593,0
0.34134732419884967,0.34134054869347624,0.34134120481864383,0.341336675001546,0
0.34234012593108637,0.3423379183287722,0.3423414776120427,0.34235090088474307,0
0.34333648383762866,0.34333527553635396,0.3433506991949808,0.3433422967249576,0
0.34434099898065107,0.3443495438677813,0.34434131626664566,0.3443534743929121,0
0.34534873497470203,0.3453429057883046,0.3453561318864117,0.3453423167707303,0
0.3463500568232064,0.3463478428092484,0.34635285505279334,0.34635415390233,0
0.34734750736809267,0.3473435802579956,0.34734964720806205,0.34734395877049856,0
0.34835841528458594,0.34834903102500375,0.3483465217405918,0.3483492717498777,0
0.3493426137179017,0.3493444912791568,0.34935535141888907,0.3493460648779545,0
0.3503451157954369,0.35035303361411296,0.35035627887112364,0.35035394511690365,0
0.3513563315897804,0.3513475673759085,0.35134424229801764,0.35135885801961114,0
0.35235073895315816,0.35235109818727006,0.3523589933230616,0.35235513350239933,0
0.3533556327922137,0.35336417836507783,0.3533501357622014,0.35335799255399375,0
0.35435463941997886,0.3543556973157487,0.35436199669648644,0.3543568935331358,0
0.35535804683575056,0.3553607178920419,0.3553535305917076,0.35535115930701866,0
0.3563511323103863,0.3563465245734095,0.3563666373920061,0.35635084031452774,0
0.3573562510892394,0.3573559732908579,0.3573588943908464,0.35736143604342,0
0.35836266072580014,0.3583554429711655,0.3583575227497894,0.35835977125811075,0
0.35935811590372846,0.35936739608723944,0.35936181423411756,0.3593630337482896,0
0.36036367476670367,0.36036622772964777,0.36036126546815384,0.36035387620062054,0
0.36136335980112017,0.36135810457689244,0.36135871827795263,0.36136429318145513,0
0.36236855377771954,0.362362468720246,0.36236390652742534,0.3623708734370855,0
0.3633645671292608,0.3633763717789342,0.3633661909115915,0.3633545595495676,0
0.3643681310724699,0.3643662701562888,0.3643708131281348,0.36436773027112074,0
0.3653646730854454,0.3653592438741839,0.3653643202490789,0.3653611127630943,0
0.3663634637491174,0.3663693092583885,0.36637471588888815,0.3663683397240155,0
0.3673613879520572,0.36736959038070843,0.3673733505248006,0.3673643184528458,0
0.368367698282535,0.36836844180934203,0.368364443876803,0.3683716097705376,0
0.36936876462862633,0.3693714670315889,0.36936493190848035,0.36936718207786773,0
0.3703739822771595,0.37036850620460987,0.3703790051896265,0.3703683721894423,0
0.3713724947950001,0.37137603432553074,0.37136427954270673,0.3713625673273115,0
0.3723647440907995,0.3723786852928895,0.3723696130816429,0.37238516336880073,0
0.3733705521353801,0.37337429612988937,0.37338108392313624,0.3733834038378142,0
0.37438468189225754,0.37438041620552737,0.37437949468700343,0.3743773370091204,0
0.3753792671807562,0.37537261944679373,0.37537128438095824,0.3753753585030883,0
0.37637552545326375,0.37637411023612977,0.37637985831361365,0.37638115290241925,0
0.3773778194118088,0.3773847650277826,0.3773716689318067,0.37737640908008097,0
0.3783747942667754,0.37836904569529306,0.3783779649749492,0.37837776964083647,0
0.3793869466280956,0.37938253343780215,0.37937425844525774,0.37938864984221105,0
0.38038648554885796,0.3803832908688977,0.3803792479598861,0.38037558318419673,0
0.38137952034750106,0.3813868251244799,0.38139080431291106,0.38138909759902273,0
0.38237993813527343,0.38237678429521593,0.38238308681361693,0.38237354018555453,0
0.38338499922195435,0.3833826453704519,0.38338105320087407,0.3833754098680471,0
0.3843869523849172,0.3843817208801861,0.38437853480020584,0.38437002307331797,0
0.3853852478108601,0.3853942466433687,0.3853936916814581,0.3853830999041024,0
0.3863833753260846,0.3863887302576668,0.38638139445919045,0.38638789534588547,0
0.3873912177887793,0.3873935220535068,0.387386886617005,0.3873863690186365,0
0.38838399847545463,0.3883842539866182,0.3883872559939289,0.3883902252159225,0
0.3893939573125206,0.389385373494636,0.3893968528322342,0.38938803377138415,0
0.39039028355391864,0.3903866543319946,0.390378269189089,0.3903948106173722,0
0.3913950756108769,0.3913899847536058,0.39139172634497754,0.3913939710874799,0
0.39238457966310797,0.39238974712900565,0.3923963637157905,0.39238612094527653,0
0.3933948611830542,0.3933866104843703,0.3933957255433056,0.3933932151859819,0
0.3943863187353149,0.39440021809116665,0.3943907214365104,0.39439034313220933,0
0.3953963982413815,0.3954011385821425,0.39539031628630045,0.3953957037946446,0
0.39639854047889805,0.3963998619244327,0.3963972786041728,0.39639456125720096,0
0.3973932594462941,0.3973978281168126,0.39739203670233747,0.3973827906449799,0
0.3984005811974192,0.39840291807260386,0.3983865837362207,0.39839334974487484,0
0.3994024951707044,0.39940968687674794,0.3993995033679378,0.39939575938469324,0
0.40039948591819485,0.4004072747824961,0.40039717057950475,0.4003964044403671,0
0.4013989876837905,0.4013966347583601,0.4014020147529814,0.40140952479369374,0
0.40240401779876794,0.40240114063489174,0.4024009433460578,0.4023945864483589,0
0.40340781895228917,0.40340301421741837,0.40340250100383546,0.40341936894124264,0
0.40440589816894623,0.40440064544915394,0.40440227261642336,0.4044101466329504,0
0.40540597175745813,0.40539821401551385,0.4054100015500783,0.40540206468497775,0
0.4064157728952875,0.406411806646735,0.4064041697969281,0.40641281148821506,0
0.40740774668496005,0.407411671275783,0.40740983107149387,0.4074031756241324,0
0.40840519065924685,0.4084135582124963,0.40840673453174786,0.4084063901660922,0
0.40940463379651265,0.40941152740473735,0.4094197220340056,0.4094040717448381,0
0.4104105315076938,0.4104174715131875,0.4104100122034542,0.41041267226939165,0
0.41140609944377066,0.41141355294689747,0.4114104756900864,0.41141634006138983,0
0.4124183493426702,0.4124253602306225,0.41241531057827846,0.4124140413939953,0
0.4134143853349213,0.41341164758194937,0.41341510583263075,0.4134119364063627,0
0.41441525671929574,0.41442100240209245,0.414409381701588,0.41442011380722005,0
0.41542200099075216,0.4154148250727805,0.4154048061409204,0.41541237630547995,0
0.4164229013891492,0.4164163020761049,0.41641141990525493,0.41641389254181027,0
0.41742162051754994,0.4174201510852584,0.41741622275692153,0.41741558329535833,0
0.4184164596276732,0.4184138063674959,0.41842649529686576,0.41841680681607235,0
0.41942550521202354,0.419427025999679,0.41942441097391014,0.41941726131785584,0
0.4204224390708721,0.42042029944238846,0.4204159019111168,0.42042204221682905,0
0.42141552622246564,0.4214273598183637,0.4214190983349349,0.4214224272197008,0
0.42242383886178014,0.42242112789755387,0.42242535589142977,0.4224200479041393,0
0.4234277799099107,0.4234166935250222,0.42342405532132116,0.4234331180684187,0
0.42441942276780137,0.4244210356995718,0.4244269939636727,0.42442532233333413,0
0.4254271785759218,0.4254278713610762,0.42542859903276825,0.42543097392463525,0
0.4264284755197111,0.4264252201381533,0.4264297892949324,0.4264359258361009,0
0.42742676425869547,0.427422554780904,0.4274329628307738,0.42742682552160766,0
0.42841756508069834,0.4284326655368142,0.42842575178749864,0.4284279757620169,0
0.42943108933108226,0.4294303819278283,0.4294329766885151,0.4294272519975766,0
0.4304329959594213,0.4304291326970425,0.43043412448283486,0.4304335072678505,0
0.4314267542379212,0.4314368613420123,0.43142875161420585,0.43143547172042285,0
0.43243426886899944,0.43244162335081643,0.4324313151025206,0.43243068584845185,0
0.433433336335404,0.43343191753451926,0.43343743314294314,0.4334253518803913,0
0.43442916602233866,0.4344290954198265,0.4344391859723943,0.43444298750129734,0
0.43543491318934274,0.4354345913268195,0.435435785696251,0.4354412448269485,0
0.43643179967076545,0.4364376282813501,0.43644131242458534,0.4364389419072861,0
0.43743838534552043,0.4374424426679003,0.43742392127597246,0.4374408268140351,0
0.4384351680600228,0.43842928527395414,0.4384409944514361,0.4384453067311643,0
0.4394387521968663,0.4394442038121754,0.43944750083072937,0.43944601401170735,0
0.44044864026308733,0.4404441510778958,0.44044081760863496,0.440432430611381,0
0.4414402111290008,0.44143722520846485,0.4414522961550289,0.44144056201237925,0
0.44244305846647636,0.4424451998693227,0.44244266045467434,0.4424509176976446,0
0.44344033019663476,0.44344441648071964,0.44343973109051493,0.44343684333088734,0
0.4444413855989899,0.44444425926045916,0.44444229793332185,0.44444098233954504,0
0.4454384138581271,0.44544502991758234,0.4454379218435753,0.4454492457252639,0
0.4464468586452111,0.4464391586889491,0.44644490040106116,0.44644268566441847,0
0.4474490433199996,0.44745414969967756,0.44743807158509924,0.4474480225778432,0
0.4484476477844706,0.4484518051488307,0.44844951443158965,0.44844468860178976,0
0.44944785417977107,0.4494454693201654,0.4494548294851424,0.44944955600769276,0
0.4504599564038792,0.4504501471463814,0.4504469084166159,0.4504428818784874,0
0.45144243575307014,0.45144353077173643,0.4514527870847065,0.4514539950765676,0
0.45244454649894233,0.45245692764402284,0.45245003714719406,0.4524531864175124,0
0.4534615145565947,0.4534579376500328,0.4534521108002139,0.45344899749232637,0
0.4544436953774478,0.45445085868785823,0.4544533988032603,0.45444951855681864,0
0.45545479917062,0.45545583971487025,0.4554543311755464,0.45545220544255133,0
0.45645729972981625,0.45645866615970426,0.45645100446106923,0.45646351111835515,0
0.45745696451679607,0.4574575517055722,0.4574609985295738,0.4574586235381138,0
0.458463224141628,0.45845989407928445,0.45845539627158527,0.45846026597608447,0
0.45945374082842283,0.45946000225798833,0.4594592933095062,0.4594584188751731,0
0.4604598177729033,0.460451051215233,0.46045771683592174,0.4604609246849662,0
0.46146226074342145,0.4614563230857568,0.4614677900006658,0.4614571305872204,0
0.4624673097484651,0.46246459843427185,0.46245923132591327,0.4624713390169255,0
0.4634574952793047,0.4634680592343315,0.4634684663750537,0.4634601103624181,0
0.46447142679096476,0.46446321423189146,0.46446590793261083,0.4644657660736583,0
0.4654647939217581,0.46546951950683124,0.4654694329090682,0.4654567228055993,0
0.46647298816768085,0.4664581540065263,0.46647162919748814,0.46647209999215056,0
0.4674620126353164,0.4674654133960277,0.467461938944125,0.46746639286231606,0
0.4684669282970475,0.4684723667711298,0.46847502001219904,0.4684754468875224,0
0.4694666586293366,0.46946842336010075,0.4694610522785084,0.469465440119137,0
0.470475294728636,0.4704785483845882,0.47046429872611106,0.4704675081491747,0
0.47147133944268665,0.47147287227726553,0.4714674234538718,0.4714735917766938,0
0.47247010327573713,0.4724724002111181,0.4724752038937125,0.47247250458382156,0
0.47347129154402084,0.47347292542445385,0.47347303165867743,0.47347162341832405,0
0.47447318049416115,0.47448246771032704,0.4744772790717142,0.4744729970728844,0
0.47547896024749803,0.4754738063780267,0.4754813410986634,0.47547732368643647,0
0.47647593996575643,0.4764787150611055,0.4764686220957161,0.4764708426391319,0
0.47747150785244546,0.4774781921929513,0.4774861400524749,0.47748863397820845,0
0.4784816687339857,0.4784809827008532,0.4784694731898077,0.4784757651094798,0
0.47947554056071995,0.47947637524148823,0.4794786387603866,0.479477119026591,0
0.4804705839814286,0.48048422003176106,0.48047511676535176,0.480481676714801,0
0.4814918518948302,0.4814768845585235,0.4814688300438677,0.48148005146037204,0
0.4824879872806575,0.4824922742197536,0.48247633473451024,0.4824849659785987,0
0.4834811569311996,0.48348295374171196,0.48349670520021854,0.4834759686318415,0
0.48448575318279197,0.48448682295034334,0.4844899134161092,0.48448497440025184,0
0.485487025738183,0.48548352724264837,0.4854868311201917,0.485483769524108,0
0.48648959434593575,0.4864846384348062,0.48648837198845596,0.48648634017241804,0
0.4874931177387414,0.48748723051886955,0.48747862232514644,0.4874937970949911,0
0.48848395982698417,0.4884852196567952,0.48848551018201825,0.4884953606789543,0
0.4894788111184196,0.4895051782321578,0.48949476977353484,0.48949060568406016,0
0.4904902160204874,0.49049191826086475,0.49049309610263236,0.4904937165684202,0
0.49149426951382147,0.4914919393948977,0.49149050479938994,0.4914907351250732,0
0.49249151795109075,0.4924981613429768,0.4924954602761039,0.49247779054931917,0
0.4934967729973761,0.49349446717446704,0.49349339994971125,0.49349155090122804,0
0.49450011505809444,0.49449923212680513,0.4944906301061554,0.4944965297559301,0
0.4954906372118228,0.49548859740467155,0.4954923619093725,0.4954998074628574,0
0.4965012621217234,0.496499061923597,0.49650012197543075,0.4964990773879321,0
0.4974942900895214,0.49749965711022087,0.4975014995451236,0.4975012689541466,0
0.49850444306535585,0.49850204001773446,0.49850025573953616,0.49850384924969005,0
0.4994993668932033,0.4994950901262434,0.4994986841646798,0.49949577498627545,0
0.5004971246091257,0.500499777907147,0.5004965384008956,0.5004989606928524,0
0.5014920334281667,0.5015025679700383,0.5015015075288783,0.5014974160583462,0
0.5025057987308447,0.5025071903531906,0.5024944647031807,0.5024986888786097,0
0.5034996577917545,0.503498803987998,0.5035076508777131,0.5035025343728096,0
0.5045031819302979,0.5044944851926825,0.5045076815946555,0.5044983082125302,0
0.5055058051686568,0.5055068923901953,0.5055123087984847,0.5054989614035099,0
0.5064914089457274,0.5065074257542302,0.506515509062414,0.5065127012382712,0
0.5075085558045839,0.5075050493265794,0.5075115431204907,0.507502639776509,0
0.5085108902973553,0.5085110358593044,0.5085138095580459,0.508522306808703,0
0.5095114715893454,0.5095069646913809,0.5095093816379485,0.5095006641299851,0
0.5105070369448551,0.51050846409832,0.5105078900685209,0.5105112722848707,0
0.5115073994118496,0.5115171166648481,0.5115115125468361,0.5115114650099059,0
0.51251087303893,0.5125132884659318,0.5125166380038358,0.5125081768614339,0
0.5135102229310681,0.5135119948833696,0.5135067841588962,0.5135094172242148,0
0.5145121334101468,0.514518886460418,0.5145158273211595,0.5145154824640713,0
0.5155197700053263,0.5155148286565736,0.5155174678397652,0.5155149994067509,0
0.5165178433282636,0.5165136027232284,0.5165043224307252,0.5165158451207056,0
0.517524631258198,0.5175221485945287,0.5175223445049405,0.5175236981711265,0
0.5185189618064733,0.5185195050970555,0.5185154302590413,0.5185169381542384,0
0.5195225983752684,0.5195255389417053,0.5195188222881411,0.5195172685731952,0
0.5205205231603148,0.5205235265542651,0.5205133012464399,0.5205090396157549,0
0.5215187688372741,0.5215154179593919,0.5215189808205333,0.5215207826199274,0
0.5225202562804774,0.5225297848601949,0.5225241562463455,0.5225240248943206,0
0.5235266345592438,0.5235178293579346,0.5235287190824606,0.5235231447020908,0
0.5245278769276107,0.5245191652383593,0.5245167557306943,0.5245286139728146,0
0.5255274075731561,0.5255210152677537,0.5255211772101192,0.5255311526994476,0
0.5265205794670622,0.5265347398912928,0.5265220234228533,0.5265297184861546,0
0.5275258844351488,0.527530543464683,0.5275248069575169,0.5275267135629972,0
0.5285287331244055,0.5285235175912496,0.5285322326502556,0.5285259624606962,0
0.5295283865299528,0.5295245577826564,0.5295167178612356,0.5295285743907164,0
0.5305425936076387,0.53053445355197,0.5305304342286319,0.5305292160763845,0
0.5315316438609956,0.5315342671271074,0.531525627467455,0.5315371031400049,0
0.5325361094391097,0.5325361234611611,0.5325347249112266,0.532532630615821,0
0.5335368978397134,0.5335364926042022,0.5335317633299788,0.533530665524669,0
0.5345350438160108,0.534542279635292,0.5345283389991562,0.5345271969082057,0
0.5355363593397418,0.5355357899740448,0.5355364022438575,0.5355367553015251,0
0.5365354205252634,0.5365439858537295,0.5365285320166442,0.5365323940514126,0
0.5375370212637368,0.5375293215934818,0.5375366582655153,0.5375458448883662,0
0.53853864297098,0.5385396920430671,0.5385322377147126,0.5385354567314983,0
0.5395376635576379,0.5395379509640557,0.5395459477585145,0.5395423279948431,0
0.5405349832507559,0.5405417730644327,0.5405430316492831,0.5405462412857331,0
0.5415494442449744,0.5415364660705824,0.5415374872539855,0.541535253652247,0
0.542541372443247,0.5425448743344148,0.5425474792151255,0.5425421627874243,0
0.5435419443059273,0.5435443023335047,0.5435393678290353,0.543553991237152,0
0.5445365062394089,0.544545468247439,0.5445546625756407,0.5445445785437673,0
0.5455445953503706,0.5455437583184315,0.5455446435871367,0.545552409787919,0
0.5465354872369899,0.5465542137150531,0.5465394267607843,0.5465452132849004,0
0.547545401325446,0.5475504903138964,0.5475395569257882,0.5475498584108779,0
0.5485586700966649,0.5485417326785256,0.5485494970793866,0.5485452386376595,0
0.5495516789855805,0.5495496452884366,0.5495463421150044,0.5495519889109739,0
0.5505595722910995,0.5505495960315919,0.5505541493402614,0.5505440841857612,0
0.5515467693696675,0.5515539135829409,0.5515589721316942,0.5515533296182955,0
0.5525509872623999,0.5525525490095796,0.5525463005138826,0.5525555751291843,0
0.5535579652188651,0.5535512931018893,0.5535512033428147,0.5535548829447018,0
0.5545523709558744,0.5545542238914815,0.5545650531635005,0.5545533194260509,0
0.5555537638547955,0.5555523178465274,0.555559276515413,0.5555546494346895,0
0.556553309691365,0.5565631630767179,0.5565636545715791,0.5565535544387279,0
0.5575482248578008,0.5575625951260067,0.5575541344084287,0.5575615106855534,0
0.55854870803947,0.5585630215452501,0.5585525026989121,0.5585622123791538,0
0.5595596309248988,0.5595547898624627,0.559557524377995,0.5595629911518444,0
0.5605610900328262,0.560563482625463,0.5605704427634831,0.560552739352502,0
0.5615696476244364,0.5615620833412491,0.56155706764132,0.5615549099934328,0
0.5625616169606087,0.5625671708131221,0.5625619248169607,0.5625701183372138,0
0.5635563076851132,0.5635635031188243,0.5635573015963414,0.5635653817229767,0
0.5645689990015151,0.5645624607555962,0.5645515434952815,0.5645655593052986,0
0.5655677492583242,0.5655675870393404,0.5655717444765247,0.5655602102971673,0
0.5665699676470938,0.5665725291041289,0.5665576736286465,0.5665681648256962,0
0.5675650466684125,0.567567159954202,0.5675693059499852,0.567565131424747,0
0.5685651900281727,0.568568739330656,0.5685631323388742,0.5685631394429241,0
0.5695729664359844,0.5695638255993938,0.5695729011320741,0.5695718825260339,0
0.5705619415369266,0.5705671827473089,0.5705765411175858,0.5705656647429149,0
0.57156924955026,0.5715738818760379,0.571575488524118,0.5715703138771413,0
0.572569585021599,0.572579684421881,0.5725812670708915,0.5725774668628264,0
0.5735740001642864,0.5735695322449653,0.5735694213515408,0.5735761861440999,0
0.5745766665656791,0.5745815825675393,0.5745778268250373,0.5745670591730658,0
0.5755808353136642,0.575570585272439,0.5755736557192158,0.5755768265766068,0
0.5765865549140254,0.5765921261693566,0.5765796101918722,0.576575660593483,0
0.5775802501058199,0.5775820158547069,0.5775759742394497,0.5775865536343571,0
0.5785797289323745,0.578581067294024,0.5785819081998388,0.5785806865116316,0
0.579583774282082,0.5795764933136469,0.5795767880708099,0.5795740788084147,0
0.5805827780867338,0.5805844752630982,0.5805828694449113,0.5805889530427474,0
0.5815815536014874,0.5815849252898595,0.5815761230772009,0.5815796460830692,0
0.5825860602713704,0.5825868280931362,0.5825811127478442,0.5825822245863232,0
0.5835759942148502,0.5835817984375795,0.5835880354994011,0.5835864596086641,0
0.5845870879131915,0.5845848334530205,0.5845846199003778,0.5845812829788872,0
0.5855890797276866,0.5855876904503076,0.5855880456798256,0.5855829554113723,0
0.5865758198719873,0.5865920723501453,0.5865841923993065,0.5865822727077664,0
0.5875910549821471,0.5875856275243879,0.5875928872695078,0.5875906726173354,0
0.5885920064352045,0.5885817588100325,0.5885946483085155,0.5885898948412447,0
0.5895877432038934,0.5895903065319263,0.5895807084134251,0.589591632853647,0
0.5905854437330497,0.5905838272391614,0.5905829787946595,0.5905961540324656,0
0.5915884452746231,0.5915992602301412,0.5915889125842764,0.5915830548018036,0
0.5925870099703928,0.5925987716506926,0.5925918131017028,0.5925898511561101,0
0.5935943936847228,0.5935961025072743,0.593599180587673,0.593600836089743,0
0.5945927957513657,0.5945879643561642,0.594592527268789,0.5945958959971276,0
0.5955907768009645,0.5955908098410211,0.5955973145350033,0.5955953523338378,0
0.5965967605815736,0.5965928041199231,0.5965954445930256,0.5965919754308753,0
0.5976020485896532,0.5976027738442712,0.5975883666582864,0.5975929500432966,0
0.5985911159523231,0.5985953484789265,0.5985981814087495,0.5985913503725,0
0.599594990300534,0.5995945798127392,0.5996006359362466,0.5995999463212848,0
0.6005969919128339,0.6006014847049613,0.6005978672001777,0.600599242325049,0
0.6016099688620531,0.6016083039068605,0.6015951036954169,0.601605750263691,0
0.6026066595853751,0.6025968612861589,0.6026066964908213,0.6026102922621946,0
0.6035979908795723,0.6035990160894985,0.6036086919109378,0.6036049610801577,0
0.6046073619859809,0.6046063075506867,0.6046065580842093,0.604597972243963,0
0.6056108421941387,0.6056114535555678,0.6056044586518853,0.6056053882208565,0
0.6065989510690938,0.6066091778803867,0.6066094668938151,0.6066062956515216,0
0.6076132293744069,0.6076059372214526,0.6076104306372371,0.6076025092859141,0
0.6086084908478543,0.6086077368373192,0.6086097351482188,0.6086067609739645,0
0.6096089522466313,0.6096137398454669,0.6096074257884234,0.609601576724106,0
0.6106193585301316,0.610617517881004,0.6106041492971351,0.6106140591496368,0
0.6116090967377589,0.6116129290476883,0.6116130827322567,0.61161043957261,0
0.6126086937842846,0.612609159907351,0.6126080316530351,0.6126084535015714,0
0.6136132777221635,0.6136100348136682,0.6136170238739422,0.6136210498443904,0
0.6146117143484078,0.6146158116371173,0.6146171130401662,0.6146169746259692,0
0.6156159953919552,0.6156193290277074,0.615618026860379,0.615609427303504,0
0.6166209623969385,0.616621053070803,0.6166128001860957,0.6166168063057939,0
0.6176210342625816,0.6176165710485196,0.6176229825078564,0.6176294369800907,0
0.6186146886884555,0.618611713395603,0.6186201377115967,0.6186222264311443,0
0.6196184652877504,0.6196268859229362,0.6196129265906211,0.6196230842127348,0
0.6206175913165168,0.6206292175101517,0.6206305831973865,0.6206167873376817,0
0.621618873835942,0.6216259195610565,0.6216196859683727,0.6216213945655319,0
0.6226227495647253,0.6226130242568416,0.6226225534338921,0.6226191739837522,0
0.6236211580095117,0.623630841783641,0.6236173410891522,0.6236276896495574,0
0.624623229809973,0.6246232258237822,0.6246285764841049,0.6246263248810975,0
0.6256284786906118,0.6256304665489283,0.6256239690837098,0.6256225644419531,0
0.6266212008739939,0.6266224995739768,0.6266413720987531,0.6266328500245303,0
0.6276208722557965,0.6276210153378439,0.6276300369579362,0.6276303639516144,0
0.6286313730478053,0.628627353849661,0.6286280013573287,0.6286302680262494,0
0.6296300590946611,0.629618533127766,0.6296284806314768,0.6296253725974583,0
0.6306315066877252,0.6306455569256436,0.630632468038958,0.6306290629821998,0
0.6316362406391415,0.6316340450710677,0.6316337321040839,0.6316346658845977,0
0.6326429153504567,0.632626978190456,0.6326350007930166,0.6326280007269827,0
0.6336364111968654,0.6336290402010762,0.6336315467995657,0.6336321581840625,0
0.6346395137182314,0.6346392269068544,0.6346284060477524,0.6346349093051896,0
0.6356320877363619,0.6356293431110822,0.6356345505503835,0.6356340932216934,0
0.6366487702190683,0.6366388014357635,0.6366297485491328,0.6366338127666158,0
0.6376427445541147,0.637648079851502,0.6376297077210764,0.6376282380157119,0
0.6386479934645155,0.6386405867095255,0.6386342971749793,0.6386413117840692,0
0.6396264609009445,0.6396396565171727,0.6396412787455039,0.6396442609903373,0
0.6406355711608792,0.6406410690764477,0.6406360135175103,0.640641917559419,0
0.6416371649100298,0.6416396011374458,0.6416366625646677,0.6416448973228507,0
0.6426469348982259,0.6426414695397928,0.6426428338326174,0.6426353996855694,0
0.6436421452604036,0.6436433926205585,0.6436567476090989,0.6436380838085148,0
0.6446519655308384,0.644649628938512,0.6446460478266671,0.6446534377470656,0
0.6456475061730087,0.645647591441624,0.6456453800423806,0.6456517634900577,0
0.6466521289928157,0.6466435182602092,0.6466400504106736,0.6466456317434597,0
0.6476436474548256,0.6476473300247745,0.6476538348383211,0.6476453611393722,0
0.6486484345317421,0.6486489387623228,0.6486528908030597,0.6486374142019787,0
0.6496466161481759,0.649650706068111,0.6496556500444318,0.6496471901374121,0
0.6506412678871204,0.6506537492078804,0.6506474738387065,0.6506447023173552,0
0.651648529924703,0.6516507290248633,0.6516486279283289,0.6516406238213661,0
0.652657137983637,0.6526590270278589,0.6526559102626093,0.6526469642243005,0
0.653652646195984,0.6536536210470776,0.6536566476256015,0.6536569953560972,0
0.6546509837856608,0.6546550646324367,0.6546569410566777,0.6546619337662654,0
0.6556591781883547,0.6556596009390925,0.6556560747887953,0.6556627079513817,0
0.6566587054706364,0.6566523512171057,0.6566636735065072,0.6566601461730193,0
0.6576554424375519,0.6576552601928206,0.6576591405353833,0.657659973581634,0
0.6586596451199869,0.6586602152020259,0.6586671584455316,0.6586640163744198,0
0.659660612837616,0.6596643662125635,0.659654497040142,0.6596616492949094,0
0.6606697071924094,0.6606595704311837,0.6606564224910175,0.6606574002162177,0
0.661656213496475,0.661657737852121,0.6616598091211687,0.6616546338265658,0
0.6626627407543324,0.6626671740485316,0.6626581238817618,0.6626702590822808,0
0.6636662176241064,0.6636688165665918,0.6636603744908944,0.663667936289799,0
0.6646592049951627,0.6646691159021688,0.6646655238613637,0.6646674309207646,0
0.6656597876926376,0.6656611903164543,0.6656686518067569,0.6656609239256446,0
0.6666689826981271,0.6666598309776344,0.66667090753773,0.6666605040500928,0
0.667670429167356,0.6676707958223358,0.6676641838085755,0.667670577800503,0
0.6686699708799854,0.6686659744593877,0.6686636258952483,0.6686588555402103,0
0.6696714179199061,0.6696618456558129,0.6696701463906669,0.6696683524285892,0
0.6706740663845479,0.6706691604431732,0.670669023431739,0.6706743300241921,0
0.671673346961817,0.6716732524514576,0.6716740180096207,0.6716639938110556,0
0.6726764566160726,0.6726757350166427,0.6726675892570297,0.6726714522703042,0
0.6736734771372356,0.6736730011897517,0.6736753429735065,0.6736808305075829,0
0.674680083508313,0.6746681135787075,0.6746777850246262,0.6746813193412724,0
0.6756776097182791,0.6756811305778015,0.6756857370279041,0.6756807942234062,0
0.6766779232196548,0.6766819021190471,0.6766774011158421,0.676676796191893,0
0.6776759206064992,0.6776854947444719,0.677673585534348,0.6776853395163012,0
0.6786811779992974,0.6786716821478047,0.6786805169251436,0.6786681785461405,0
0.6796828072197638,0.6796841058370946,0.6796767178999015,0.6796802974181595,0
0.6806904514678495,0.6806781519471593,0.6806753861427454,0.680688088997693,0
0.6816914946176343,0.6816817001600409,0.6816867389968587,0.6816883890612593,0
0.68267897026152,0.6826802561535059,0.6826888370552485,0.6826911077540763,0
0.6836864980879845,0.6836792846119162,0.6836936189892422,0.6836810288291947,0
0.6846830089957788,0.6846863963738571,0.6846924554867883,0.6846889545645675,0
0.6856877600131874,0.6856880021283362,0.6856859032590289,0.6856884763832582,0
0.6866740388862982,0.6866852036493913,0.6866878932963613,0.6866809316162685,0
0.6876896193042767,0.6876866653315828,0.6876964650661793,0.6876955527863138,0
0.6886863596608431,0.6886879345001309,0.6886883189508607,0.688686430391308,0
0.6896906648146098,0.6896858982793452,0.689684036613015,0.6896928032458092,0
0.6906938383386118,0.6906866691118924,0.6906951674678444,0.6906875328020449,0
0.6916929575178818,0.6916957934117547,0.6916915236288681,0.6916939653962524,0
0.6926901105444733,0.6926917103597756,0.6926916633955383,0.69268895980096,0
0.6936928098228782,0.6936859506021994,0.693691237924958,0.6936922693162269,0
0.6946934137959322,0.6946934872074654,0.6946943858736954,0.6946970919022851,0
0.6957000682810663,0.6956924468695614,0.6956896796914187,0.6956904854736344,0
0.6966942606820907,0.6966949370901075,0.6966928467163657,0.6966902161133754,0
0.6976954170935604,0.6976986048307983,0.6977006728450269,0.6976949105824322,0
0.698696633709588,0.6986940652071545,0.6986985415028468,0.6986944565555278,0
0.6997025653387658,0.69969077036724,0.6996979015513375,0.6997012052363957,0
0.7007016198732823,0.7007141658690206,0.7007024497008235,0.7006956804277165,0
0.7017012243804662,0.7016928204700343,0.7017012987029552,0.7016975364214166,0
0.7027072796540805,0.7026999550013298,0.7027021188731237,0.7026995249134957,0
0.703712397960463,0.7037020974898731,0.7037128664889211,0.7037077744625143,0
0.7047071150383414,0.7047065483704413,0.7047066736911958,0.704695066341808,0
0.7057043112887349,0.7057099314955616,0.7057054612197883,0.7056986797564717,0
0.7067064446844538,0.7067152272342879,0.7067129411652844,0.7067063966866598,0
0.707712464954093,0.7077058751726059,0.7076991883497736,0.707703085377767,0
0.7087165231525513,0.7087073387432996,0.7087074917888119,0.7087072095177274,0
0.7097192303926576,0.7097178395042865,0.709720803610877,0.7097089144836577,0
0.7107121888331545,0.7107031274979636,0.7107180953828413,0.7107048718129544,0
0.7117127955895305,0.7117062251990735,0.7117087673775779,0.7117075253995564,0
0.7127096733364093,0.712710017099197,0.7127099713687381,0.7127168793822717,0
0.7137081893997484,0.7137148164208488,0.7137198035094753,0.7137111477318911,0
0.7147111251202609,0.7147135620915888,0.7147206133407565,0.7147156852528694,0
0.7157130596442427,0.7157181350989716,0.7157102042549665,0.7157191225132679,0
0.7167187597532552,0.716715177674361,0.7167125237877244,0.7167122833121052,0
0.7177203918043995,0.7177238626202302,0.7177145311789827,0.7177200096512355,0
0.7187082835836257,0.7187157956300655,0.7187185634240544,0.7187141703016339,0
0.7197150371878458,0.7197163808219373,0.7197211806833613,0.7197187830746277,0
0.720709529564554,0.7207101172199575,0.7207176863948314,0.720723009153651,0
0.721707984197508,0.7217192230708409,0.7217190904824391,0.7217286634106127,0
0.7227207976136641,0.7227246376676465,0.7227234290084232,0.7227120698903238,0
0.7237275647598069,0.723724800706251,0.7237262650669221,0.7237433549122559,0
0.7247143041600272,0.7247333482079735,0.7247232874871277,0.7247261613692467,0
0.7257254981644992,0.7257236045440587,0.7257228765610845,0.7257273732694035,0
0.7267191408582433,0.7267304796225643,0.7267246457547022,0.7267210763800315,0
0.7277254776634378,0.7277340134738121,0.7277250510522927,0.7277295199958188,0
0.7287250739473502,0.7287325183379784,0.7287321562674227,0.7287379717728952,0
0.7297288519100023,0.7297330730037535,0.7297302200674274,0.729736209088639,0
0.7307271365687926,0.7307344557572951,0.7307297572442502,0.7307304097898452,0
0.731732190494154,0.7317329929337139,0.731731150586516,0.7317328052976475,0
0.7327406233230206,0.7327376599811608,0.7327370785056952,0.7327304550351026,0
0.7337292875295925,0.7337385102365249,0.7337381139676964,0.7337410970871125,0
0.7347317148316048,0.734733586991458,0.7347265373139221,0.7347327723792044,0
0.7357407185882886,0.7357334032588395,0.7357389381347117,0.7357347832202057,0
0.7367383570218778,0.7367309982797877,0.7367371627839849,0.7367217810568822,0
0.7377368032569469,0.7377295853715192,0.7377437677103205,0.7377416247745016,0
0.7387410720936486,0.7387463437698746,0.7387339941561346,0.7387474755547283,0
0.739744400697561,0.7397385569633036,0.7397454178404756,0.7397342082721776,0
0.7407366181699331,0.7407376977921245,0.7407380958522004,0.7407354579525269,0
0.7417478571570773,0.74174044746974,0.7417435042665835,0.7417388899849097,0
0.7427336397262401,0.7427440930295347,0.7427331814678657,0.7427423995725123,0
0.7437369021685496,0.7437536801237399,0.7437483005573546,0.7437442725127001,0
0.744751063278133,0.7447405131648573,0.7447474621416381,0.7447457437969133,0
0.7457470658461524,0.7457521075132463,0.7457494082062596,0.7457471893640598,0
0.7467384723095657,0.7467419465152704,0.7467461332020788,0.7467472136086182,0
0.7477420967291244,0.7477598061311257,0.747755329718024,0.7477507583393498,0
0.7487491089330551,0.7487476877038992,0.7487439891564487,0.7487491361513413,0
0.7497510385124504,0.7497435409468723,0.749751420631836,0.7497489734545056,0
0.7507412117129613,0.7507464488256969,0.7507486827230836,0.7507601891890374,0
0.7517545345173745,0.7517450743439062,0.7517541819331989,0.7517440152318071,0
0.7527581662080222,0.7527503971294937,0.7527522845718091,0.7527593817359904,0
0.7537473179359109,0.7537467681628282,0.753750835757122,0.7537589456480088,0
0.7547471580243773,0.7547405939767642,0.7547524989604627,0.7547575134587543,0
0.7557617570645044,0.7557534399489453,0.7557536986227201,0.755761525259427,0
0.7567474080482584,0.7567548141528809,0.7567577088762064,0.7567590028503632,0
0.7577552087242918,0.7577579299628163,0.7577453161209907,0.7577544665156961,0
0.7587610263023216,0.7587538472885875,0.7587590536798667,0.7587609931212628,0
0.7597580470137555,0.7597606120786147,0.7597549460969333,0.7597587267033613,0
0.7607638118416087,0.7607615456255655,0.760757828104413,0.7607618818427822,0
0.761765334810715,0.761751512055369,0.7617675571320865,0.7617600804880684,0
0.762764890212429,0.762768748997381,0.7627559043942767,0.7627592155577506,0
0.7637623210202844,0.7637598449961581,0.763772438446643,0.7637594799032946,0
0.7647619870308673,0.7647657867099228,0.7647587540171343,0.764762786361206,0
0.765767353032072,0.7657641014637439,0.7657652988314713,0.7657631191052034,0
0.7667591944152209,0.7667683747328236,0.766775541432125,0.7667668587749207,0
0.767768894088354,0.7677712313815434,0.767761421115285,0.7677762803410584,0
0.7687697804127509,0.7687769280532643,0.7687651036037911,0.7687778590783816,0
0.7697736455472399,0.769772534970199,0.7697709398920415,0.7697685271266793,0
0.770776773429063,0.7707714725701199,0.7707609354222528,0.7707651848384622,0
0.7717708425430109,0.7717733217666877,0.7717714888293273,0.7717778666257208,0
0.7727630172634526,0.7727734907124553,0.7727636828766459,0.7727765713342503,0
0.7737733014802015,0.7737758718236338,0.7737694543589708,0.773780171098432,0
0.7747799833980951,0.7747776924962898,0.7747741271885404,0.7747776740612012,0
0.7757722413129358,0.7757800535540709,0.7757840231802473,0.7757811288285756,0
0.7767731287644277,0.7767785838633632,0.776770311069058,0.7767796387283327,0
0.7777800307948421,0.7777684286960801,0.7777719688585583,0.777776362083294,0
0.7787772744800431,0.7787727313941016,0.7787807236724256,0.7787800361468235,0
0.7797788084341198,0.7797760008222789,0.7797850233154119,0.7797880568153452,0
0.7807783629733615,0.7807777199461949,0.7807832368191078,0.780778990633882,0
0.7817810847957785,0.7817854800475404,0.7817722350013443,0.7817883732934061,0
0.7827831461854045,0.78278072531706,0.7827823366120117,0.7827825949295579,0
0.7837751277772665,0.783791258474921,0.7837839904119451,0.783785998794436,0
0.7847895425336376,0.7847796789724969,0.78478715214428,0.7847834465793303,0
0.7857900196396618,0.785775149648684,0.7857852903142846,0.7857827716825068,0
0.78678894810154,0.7867891370077237,0.7867832486573128,0.786783225917466,0
0.787787234460945,0.7877833045766512,0.7877919977062651,0.7877859417517855,0
0.7887742538476922,0.7887869146785057,0.7887835960696845,0.7887806324097115,0
0.7897836026565986,0.7897903368321489,0.789796432993931,0.7897913557121591,0
0.7907877582738496,0.7907930703117666,0.7907884953392397,0.790787317788945,0
0.7917860199784507,0.7917830326477581,0.791789842173259,0.7917925820592414,0
0.7927923096744427,0.7927907129581531,0.7927880640624894,0.7927958340237512,0
0.793787208134194,0.793797673933363,0.7937887827086991,0.793790031617607,0
0.7947874608688417,0.7947922877840603,0.7947996713570872,0.794797372935237,0
0.7958006879063558,0.7957984065085254,0.7957902774466531,0.7957941418496741,0
0.7967928958011512,0.796803449671317,0.7967908128535647,0.7968012652852438,0
0.7978022625671484,0.7978069458988064,0.7977957493648347,0.7978013594085958,0
0.7988102070579814,0.7987957105904141,0.7987911235975611,0.7987893987486292,0
0.7998033633599441,0.7997903840487595,0.799797938204535,0.799801986365735,0
0.8008017266784849,0.8008029280251217,0.8008019122500798,0.8008071951298673,0
0.8017970402198982,0.8017984168261095,0.8017979385045755,0.8018059527608612,0
0.8028073047957448,0.8028050589293994,0.8028087202711373,0.802796912598466,0
0.8038121399243615,0.8038114199969123,0.80380748191379,0.8038127127983477,0
0.8047965216887664,0.8048021825641235,0.8048011282875014,0.8048084122014235,0
0.8058005551021078,0.8058095932815525,0.8058126584865258,0.8058092818203063,0
0.8068082255619251,0.8068018674401023,0.8068025725519762,0.8068130549013333,0
0.8078117045528274,0.807807612710211,0.807805718260079,0.8077976787684422,0
0.8088034545467153,0.8088183659042445,0.8088024065309538,0.8088097562079148,0
0.8098148470296758,0.8098035351964697,0.8098107333621837,0.8098144993874973,0
0.8108108733074204,0.8108251528260891,0.8108024678145165,0.8108161044534603,0
0.8118109478031249,0.811815671412586,0.8118140183475703,0.8118081460308263,0
0.812813957794775,0.8128035233055558,0.8128158290503157,0.8128143036051427,0
0.813817007114657,0.8138191044054393,0.8138156519130149,0.8138145542609128,0
0.8148104094731314,0.8148112537109965,0.8148207484879156,0.8148219964918433,0
0.8158146252636344,0.8158160458295521,0.8158112927439409,0.8158216796000421,0
0.8168201439009353,0.8168265229039992,0.8168124252014309,0.8168149267773217,0
0.8178189750474304,0.8178210502655064,0.8178167394796301,0.8178134530123655,0
0.8188232258564634,0.8188224244956315,0.8188142374483159,0.8188255960328243,0
0.8198256708133658,0.819820491302306,0.8198202178091316,0.8198225901086753,0
0.8208165123054696,0.8208209709782167,0.8208100589030978,0.8208252030990484,0
0.8218140143557097,0.821829338920964,0.821820171221352,0.8218207634869121,0
0.8228196841532924,0.8228213826284532,0.8228299154795485,0.8228103837795402,0
0.8238302086507543,0.8238255139412293,0.8238177887155845,0.8238184472618586,0
0.8248332067899609,0.824820097290425,0.8248190580722718,0.8248305113975366,0
0.8258275185902073,0.8258211361979432,0.8258269089507029,0.8258206970624077,0
0.8268323309338189,0.8268321336816512,0.826829486857821,0.8268286351321331,0
0.8278366337684522,0.8278278262594647,0.8278219184572008,0.8278300751973919,0
0.8288392590640765,0.8288237550313629,0.8288270215149953,0.8288309110590193,0
0.8298295603055847,0.8298249183119278,0.829835439119111,0.8298414300334399,0
0.830831811488126,0.8308263104893822,0.8308230860282056,0.830832120710737,0
0.8318373512185484,0.8318342076705644,0.8318318198126272,0.8318288854735729,0
0.8328273720146693,0.8328370065894645,0.8328374016909398,0.8328251041838993,0
0.8338417830287247,0.8338367041899383,0.8338408318070595,0.8338271231950913,0
0.8348280057140577,0.8348340899882859,0.8348373487569692,0.8348438166389495,0
0.835839366230405,0.8358346224294518,0.8358307039897975,0.8358419858386995,0
0.8368320133097081,0.8368449791796108,0.8368354149135888,0.8368447897471999,0
0.8378412324942881,0.8378371528603906,0.8378352408559787,0.8378361332984511,0
0.8388409804223007,0.8388392246213199,0.8388358697817985,0.8388380106817872,0
0.8398402327249884,0.8398291961693677,0.8398421306804137,0.8398349412337162,0
0.8408350741788249,0.8408324041191053,0.8408318713783516,0.8408340636033254,0
0.8418382967370537,0.8418516081375295,0.8418392124434624,0.8418427305923732,0
0.8428448452497753,0.8428434981687739,0.8428424556255392,0.8428368663740249,0
0.8438510984815852,0.843852879827062,0.8438354305503732,0.8438387237008894,0
0.8448434457931329,0.8448400221558703,0.8448473746726121,0.8448412034838327,0
0.8458566711261849,0.8458517985888176,0.845846908715999,0.8458509807771625,0
0.8468523763489686,0.8468440271094065,0.8468427657606241,0.8468472375621617,0
0.8478521560284703,0.8478485431498411,0.8478399628654368,0.8478438337256281,0
0.8488484789845309,0.8488484705208272,0.8488587115597328,0.8488419189091368,0
0.8498523777960589,0.8498572954153915,0.8498612070985769,0.8498478278627338,0
0.8508533079981144,0.8508536996526369,0.8508518282595087,0.8508503566248447,0
0.8518540317287994,0.8518391906214258,0.8518552621993022,0.8518524827413702,0
0.852851740478369,0.8528630871638314,0.8528494781827589,0.8528508374729075,0
0.8538638116203648,0.8538496935473295,0.8538511032774392,0.8538531187267366,0
0.8548590585272654,0.8548558938673916,0.854848391728119,0.8548521940120392,0
0.8558528190836898,0.8558554697506298,0.855857985074149,0.8558579468846353,0
0.8568479767980867,0.8568621765617946,0.8568581197010868,0.8568637795170948,0
0.8578600788494943,0.8578633644726466,0.8578601905844151,0.8578645889866389,0
0.858861470112039,0.8588583692826266,0.858870221032461,0.8588633040444702,0
0.8598627285819648,0.8598534783377771,0.8598534183217725,0.8598613234372705,0
0.8608615884668497,0.8608577902480359,0.8608615657743589,0.8608688039955011,0
0.8618653388742347,0.8618561568193132,0.8618613043177261,0.8618578370294576,0
0.8628609243632808,0.8628607947845347,0.8628604746349499,0.862856587186003,0
0.8638632255904563,0.8638610608256796,0.8638492166204138,0.8638741287239863,0
0.864870308713136,0.8648629833612402,0.8648649589601136,0.8648590065931283,0
0.8658743444802549,0.8658753523093398,0.8658666493345071,0.8658709835190869,0
0.8668677433007616,0.8668601832396725,0.8668648077500221,0.8668675265067007,0
0.8678655951292741,0.8678667746014807,0.8678674108700803,0.8678674634753786,0
0.8688691301613213,0.8688635658435369,0.8688652837881232,0.8688624459475404,0
0.8698747589476183,0.8698593416351608,0.8698756378215865,0.8698768016168562,0
0.870869359967936,0.8708578551854318,0.8708690643180611,0.8708705499500644,0
0.8718668188807722,0.8718692957799028,0.8718795228478662,0.8718751965076834,0
0.872868250052301,0.8728648848770248,0.8728712377862848,0.8728718055889761,0
0.8738763548698106,0.873871197290311,0.8738764313717506,0.8738835496440741,0
0.8748789523799871,0.8748746344323383,0.8748739591225196,0.874873091509204,0
0.8758817790804382,0.8758727393086462,0.8758761019894209,0.8758761318653853,0
0.8768743679559128,0.8768700145491375,0.8768784917493949,0.8768765718570176,0
0.8778803790802251,0.8778752098763457,0.8778839819843719,0.8778734940089717,0
0.8788874390802989,0.8788701406963297,0.8788810527292016,0.8788812560322915,0
0.8798759020945403,0.8798820018495692,0.8798862774732287,0.8798687957856831,0
0.8808833946049184,0.8808684145267792,0.8808760525568633,0.8808890267127054,0
0.8818789729717149,0.8818760124820598,0.881880892193237,0.8818922214135727,0
0.8828737244716468,0.8828776263333247,0.8828903700412988,0.8828921713946005,0
0.8838833667277624,0.8838776886203712,0.8838943631013929,0.8838918560958425,0
0.8848882796198237,0.8848808228731403,0.8848846397381808,0.8848840830844797,0
0.885887540142409,0.8858931408930766,0.8858902829710916,0.885880499005501,0
0.886893769369137,0.886888452547587,0.8868903222158662,0.8868942195911833,0
0.8878823299866403,0.8878877087599943,0.887885230615131,0.8878800485907611,0
0.8888906224387768,0.8889014466716467,0.8888796885001663,0.8888887274858336,0
0.8898930926045653,0.8898905052808982,0.8898893242496273,0.8898833938080727,0
0.8908920548246057,0.8908871070710058,0.890879941282366,0.8908968638519935,0
0.8918966838209911,0.8918921501967761,0.8918930372653329,0.8918972634819554,0
0.8928940145911768,0.8928974129806667,0.8928914054818885,0.8928994528115858,0
0.8938954978225235,0.8938948641536119,0.8938875435884502,0.8938953286731653,0
0.8948907351203075,0.8948917034812622,0.8948908180167533,0.8948895637202354,0
0.895906519752911,0.8959025525912059,0.8959054977334067,0.8958897814207981,0
0.8968972531656464,0.8968904293587708,0.8968934184225109,0.8968923062619798,0
0.8979040958179301,0.8978959167495073,0.8979032397945663,0.8979009185023458,0
0.8989104170926594,0.8988915016777832,0.8989051950650978,0.8989046311032508,0
0.8998950330057098,0.8999049355665824,0.899901580624715,0.8998987625186001,0
0.9008967812234661,0.9008973053536437,0.9009111499613799,0.9009009043149957,0
0.9019058125519096,0.9018979474049935,0.9018980026371708,0.9019073118259482,0
0.9028961550218451,0.9029008268340634,0.9029030730399582,0.902903459765912,0
0.9039030084374787,0.9039058830028093,0.9039073681826829,0.9039075770916312,0
0.9048999758858616,0.9049034841294153,0.9049108787192143,0.9049093781408428,0
0.9058990416086485,0.9059076633054077,0.9058960147796591,0.9059061405804162,0
0.9069163957419907,0.9069021674433205,0.9069027352916794,0.9069107270558148,0
0.9079001939003318,0.9079047441327585,0.9079108901135958,0.9079047364786694,0
0.9089077290589728,0.9089126298374605,0.9089110166393265,0.9089102430008903,0
0.9099082142985135,0.9099117602154863,0.9099092912465094,0.9099121989379596,0
0.9109084262507854,0.910909998066039,0.9109059611219482,0.9109107358728609,0
0.9119078569075938,0.9119063416796611,0.9119132052176512,0.9119129756107912,0
0.9129168272815876,0.912910757285065,0.9129149531771471,0.9129156669007742,0
0.913916137782953,0.9139097856454999,0.9139146607313252,0.9139157346153941,0
0.9149149508072495,0.914904482526623,0.9149157173630348,0.914925977570112,0
0.9159141157195722,0.9159122755304266,0.9159177826587145,0.9159174778069683,0
0.916922880592744,0.9169106275761374,0.9169205738181798,0.9169198690272231,0
0.9179172071852332,0.9179196113545075,0.9179230652053258,0.917922279494818,0
0.9189132038223585,0.9189230197098527,0.9189185954758937,0.918919283289409,0
0.919920285904875,0.9199191687049759,0.9199258784574055,0.9199195013301207,0
0.920915323190279,0.9209189532716411,0.9209218143945049,0.9209270669948424,0
0.9219249373953466,0.9219176692455282,0.9219343478715053,0.9219232457984768,0
0.9229292998766129,0.922922164350755,0.9229255897191464,0.9229271202654454,0
0.9239300148974826,0.9239292107654508,0.9239282849089242,0.9239223484902679,0
0.9249220661947152,0.9249265879624766,0.9249295905652867,0.9249238113214211,0
0.9259312517857545,0.9259331890096534,0.9259213443213306,0.9259217413224069,0
0.9269262250516324,0.9269284649902678,0.9269243040918581,0.9269336879403213,0
0.9279300482622355,0.9279281251631691,0.9279207483803086,0.9279213488488457,0
0.9289303339751803,0.9289182659507981,0.928933992115977,0.928928138159707,0
0.9299461453947779,0.9299414695111831,0.9299290226845838,0.9299293982449173,0
0.930935908838501,0.9309394467939806,0.9309227407856437,0.9309219990536042,0
0.9319288217579041,0.9319348456198477,0.9319344162998845,0.9319372807892068,0
0.9329269344452911,0.932921352213618,0.9329372230039094,0.9329287919515681,0
0.933923841494612,0.9339346592526637,0.9339378998123751,0.9339333236482734,0
0.934932645693004,0.9349341381237742,0.9349330820211229,0.9349281946993753,0
0.935932362532551,0.935938542335461,0.9359375443286428,0.9359367762349657,0
0.9369319611945276,0.9369360294211262,0.9369260516117047,0.9369378293202564,0
0.937945082226477,0.9379305672772776,0.9379350082995713,0.9379395834718315,0
0.9389452031521112,0.9389366978158575,0.9389354776872927,0.9389290943232269,0
0.9399404571305865,0.9399501503201407,0.9399413267322498,0.9399398285450441,0
0.9409425513524948,0.9409408854809213,0.9409368758690796,0.9409450573405194,0
0.9419430707495575,0.9419420300082015,0.9419370651118055,0.9419484594816016,0
0.9429462664566696,0.9429401783387561,0.9429479520672113,0.942940455088751,0
0.9439400339264814,0.9439401454283566,0.9439350886011786,0.943946301655846,0
0.9449357892205533,0.9449388027257887,0.9449345670048995,0.944944514596481,0
0.9459451943436445,0.94594431246488,0.9459407330574726,0.9459400847771787,0
0.9469492687962646,0.9469441941872884,0.9469485287385546,0.9469425207035163,0
0.9479488532616618,0.9479544643381345,0.9479508787769498,0.9479458858788569,0
0.9489502349438008,0.9489477456230764,0.9489489883498725,0.9489473208936883,0
0.9499491282739205,0.9499510104167154,0.949944983156452,0.949944870555815,0
0.9509440082381818,0.9509429495954285,0.9509448645374898,0.9509517482634849,0
0.9519474880143745,0.951954520024273,0.9519521255206956,0.9519421094308848,0
0.952956227830874,0.9529570069461809,0.9529479836395788,0.9529550539106674,0
0.953949671462767,0.9539544423058377,0.9539476314619192,0.9539449884216913,0
0.9549530408690069,0.9549543363102236,0.9549529665564869,0.9549490348021639,0
0.9559539564606453,0.9559573024297189,0.9559557314908054,0.9559568684611089,0
0.9569536063809546,0.9569628155465305,0.9569510760902742,0.9569593947584424,0
0.9579638674134227,0.9579603624984216,0.9579569453368226,0.9579553164727246,0
0.9589641393972143,0.9589518440843326,0.9589541083376572,0.9589569711701316,0
0.9599661482287475,0.9599618587981402,0.9599551197311674,0.9599584084214331,0
0.9609578893452405,0.9609574120159998,0.9609658554087538,0.9609541022453146,0
0.9619700058662406,0.9619661031104129,0.9619674162703149,0.9619596472644018,0
0.9629622132593675,0.9629557972038902,0.9629603396509275,0.9629654312372011,0
0.9639704442792729,0.96395842817988,0.9639621364342791,0.9639632074678628,0
0.964957986018954,0.9649679217111737,0.9649613450133062,0.964963988013209,0
0.9659637062191064,0.9659620192734374,0.9659659307410385,0.9659648879180731,0
0.9669651076775555,0.9669633246588585,0.9669685645903209,0.9669752350533094,0
0.9679686674041321,0.9679729485590425,0.9679610168583421,0.9679687567751644,0
0.9689634821273742,0.9689615843443313,0.9689652721119317,0.968974928465641,0
0.9699747200491133,0.9699711849935803,0.9699623064671705,0.969968988566713,0
0.9709724794710155,0.9709718486521188,0.9709617520030536,0.9709665193817308,0
0.9719716515831512,0.9719746534265196,0.9719609913328664,0.9719711613520945,0
0.9729736882168223,0.9729772210329155,0.9729764372608941,0.972975885829567,0
0.9739699742714405,0.9739644339632884,0.9739720087101887,0.9739789821331001,0
0.9749819422476126,0.9749785277204864,0.974977121679089,0.9749768731732169,0
0.9759731953822421,0.9759753256745082,0.9759843213236051,0.975971263185947,0
0.9769850508709305,0.9769753668362045,0.9769836041375224,0.9769699429019294,0
0.9779809074989837,0.9779742941272982,0.9779709016420183,0.97797907064819,0
0.978984026337922,0.978974754271786,0.9789714838991768,0.9789785197551574,0
0.9799795428033361,0.9799827215781177,0.9799847279528369,0.9799796829040737,0
0.980990258497555,0.9809821021547036,0.9809792488484509,0.9809729231441855,0
0.9819806686843804,0.9819803000472549,0.9819867835059634,0.9819842944001023,0
0.9829770861373748,0.982983844254915,0.9829863406388416,0.9829906231397798,0
0.983988421503821,0.9839877882172555,0.9839842844139571,0.9839859255440111,0
0.9849912325094885,0.9849783210979975,0.984983237788349,0.9849811221412412,0
0.9859878817515796,0.9859921370968642,0.9859830011145524,0.9859740344641487,0
0.9869849258832618,0.986991554355647,0.9869896751365017,0.986989127918226,0
0.9879865880214785,0.9879815928343069,0.9879905644595961,0.9879838165789377,0
0.9889999094726559,0.9889918415250308,0.9889860857474763,0.9889859320627521,0
0.9899895252689569,0.9899887924803799,0.9899955741588676,0.9899909220708387,0
0.9909873328322965,0.9910004431944167,0.9909912375326486,0.9909948351893708,0
0.9919889508594547,0.9919938075701307,0.9919935475419477,0.9919825437455315,0
0.9930030693685453,0.9929994462152977,0.9929910070164123,0.9929874816442907,0
0.993995731802063,0.9939944274824911,0.9939957723387368,0.993994951880975,0
0.9949975261999415,0.995002231523492,0.9949978355110206,0.9949897467175004,0
0.9960028088102595,0.9960041990688134,0.9960117562796685,0.9959903785258297,0
0.9969982114070627,0.996986586503481,0.9969997627427788,0.9969942559955062,0
0.9980076152269721,0.997994124923148,0.9979895520828083,0.9979956416792946,0
0.998989121560143,0.9990027544962715,0.9989886735837678,0.9989991412869049,0
0.9999896109409007,0.9999983985109773,1.0000082168907791,1.000001803239457,0
0.009995682531975176,0.009999843982555304,0.010000090084360222,0.010002363151729218,1
0.010994166709184598,0.011003963837370238,0.010987479042842987,0.010997851578239182,1
0.011999560632789744,0.012005168636132359,0.012002115156265387,0.011994974186732722,1
0.012998078037373918,0.01300399640305074,0.013002607666293681,0.013000107382454825,1
0.014001599835056444,0.0140074848439898,0.014001415541139659,0.014003563547783858,1
0.015015854687945408,0.014997886591820586,0.014995745791347131,0.015008922953328998,1
0.016002612790699533,0.016004414818367292,0.01600210022411535,0.01600470700530217,1
0.01701499969756749,0.017011017649300096,0.01701131812456644,0.016999925871728043,1
0.018002252239325247,0.017993812614710582,0.018003961103902597,0.018012791523939937,1
0.01901159374158775,0.01900790144269425,0.019008897507590418,0.019005564581296132,1
0.020011033804422016,0.020013839401407413,0.020001930576072954,0.020011508248449196,1
0.021015673185365784,0.021008935509566194,0.021014514514071613,0.021025084283233374,1
0.022011490298047078,0.02201397854726204,0.022008321726593706,0.022012918267825025,1
0.023015314371137924,0.023013987224714365,0.02300791453641447,0.02301404482186964,1
0.0240213249937076,0.024016257192836586,0.024018823949959373,0.02401282895416395,1
0.025018764516212134,0.025016411354206097,0.02501026046136658,0.02501660762003901,1
0.026011057532698816,0.026012851614641595,0.02601696265755248,0.026017502237382917,1
0.02701107085469163,0.02702228694587293,0.027019877048408518,0.02701349337483896,1
0.028010330094035772,0.028017293495122608,0.028015788299448712,0.028018583720303282,1
0.029017203435713245,0.0290089817347153,0.029017077284327515,0.02901749092346368,1
0.030023188325143894,0.030016529021646966,0.030028413393386886,0.030010461817266763,1
0.031027576858510035,0.03101989942616663,0.03102531894538274,0.031021420028441316,1
0.03202771979970215,0.032020085212199255,0.032016528919896134,0.032029124543458375,1
0.03302245561979362,0.03302413081539115,0.03302919678259325,0.03301786324681255,1
0.034027001478512224,0.03402107455024171,0.0340233631772458,0.034024385418850944,1
0.03501752391571779,0.03502113083981092,0.035031780389487094,0.03502945598096795,1
0.036025712828139385,0.03602724164331859,0.03602455481349784,0.036032808942955165,1
0.03702602526413806,0.03702818623748771,0.03703275717774774,0.0370231401696028,1
0.038035821973950515,0.03802037572097931,0.03803617623868359,0.03802616465010827,1
0.0390278155352899,0.03901957897817311,0.03902675505544214,0.039023829996373896,1
0.04002699179830316,0.04002934347520108,0.04003481898810239,0.04003106804678703,1
0.04103256941429804,0.04102555343408681,0.04102662726058302,0.04104002465612279,1
0.04202835602685822,0.04204031307329232,0.04203081672603763,0.04203204347171275,1
0.04303838485883418,0.04303939249514273,0.04303247897023164,0.043031091817765425,1
0.04403375443179142,0.04403572382167519,0.04403849055246838,0.044034055183329,1
0.045038129466525155,0.045043226833696395,0.04503694158309636,0.045036593299315066,1
0.046028441481910584,0.04602288238535189,0.04603797791468219,0.04603556191487963,1
0.04703446312366246,0.047038254688057966,0.047036735018391056,0.04704267593829021,1
0.04803846859237934,0.04803430342161269,0.04804298886923284,0.04803695238266331,1
0.0490416717224574,0.04903665198550808,0.049035789904611556,0.04903945988018997,1
0.05004010418325776,0.05004243917521688,0.05003869681127349,0.05003085824112119,1
0.0510388771716231,0.05104501013337676,0.051039554160644825,0.05103980912402847,1
0.05204697392457157,0.052038482175905745,0.05203432802595082,0.052041238886444414,1
0.053040622173286804,0.05303821181144428,0.053042166150763556,0.05304550057127928,1
0.05404399760123621,0.05404557894940748,0.054053111082536624,0.05404232964973626,1
0.055046436788218266,0.055042498978232046,0.05504081324644561,0.05504212050677795,1
0.05604365225318844,0.056047843425033786,0.056057791424979554,0.05604246582886467,1
0.05704496392051897,0.057046731431981496,0.0570490260412906,0.057048364801106824,1
0.05805446852701779,0.05803591608769537,0.05803611339869707,0.058045568657188,1
0.05905453554998677,0.05904122080889102,0.05903401088735058,0.05905190494608015,1
0.06005126833616856,0.06004459900801605,0.06004512235204644,0.06004520133145187,1
0.061051603727638425,0.06104791947467014,0.06105352137064593,0.06103677791773653,1
0.062047767792726416,0.0620464217822475,0.06205077034866019,0.0620493618132596,1
0.06305704227195252,0.06304375636919475,0.0630532805104347,0.0630558447351691,1
0.06406333729123687,0.06405164522419858,0.06405567634707582,0.06404503474009124,1
0.0650430952740335,0.06505927892693397,0.06505502725358682,0.06506094761850405,1
0.06604918904161121,0.0660586555667537,0.06606540014525877,0.06605815458409783,1
0.067058439964585,0.06705709983746118,0.06704920264977143,0.06706383492173561,1
0.06805500376985903,0.06806058047433997,0.0680502428865252,0.06805216075973551,1
0.06906623449605517,0.06905732254761426,0.06906632543643927,0.06905866790576376,1
0.07005085057119527,0.07006452039805872,0.07005711059847128,0.07006355350412764,1
0.07106118711539876,0.07105334546992134,0.0710618825348879,0.07107204217677182,1
0.07206452699435463,0.07206177447329704,0.07206743877907185,0.07206311540438808,1
0.07306411073421437,0.07305760493720226,0.073064232303192,0.07306824028014514,1
0.07405988375330357,0.0740711865431703,0.07406360553394334,0.07405962521650637,1
0.07507005322544967,0.07506363109388638,0.07506886263950249,0.07506360627190377,1
0.0760657669353484,0.07606853386708773,0.076067520551354,0.0760560884071638,1
0.0770614608483666,0.07707171411699101,0.07706640638412256,0.07706444841055321,1
0.07806127519799176,0.07806266938646167,0.07805795907486825,0.07806756166447455,1
0.07906607688116615,0.07906423612961413,0.07906872845194322,0.07907088892222333,1
0.08008053605973112,0.08006251065297225,0.08007586697528657,0.08007493557787514,1
0.08106717560737417,0.08107208725084399,0.08106878290482437,0.08107199951397315,1
0.08207961772713909,0.08207510010323522,0.08207461511393824,0.0820699205254723,1
0.08306565278974845,0.08307203073202037,0.08307910611384739,0.08306543723379012,1
0.08406879862723318,0.08407470541275523,0.08406915080014983,0.08407011145683849,1
0.08507295708216643,0.08506824698805412,0.08507020446584398,0.08507859221465901,1
0.08606953922716493,0.0860680867154036,0.08607292595117841,0.08607973585358862,1
0.08707609246803709,0.08707475417168649,0.08707729887106465,0.08706834853991277,1
0.08808055160634695,0.0880799952532351,0.0880760315357076,0.08808310770063706,1
0.0890734415985843,0.08908471862404534,0.08907985154740704,0.08907739631612968,1
0.09007998071190323,0.09007954375625102,0.09008618149456216,0.09007469668444272,1
0.09107726848488534,0.09108626259554144,0.09107810340640517,0.09108558374646773,1
0.09209057926199711,0.09208007310694737,0.09208548889371496,0.09207631362067538,1
0.09308685674957341,0.09308408020301301,0.09308544827449387,0.0930798552227229,1
0.09407577866700624,0.09408660034440781,0.09407376706832167,0.09408249733162286,1
0.09508979099441718,0.09508604457376445,0.09509482679830902,0.095090210630848,1
0.09608281659414446,0.09608622265298535,0.09608584923257336,0.09607817520226936,1
0.09708238509250465,0.09708428328255218,0.0970769059845728,0.09708732455442834,1
0.09808684272886482,0.09807972361858153,0.09809010915241446,0.09809166745181154,1
0.09909022426148341,0.09908746874821305,0.09909204629984784,0.09909249019089147,1
0.10009162710793867,0.1000859670288379,0.10009147309391764,0.10009606749334421,1
0.10108810794579803,0.10110158078778675,0.10108846293642117,0.10109125312615778,1
0.10208872966411206,0.10209320844627169,0.10208338098362892,0.10208936188309801,1
0.10308763248709134,0.10309376978483255,0.10309806532997064,0.10309632312402865,1
0.1040822357972898,0.10410430444235873,0.1040955704937972,0.10409021159839163,1
0.10509588073469003,0.1050959760442076,0.10509176085151033,0.10509608467843179,1
0.10609305873465799,0.10609407428613264,0.10609266470041731,0.1060889327396474,1
0.10709782627944818,0.10710002359427968,0.10709967151507747,0.10710119672336027,1
0.10809971979914816,0.108095434470607,0.10810229641742025,0.10809131051039889,1
0.10909459574218654,0.10909427809874198,0.10910449937939479,0.1091038130416698,1
0.11010253662628532,0.11010545974942615,0.11009570368618803,0.1101018430756994,1
0.11110047522895918,0.11110533551162052,0.11110052497993833,0.11109917638665905,1
0.11210480664469491,0.11210648294793805,0.11209876037612787,0.11210179672374533,1
0.11309781089993488,0.11309061279801563,0.11310410540126016,0.11310614762988437,1
0.11410541443814953,0.11409435629551533,0.11410234985695372,0.11409301236530384,1
0.11511195361064337,0.11509967483219452,0.1151113821231524,0.11510983445332353,1
0.11610160315434341,0.11610044218134975,0.11610785795718803,0.11610188448592018,1
0.1171076195303179,0.11710469296915307,0.11709820131503478,0.11709595476701148,1
0.11810924152935058,0.11810530031937645,0.11810534265902353,0.11811158742730357,1
0.11911497632049227,0.1191077463855023,0.11910740611557455,0.11911160982427467,1
0.12010332543226161,0.12011122587538385,0.12011286953996922,0.12011351126115219,1
0.12110142734759859,0.12110730433476205,0.12110671979484698,0.12111161054588315,1
0.12211451583501094,0.12211959566414933,0.12210963728471026,0.12210962424962056,1
0.12311886147320751,0.12311459599780576,0.12311945137066906,0.12311455675312816,1
0.12410832853102054,0.12410744847234022,0.12410635655286881,0.12411742437328789,1
0.12512105809923055,0.12512436192582205,0.12511933064177672,0.12512092930800278,1
0.12611321603445286,0.1261103340370324,0.1261203665127782,0.12611820451987732,1
0.12711765433898883,0.12711905397452028,0.12711873304452942,0.1271235362014164,1
0.1281245930460422,0.12812083921987982,0.12812234713248094,0.12812068843088026,1
0.12911681327045893,0.12912290194249368,0.12911214664377482,0.12912438857688058,1
0.13011414750542127,0.13012154913655408,0.13011589435032797,0.1301228870650355,1
0.13112095149499148,0.1311131473413303,0.13112322461927622,0.13111823151723695,1
0.1321265278557262,0.1321221287505658,0.13212409922704907,0.13211733427734704,1
0.133120176461966,0.13312082992994262,0.13312740663552436,0.13313151000856216,1
0.13412009826536542,0.13412950836484744,0.13411327573703552,0.13411815317711867,1
0.1351203312328442,0.13511836258167795,0.1351172071831762,0.13512719011968582,1
0.13612505578763748,0.13612802315311415,0.13612957848955673,0.13612745421109199,1
0.13713041594300787,0.13712677946569593,0.1371211921601856,0.13713241619803124,1
0.13812518256746423,0.13812345014663432,0.13812723853874911,0.13812356407353166,1
0.1391270419772192,0.13913084939873696,0.13913087083782538,0.139124639978797,1
0.1401276916032654,0.140135501795154,0.14013261213071881,0.14014050545532689,1
0.14113703177199982,0.14113685259647393,0.14112419178837884,0.1411349504328893,1
0.14213186659812366,0.14212937722311444,0.1421329722088348,0.1421368581898052,1
0.14313563729108816,0.14312874076412643,0.1431368454277011,0.14312994519542277,1
0.14413521754972897,0.14413261738379676,0.14413303980287548,0.14413796534900936,1
0.14512993416653608,0.14514486111050653,0.1451260297047887,0.14513214679671887,1
0.14613798719558585,0.1461390577069683,0.14613563375753327,0.14613584918262112,1
0.14713918988756378,0.14713598178974985,0.14714410304342682,0.14714133388270828,1
0.14814250225989317,0.1481333073545213,0.1481377411960161,0.14813663580839453,1
0.1491341111322607,0.14914093996005887,0.14913645091035024,0.1491424161582884,1
0.15013478918232567,0.15014873534320436,0.1501356584768472,0.15014123665182616,1
0.1511451004376931,0.15113828793899017,0.15114540348435831,0.15113499522315216,1
0.15214940273063804,0.15214221288846697,0.15213916008510228,0.15214064623328,1
0.1531471877394901,0.15314022086668388,0.15313939635469603,0.15314203546015523,1
0.1541382593335803,0.15415324686368387,0.15414131217118807,0.15414830222807505,1
0.15514619249556338,0.15514022247489276,0.15514511537159908,0.1551490651590417,1
0.15614520483947072,0.15615211171087542,0.15615125372311006,0.15615074072041946,1
0.15714484886328578,0.15714174793490823,0.15714407920912032,0.15714812835185046,1
0.15815087708171582,0.15813729029112433,0.1581481075821401,0.15814893859427476,1
0.15914776142786757,0.15915560551834423,0.1591512580495204,0.15915570010868957,1
0.1601490703475484,0.1601548375376127,0.1601583254821228,0.16015670861739653,1
0.16114569044318403,0.16114988277076345,0.1611494253276239,0.16115359742382654,1
0.16215558391992724,0.16214795768878204,0.16215249134472176,0.16214205251549138,1
0.16316036287818217,0.16315059128194978,0.16315343247285238,0.16315160490458322,1
0.1641598842920292,0.16413996662194716,0.16415407110244254,0.16415362506036668,1
0.1651528869732172,0.16516378628788334,0.1651507185078609,0.16515901413604134,1
0.1661579374200997,0.16616246375241886,0.16615282021073227,0.16615249131166054,1
0.16716263750669455,0.16715928376369882,0.1671494324704238,0.16715446063208486,1
0.1681600900714274,0.16816234697926588,0.16815476200489218,0.16814358687820907,1
0.16916177527508786,0.16915305755570945,0.16914907246516855,0.16914499752953424,1
0.17016423006446116,0.1701608032474122,0.1701590318782566,0.17016710528197498,1
0.1711643477845763,0.1711692426613748,0.17115419748380034,0.1711609884080414,1
0.17215407859528745,0.1721610152505029,0.17216091908289335,0.1721652952303485,1
0.17316339098256886,0.17316628019885455,0.17316668036382885,0.17317393780655008,1
0.17416258768088774,0.17415945905066083,0.17416539458224076,0.17416015276402846,1
0.17517257496900734,0.17516374907497045,0.1751623372833258,0.17516280858655942,1
0.17616975825328354,0.17616537743125002,0.17616295783206554,0.1761744929257543,1
0.17716288631796387,0.17716734499753733,0.17717042869792524,0.1771590104916151,1
0.1781705694706752,0.17816289262979076,0.17817228208207234,0.17816335491310856,1
0.17917263301432843,0.17917469833450064,0.17917347635179734,0.17917042575241035,1
0.1801690136654555,0.1801672880722885,0.18017752534362427,0.18016667269406933,1
0.18116598584080332,0.18117449801584634,0.18116719048715524,0.18116642085368384,1
0.18216495415086134,0.18216975762297488,0.1821717585970527,0.18217338763081048,1
0.1831779297043947,0.1831758076627915,0.18317221881207543,0.18317218219479128,1
0.18417672496151874,0.18418053702498882,0.1841748057451716,0.18417182851990313,1
0.18517021084516974,0.18516794914885312,0.1851785065235354,0.18517806506779338,1
0.1861790629938017,0.18617553287894442,0.18618321084990563,0.18617375558370325,1
0.18718195352336323,0.18717698346270223,0.1871741354233538,0.1871801398287138,1
0.18818022635877163,0.18817996304197454,0.18817858457028847,0.1881779887127696,1
0.18919112103914354,0.18918510046240516,0.1891827933136541,0.1891797381749702,1
0.19018521596618315,0.19018277015406213,0.19018031120394405,0.19017866235855385,1
0.19118077659449287,0.1911653290525018,0.19118223418537766,0.19117873880078062,1
0.19219014553217362,0.19218227890253625,0.19217623736508452,0.19218193278141155,1
0.19317795257775788,0.19318555022026176,0.1931846379200049,0.19318797238133875,1
0.19418022977522573,0.19418435422466535,0.19417735907520708,0.19418769165809383,1
0.19518777954108738,0.19518766421029032,0.19518519328034198,0.19518725904963913,1
0.19619420788172773,0.19618476071490099,0.19618687941210475,0.19618075555469028,1
0.1971828458823792,0.19718767625365266,0.1971927068549207,0.19718590578306594,1
0.19818700860554164,0.1981861537619657,0.19818551440483398,0.19818966304546676,1
0.19918170290096332,0.19919559388707253,0.19918586207769856,0.1991927987066164,1
0.20018384019720323,0.20019353439084292,0.20019354991322927,0.20019211120055022,1
0.2011862190485822,0.20119243893213917,0.20118527591026752,0.2011899273749157,1
0.20219733925769698,0.20219617570182755,0.2021922681069049,0.2021873181593126,1
0.20319642113175407,0.2031932900993817,0.20318159161520205,0.2031971063423248,1
0.20419407303002488,0.20420020645043413,0.2041887178416,0.20417831067512823,1
0.20519659061448692,0.2051966530135786,0.20518674183705715,0.20519030269746585,1
0.2062099722849148,0.20619466814312543,0.20619985099107807,0.20619294289705936,1
0.20718674568270293,0.20719634590596323,0.20719586917439578,0.20719519780600387,1
0.20819762499402067,0.20819951953955643,0.20819744761344194,0.20819187816735849,1
0.209201630123157,0.2091894523404226,0.2091889474119128,0.20920289510167273,1
0.21020273530156086,0.21019991322337483,0.21019322295767642,0.21019666064549683,1
0.21119988746746277,0.21119322173135832,0.21119750605791107,0.21120446285289207,1
0.21220933872902364,0.21220010502843892,0.21220598464397378,0.21219263190184928,1
0.21320650045940878,0.21319918346112957,0.21320473993128675,0.213201964441112,1
0.21421080627425312,0.21419983202596252,0.21420734223569202,0.21420280666688774,1
0.21520441367781518,0.21520428593573943,0.21520097683968276,0.2152051347103757,1
0.2162058929650956,0.21620741240744823,0.21620662873193466,0.21621019617895426,1
0.21721182475028744,0.21720195409059806,0.21721155106971016,0.21720127552507165,1
0.21821114748764892,0.21821130690213172,0.2181986516237499,0.21820867310444086,1
0.21920686672864242,0.21920541538291954,0.21921596347086272,0.21920594081350603,1
0.22020617832556463,0.22021058868491025,0.2202136381589417,0.22020950196728017,1
0.22121704306393955,0.22121386608952104,0.22120032015461255,0.22120856387639368,1
0.22220940300171546,0.22221460901697937,0.22219908812693034,0.2222249572607558,1
0.2232158683436877,0.2232139575972328,0.2232191210517953,0.22322493148347727,1
0.22421856794743716,0.2242189582796966,0.22421486766433654,0.2242135065854474,1
0.2252128362379952,0.22521108465525666,0.22521178014471674,0.22520846243539352,1
0.22621583685896282,0.2262077928783301,0.22621717079883696,0.22621603456317602,1
0.22721795189370914,0.22721460655936712,0.22723260151906813,0.2272240177967181,1
0.2282119955057178,0.22821938255865534,0.22821517818750353,0.22821314581958468,1
0.2292125188588636,0.22922138030267303,0.2292158123180439,0.22922405834933934,1
0.2302251891312929,0.2302270897921463,0.23021595828638985,0.2302225970482737,1
0.23122438349230445,0.23121885033034573,0.23121736236143428,0.2312292688245501,1
0.23222335970160088,0.23222540206097578,0.23221811184216307,0.2322161257998896,1
0.23322037597435077,0.2332226031162863,0.23321790212318913,0.23322317399917997,1
0.2342157816982839,0.23421862398711188,0.23422757878046563,0.2342272431768256,1
0.2352232658413983,0.23522013640367986,0.23522008820746762,0.23522335888399554,1
0.23622944881868446,0.23623086745468297,0.23622374356754883,0.2362204587640963,1
0.23722856644541657,0.2372231095523741,0.23722463596403293,0.2372338536076794,1
0.23823236380537105,0.2382290180997895,0.23822186863322267,0.2382292852110656,1
0.23923454251568319,0.2392273510609004,0.23923598479967917,0.23923569295567682,1
0.24023854889439095,0.2402317564458629,0.24023316718872928,0.24023730116667188,1
0.2412334682009166,0.2412287250606923,0.2412289885170486,0.24123242400600012,1
0.2422257794251225,0.2422315159376554,0.24223771496782337,0.2422212759629764,1
0.2432409056437422,0.24323884510432675,0.2432309344101541,0.2432359501873726,1
0.24423424997286877,0.24424038418607644,0.24423914764994809,0.24422723388061832,1
0.24523817154730257,0.24523420709596702,0.24523564939808784,0.2452315943757304,1
0.24624497692158184,0.24624143654533576,0.2462325373804164,0.2462295631832017,1
0.24723530887408238,0.2472394097504677,0.247238438266457,0.2472435029013611,1
0.24824218783684915,0.248243086083367,0.2482398725152413,0.2482312917445872,1
0.2492382607465835,0.24924453968793878,0.24923898162459662,0.24924175469108237,1
0.250238646498664,0.2502350911809975,0.25023962351991996,0.2502417854774554,1
0.25123796280264393,0.251240062685017,0.2512365439250313,0.2512468374658291,1
0.2522407699634543,0.2522495060199679,0.25224988598149495,0.25224183701241865,1
0.2532382009995805,0.25323281375385454,0.2532358830578781,0.2532363740691187,1
0.2542511365923816,0.2542448233671804,0.2542461922668647,0.25423314213919956,1
0.2552392554130991,0.25524968064412745,0.2552466791158071,0.2552445092188518,1
0.25624907045803924,0.2562544252352769,0.2562451410339286,0.25624659309525954,1
0.2572482102318409,0.2572592077954236,0.25723675046592515,0.25725066336232116,1
0.25824767423700445,0.2582510821068792,0.2582449613854783,0.25824800342309395,1
0.2592528063021466,0.25926481380025446,0.25925328943019627,0.25924500892125907,1
0.26024813145184017,0.2602479831797084,0.2602412720343871,0.26024859979929177,1
0.26125491539666035,0.2612448800906559,0.26125649366450654,0.2612536901253567,1
0.26224858108564236,0.2622515446040655,0.26226024386129043,0.26225591999131975,1
0.2632532971715278,0.26325206483666846,0.26325363629860554,0.26325069443546356,1
0.26424373050672567,0.2642644651438069,0.26425503087925023,0.26425624499057987,1
0.2652549657165059,0.2652515796712517,0.26525432563285056,0.2652472582814443,1
0.2662676416887465,0.26625008369626413,0.266251096424837,0.26625405496023435,1
0.2672636976358815,0.26725732980225353,0.26725107657827707,0.267263528949061,1
0.2682619132613922,0.2682609504330444,0.26826183692946415,0.2682702300677612,1
0.26927018473373443,0.26925582568254425,0.2692673786842233,0.26926117510020803,1
0.270262755739341,0.27025179890610207,0.27025940833143336,0.2702561961423086,1
0.27126540155533574,0.2712666166637633,0.2712508888295062,0.27126115108694127,1
0.2722678715697862,0.2722613288674507,0.27226590758048724,0.2722640180896004,1
0.27326497156442303,0.2732619066883729,0.2732571803592426,0.27325765561252613,1
0.27426781102683656,0.27426436155554185,0.2742635717030412,0.27426214481405264,1
0.27526373932103787,0.27527049982423774,0.2752635890448559,0.2752585599416988,1
0.27626998452514395,0.27626524188294693,0.2762664232455939,0.27627430415779825,1
0.2772671644644805,0.27726871318563284,0.27726137264981077,0.2772661689200055,1
0.2782713158984943,0.2782604913995991,0.27826927249373384,0.2782687722236315,1
0.2792694757065472,0.27927445506376253,0.2792709414618435,0.279276659628761,1
0.2802653023226923,0.2802709498931064,0.28027069260420223,0.2802649239978015,1
0.2812760527462817,0.28128289463780054,0.28127118624089886,0.2812737963767126,1
0.28227269486465134,0.2822687043489227,0.28226316847088323,0.28226874340485675,1
0.28326631348136855,0.2832817937836636,0.2832726977248037,0.28327154367662805,1
0.2842787200433982,0.28426866551876,0.28427043995408424,0.2842746146356205,1
0.28528041912023244,0.28527778370050116,0.2852765169009879,0.2852756658639515,1
0.2862782774555539,0.2862772845408019,0.2862711264149024,0.28627650667238447,1
0.28727190883398274,0.2872776826899918,0.28727487403756985,0.2872899741853912,1
0.28827807880635953,0.288271257080447,0.2882776073772249,0.2882808750720065,1
0.28928764609901003,0.2892763320172796,0.28927136713940915,0.2892833634643364,1
0.2902733772867508,0.29027809950307276,0.29027899217785275,0.2902799321130138,1
0.2912847271035667,0.29127786310986986,0.29127991263502045,0.2912812099295165,1
0.2922830302720699,0.29228277141815584,0.2922844623111584,0.29228650147983054,1
0.29328524645386156,0.29328555121090083,0.29327537216744953,0.2932835344217791,1
0.2942866818220243,0.29428792899025713,0.2942808225304131,0.29428098908790984,1
0.29528241478190886,0.29528796735478474,0.2952904546905599,0.29528324798474886,1
0.2962908260978544,0.2962869036853321,0.2962856648574005,0.2962852293651372,1
0.2972910203441103,0.29728891517637124,0.29729866641442554,0.2972830261640723,1
0.29829087879679844,0.2982856422832392,0.29828394185335333,0.2982882339526031,1
0.29928997605168634,0.29930388015706455,0.29928836856021085,0.29928363839564187,1
0.3002916553438778,0.3002799170901026,0.3002898305063773,0.30029037041670176,1
0.301295264293206,0.3012961594025384,0.30128877344319677,0.30129053822121815,1
0.3022884616881393,0.30228665197951826,0.30229384176618923,0.3022859243645493,1
0.30329122015879045,0.3032883174234938,0.30329604170922475,0.30330230044378964,1
0.30428778635438025,0.3042850292018798,0.3042936698598675,0.3042943727832741,1
0.3052963885918291,0.30529306369271914,0.30529429209880116,0.305297132847348,1
0.3063014984507595,0.3062865210524447,0.3062944515991011,0.30629736534026597,1
0.3072927074167743,0.30730595314545617,0.30729412024789615,0.3072970908338623,1
0.3083010784087825,0.3082953418743543,0.3082890654330593,0.3082961550256637,1
0.3093044465020789,0.30929761482366536,0.309295067127792,0.3093039276603468,1
0.3102986464258202,0.31029774949623207,0.3103010475807486,0.3103041540513484,1
0.31131320986895994,0.3113054374818396,0.31130710050113325,0.3112987714703064,1
0.31229717296177245,0.3123026139590504,0.31230283815187865,0.31229690973859553,1
0.3133024268306538,0.3133052998913119,0.3133051052702784,0.31330582474257024,1
0.314305759127955,0.314301769261008,0.3143017348011711,0.31429830954731436,1
0.3153142291805012,0.3153053725571284,0.31530418104002633,0.31530066134489804,1
0.3163209845958179,0.3163009396661452,0.3163041620666783,0.31630838549048773,1
0.31731030837213603,0.3173120969675834,0.31731634534984615,0.3173098380955846,1
0.3183030281543085,0.3183070235826827,0.3183098474701709,0.31831864943851584,1
0.31930232028191724,0.31931532219183545,0.3193102088811571,0.3193134984619855,1
0.3203098003367271,0.3203060981471597,0.3203140646742073,0.32031358246544583,1
0.32131617159614,0.3213112447881344,0.3213083122011947,0.32130351737633617,1
0.322316409178653,0.3223144317597246,0.322307483399148,0.32230961944394587,1
0.3233109795192535,0.3233058983911534,0.3233092249013303,0.3233076441615293,1
0.3243122519192549,0.3243106208268227,0.32430617928971,0.3243244272654672,1
0.3253215780189705,0.32531142021820775,0.3253166774222986,0.3253174026407644,1
0.32632227174559014,0.326312223291183,0.3263217768502362,0.3263135767897953,1
0.3273106380052965,0.3273209380001139,0.32732377110943794,0.327330256862185,1
0.32831231969199287,0.3283218129167437,0.32831626931209934,0.3283222351118709,1
0.32931196687156317,0.32931300547044084,0.3293154399452035,0.3293197141395477,1
0.33031711491398763,0.3303236155920399,0.33032545479341163,0.3303233182080266,1
0.3313294152595196,0.33132340045446856,0.3313152368377696,0.331328138203889,1
0.3323192965411443,0.3323268744148208,0.3323301909934051,0.332324605762376,1
0.3333158425292575,0.33331873226249076,0.3333299370456577,0.3333224777098951,1
0.33432472219199905,0.33432811844640514,0.33432780593863476,0.33432571832338626,1
0.33532428198346925,0.33532376198309666,0.3353296148194518,0.3353280931729807,1
0.3363250398263232,0.33633173688789125,0.3363256811557507,0.3363220680154546,1
0.33732353247383284,0.3373224336231458,0.33732596527724434,0.33733349594871903,1
0.33832430285242315,0.3383292707071334,0.3383250448816002,0.338327026783122,1
0.33932177912326944,0.33932822663818357,0.33932836080243034,0.33933203076904955,1
0.3403314467348966,0.34032433836970555,0.34033575132155053,0.34033138184553147,1
0.3413323232989172,0.34133128541956437,0.3413287425440952,0.3413324203430301,1
0.342334710274512,0.3423235978538756,0.34232963852814563,0.34233105759748034,1
0.3433346141863618,0.343339299888363,0.34332947462926033,0.34333084352409926,1
0.34433177166378115,0.34433032669638386,0.3443325984018588,0.3443381883454343,1
0.3453300661578585,0.3453374744073111,0.3453268258241852,0.34533252864535313,1
0.3463346888898352,0.3463447106347009,0.34633496232481253,0.34632533011896904,1
0.34732734289280304,0.3473375074852691,0.3473404061916163,0.3473392146166255,1
0.34833917618886734,0.3483441496363259,0.34833564038223463,0.34834281289111846,1
0.34933117926491425,0.3493348146001747,0.3493303041323647,0.349337965112836,1
0.350340109034254,0.35034091084780145,0.35034064975710477,0.3503357025736863,1
0.3513403901371193,0.35133385410799833,0.35134815748621706,0.3513398232109769,1
0.35233989791174714,0.3523502870439846,0.3523361311096746,0.35233671440677217,1
0.353337862241719,0.3533430039864348,0.3533455015014915,0.35334704172068393,1
0.3543572043209318,0.35433309718207334,0.35434738802229,0.3543415586914815,1
0.3553424132696009,0.3553422464847041,0.3553408014969913,0.35535376796951834,1
0.3563505578329814,0.3563464623262392,0.3563531014251088,0.3563387837015199,1
0.3573406938216907,0.35733645750868637,0.3573438502746467,0.35734815583998086,1
0.358348862641238,0.35834909505790363,0.358341293064193,0.3583523641220614,1
0.35935054748694056,0.3593530146207567,0.3593398855384614,0.35935090680364334,1
0.36034441152415075,0.3603483637340876,0.36035302217484355,0.36035080581838164,1
0.36134709365145246,0.3613513827171323,0.36134369367477515,0.3613571026883309,1
0.3623513259322549,0.36235794510207364,0.3623497196939169,0.3623497344724103,1
0.36334953241942014,0.3633577342230118,0.3633498061975667,0.36335657633051544,1
0.364352442092366,0.3643444745378549,0.36435150278401546,0.36434845881328254,1
0.36535552486897377,0.365349403316677,0.36535998523085894,0.3653548999760536,1
0.3663554683763826,0.36635963581704534,0.36636117589102674,0.3663562558625975,1
0.3673535013558596,0.3673484875092768,0.3673539271085722,0.36735427129612414,1
0.3683588936456233,0.36835663262395263,0.3683617980232186,0.36835529344200196,1
0.3693590741535251,0.36936527929657537,0.36936106848542916,0.3693590591716509,1
0.3703573506381507,0.37035719420337676,0.37035610729409557,0.37035765532603143,1
0.3713651396905551,0.37136025192000494,0.3713546124960145,0.3713702022078267,1
0.3723639621883181,0.3723553276453598,0.37236015311772613,0.3723629167942765,1
0.37337188632382984,0.37335782280107205,0.37336824356696013,0.3733703607954982,1
0.374361221092839,0.37436297679627006,0.3743591828181275,0.374363347058659,1
0.37536518241549366,0.37536866361535576,0.37537081628272045,0.37536162488504227,1
0.3763565297410453,0.37636626014247,0.37636783405401625,0.3763676134548048,1
0.3773657340011298,0.3773679911278657,0.37737494459140913,0.3773692760382122,1
0.3783665015262434,0.3783658673792829,0.37836751910658,0.37837655206817755,1
0.37936845286582177,0.3793692703976468,0.3793669578015147,0.3793748642861566,1
0.38038016955664405,0.3803726234356175,0.3803707842348893,0.38037055428453626,1
0.3813594498374275,0.38137509712569284,0.3813720422034514,0.3813735130816247,1
0.38236881506140197,0.3823704500879775,0.38237031724768983,0.38237748048729275,1
0.3833714795741904,0.38338378667498396,0.38337552768546845,0.3833669949600734,1
0.3843737316429081,0.3843711159987636,0.38436340246202527,0.38438237172907497,1
0.3853788910880865,0.38537804141196486,0.38537620239367687,0.3853684652875319,1
0.3863739582906786,0.3863805852802503,0.3863711202762275,0.38636371752979515,1
0.3873762418473385,0.38737666858960723,0.38737805519445945,0.38738101997059493,1
0.38838156640743954,0.3883796722274046,0.38838435603531885,0.38837078352947435,1
0.38938190228845176,0.38938251207119606,0.389373181567949,0.389371865026336,1
0.39037665066974797,0.3903770726731678,0.3903841474776979,0.3903773076864619,1
0.39137709963878997,0.39137832321269794,0.39138697454305216,0.3913814465982533,1
0.3923814861272556,0.3923818323548889,0.392388842684054,0.3923786365237494,1
0.39338996092483813,0.39338443586487803,0.3933825812864735,0.3933958878858731,1
0.3943791061869354,0.39438261595558655,0.3943782222281886,0.3943891466942371,1
0.3953938313300536,0.39539373499929237,0.3953915051291511,0.39538439728304636,1
0.396384560181499,0.3963780305375239,0.3963965657540623,0.39638873127677715,1
0.39738492760286304,0.3973940276718323,0.3973825235648036,0.3973894204975585,1
0.398387525242717,0.3983915817740878,0.39838807052069247,0.39838113374893286,1
0.39938976727125275,0.39939463371009876,0.39938924330736014,0.39939326496499733,1
0.400385162742962,0.400390259086424,0.4003872678381149,0.4003941252945909,1
0.4013915488492027,0.4013948417597731,0.4013968299435222,0.401394849484267,1
0.40239375798456384,0.40238740133109985,0.40239237846183906,0.40238972694038233,1
0.4033916730736099,0.4033915207226397,0.4033884937655195,0.40338360670044776,1
0.40439105367915273,0.40439536129165404,0.4043876535091673,0.4043944728055768,1
0.40540489673751695,0.4054005106781716,0.405403613102941,0.40539735103478003,1
0.40640223394551134,0.4063927765727441,0.4063931746950613,0.4063827006953657,1
0.4074033281247676,0.4074050990172965,0.40739463151117067,0.4073961276388654,1
0.40839462908783,0.4084003116661558,0.40840402306112494,0.40838968453852903,1
0.40940144659205263,0.4093980160405408,0.4093999663713592,0.40940169436940776,1
0.4103994593882065,0.41039988246613335,0.4103993310245626,0.4104052519814093,1
0.41140349520120206,0.4114025043190901,0.41139504664279597,0.41139950850268536,1
0.4124068957482041,0.412402590885268,0.41240570005975036,0.412411234961404,1
0.41340859643374944,0.4134038691950919,0.41340084845755243,0.41339063565542317,1
0.41440356247979204,0.4144027743419253,0.41440635623537636,0.41440363487826953,1
0.41540380348010825,0.4153965084107529,0.4154007055662597,0.41540778866060946,1
0.41641498594456205,0.4164059187794877,0.4164080454617743,0.4164111687971912,1
0.4174033529377264,0.4174092414776238,0.41740370495687573,0.41741173152959987,1
0.4184091654236482,0.41840990066747835,0.41840449541542135,0.4184119435702065,1
0.4194198329740156,0.41940436985093227,0.41940771061437115,0.41941056744678024,1
0.4204143424414704,0.42040761267898397,0.42039624525895974,0.42041720635788127,1
0.4214152139420093,0.42140269667375896,0.42140837356745253,0.42141925232355903,1
0.4224196513945047,0.42241710561252577,0.4224115318502426,0.42241282734950647,1
0.4234127587843878,0.42341905461232976,0.42340903420138093,0.42340938441513903,1
0.42441946578734857,0.42441419260713686,0.42442130675119166,0.4244110568533795,1
0.42541514152361376,0.42541080335049125,0.42541545222882254,0.42540802268073047,1
0.42641397824931165,0.4264092351470918,0.42641988603258235,0.4264199993631152,1
0.427408766103765,0.4274240868461449,0.4274299044930495,0.42741764744935107,1
0.4284152128471173,0.42843254007137344,0.42841182357592694,0.4284185189507528,1
0.4294203175307826,0.4294261451575217,0.42942121811429507,0.4294169262499405,1
0.4304156644985685,0.4304187113113192,0.4304153857836157,0.43042065954701936,1
0.4314186004405221,0.43141395123245496,0.4314276971503633,0.4314189330588043,1
0.4324160817383975,0.43242158112674994,0.4324227642802522,0.4324136900887945,1
0.4334250816617591,0.43341818763558,0.4334319785674694,0.4334260432259838,1
0.43442242492447386,0.4344206985855728,0.4344238995858866,0.43442748837813233,1
0.4354252979547825,0.43542433963138977,0.43542571727687956,0.43542240613076927,1
0.4364247103967922,0.43641599746423193,0.4364312950575807,0.436427920415328,1
0.4374235601482072,0.4374369211023342,0.43742786250982935,0.43742224670956753,1
0.4384327121155358,0.438430418669511,0.43843040132835587,0.4384262996504052,1
0.4394316819080483,0.4394281206379783,0.4394322091366876,0.43941990470715936,1
0.44042826106311556,0.4404390412059195,0.44042659509315346,0.44042741123894297,1
0.4414291916247392,0.441425357400752,0.4414203900275503,0.44143027849943883,1
0.44243311172955285,0.4424321699070898,0.44243170803962273,0.4424326476367867,1
0.4434385476407912,0.4434324812025038,0.443430563020548,0.443432027806009,1
0.4444373311682332,0.44444149456882714,0.4444312937157386,0.44443492910336957,1
0.4454371272226451,0.4454304725454018,0.4454355375212715,0.44542810706614877,1
0.44642759118491776,0.44643827016847587,0.4464345170627298,0.44643744783847455,1
0.4474373479625524,0.4474325554371941,0.44743721116592766,0.4474312719309124,1
0.4484453933002285,0.44843165858671413,0.4484374595120836,0.4484332270804982,1
0.44944229154530624,0.449437782282583,0.44943684610584134,0.44944370544716467,1
0.45044058759339883,0.45044302366267014,0.45043553381075785,0.4504334163557208,1
0.45144197748125164,0.45143984720966396,0.4514445736148037,0.4514410418991781,1
0.45244346781913863,0.4524343255297928,0.45245188462714053,0.4524416212325173,1
0.45344693137829517,0.45343926298509235,0.45344498349295453,0.4534369292196258,1
0.45444670478363575,0.4544426645740225,0.4544445903969641,0.45444793431459507,1
0.45543928274388934,0.45544202298679237,0.4554477320668509,0.4554559365528182,1
0.4564457560347731,0.45644940212703605,0.45644591158909714,0.4564561576744202,1
0.4574387113391126,0.4574479205526708,0.4574393197272797,0.4574349145895948,1
0.45844993575871407,0.4584491459374292,0.4584470242637597,0.45844791747799823,1
0.45946494094661977,0.45944815857375926,0.4594520000712557,0.45944620262535135,1
0.4604519266133257,0.4604492592820752,0.4604483978580368,0.4604595449431115,1
0.4614573373762674,0.4614521351846884,0.4614399303917717,0.4614496464053352,1
0.46246596759027453,0.46245129914411925,0.46245796854031274,0.4624596621644622,1
0.46345454827303273,0.4634492443452941,0.46344127689179454,0.4634568742694965,1
0.46445038067444033,0.4644553352067139,0.4644482053527565,0.46445312826675206,1
0.46545562405073,0.4654567984233607,0.4654498813445187,0.4654614400101993,1
0.4664534719825328,0.46644808410915417,0.46645591133935665,0.46645662833300156,1
0.46745826040462335,0.4674642681194759,0.4674562752132738,0.4674568593593356,1
0.4684529425365523,0.4684625612259729,0.46845938000377885,0.46845635831982196,1
0.4694499360859921,0.4694666815204347,0.46945332105963716,0.4694565030694126,1
0.47046225218301585,0.4704544776708174,0.4704529929115692,0.470449840722547,1
0.471465066446226,0.4714587355302378,0.47147609781192384,0.4714564896861333,1
0.47245785520734535,0.47245963549761105,0.4724636781357382,0.47246011144576855,1
0.47346652512453347,0.4734585705215135,0.47345655550487115,0.4734544723897664,1
0.47445334659362476,0.4744618741193671,0.47446295956290246,0.474461307279327,1
0.47547168249445143,0.4754716056165135,0.47546379145052825,0.4754564958598995,1
0.4764636329409262,0.47646346735949685,0.47646318079165506,0.47646297787194697,1
0.47746420015298885,0.477465534759388,0.4774642897619734,0.4774685090800106,1
0.478470270312048,0.47846391524303256,0.4784748237950985,0.4784635681569593,1
0.4794613804664004,0.4794713733598263,0.47946538242879744,0.4794710759268233,1
0.48045845212746496,0.4804774327501779,0.4804738319375107,0.48046296808772465,1
0.48146407758585225,0.48147983280099194,0.481467784571954,0.4814673005472278,1
0.48246114221200176,0.48247071858144447,0.48247133387439833,0.48247604993795634,1
0.48346647808133253,0.48346587203951225,0.48347572828664737,0.4834785071238296,1
0.4844666187127189,0.484479882044906,0.48447466218368196,0.48447993350116986,1
0.4854751243736679,0.48546286408588807,0.4854747156385639,0.48548077619456886,1
0.48647200774638105,0.48647453665163193,0.4864755958089587,0.4864619789070771,1
0.4874858342153547,0.487472970599078,0.4874800061546399,0.48747704397179675,1
0.4884847665737603,0.4884805087590906,0.48847730385712085,0.4884740109030159,1
0.4894834687329864,0.4894701122729597,0.4894827089315809,0.48947398425572175,1
0.49048674189879027,0.4904812869781938,0.4904837010993197,0.4904808904245496,1
0.49147271959600575,0.49147717783566447,0.4914848434281695,0.49148231476056825,1
0.492488387432009,0.49248449885529766,0.492477648973029,0.4924785021617939,1
0.4934839980704361,0.4934719132631535,0.49349185069291157,0.4934856922171654,1
0.49449061965746977,0.49447658146478046,0.49449070731028627,0.49449564197903967,1
0.4954788810937086,0.49548934249446,0.49548549103520895,0.49547776331624427,1
0.4964889509063457,0.4964906545025107,0.4964834808537231,0.4964923160690877,1
0.49747915367045353,0.49748001370675526,0.4974881704744654,0.49748761441387734,1
0.49848490562104636,0.4984925364606683,0.4984911429600596,0.49849277918384316,1
0.49948887380731277,0.49949250239082943,0.4994872612379744,0.49949975858293993,1
0.5004864277616399,0.5005010169776377,0.5004906649302259,0.5004836129360426,1
0.5014983318882439,0.5014921209984334,0.5014957471119833,0.5014976107710841,1
0.5024941822702632,0.5024895312882685,0.5024973710593809,0.5024924962700298,1
0.5034969227825865,0.5034827248406245,0.5034957284020786,0.5034903005643677,1
0.5045027610426803,0.5044976099312339,0.5044956937832237,0.5044969260444612,1
0.505490503291231,0.5055036117789481,0.5055054523475875,0.5054974600630482,1
0.5065044485143394,0.5064936507555031,0.5064925109286654,0.5064967011202401,1
0.5074996722026893,0.5074955275640913,0.5075001863384494,0.5074990294449079,1
0.508493506964622,0.5085010924635858,0.508502816139711,0.5084993558450864,1
0.5095052627400157,0.5094934124805319,0.5095018392516101,0.5094936480959675,1
0.5104949300937094,0.5104973458463319,0.5104957901995827,0.5104977605214068,1
0.511500430749948,0.5115056872739332,0.511499895706308,0.5114935733729676,1
0.512508202841735,0.5124983170518345,0.512502208900367,0.5125047351850373,1
0.5135045015555955,0.5135089744012411,0.5135058985192205,0.513499196955605,1
0.5145153973153744,0.5145054761718212,0.5145037678033714,0.5145093241316198,1
0.5155067527602352,0.5155075016464703,0.5155179664254985,0.5155041298983642,1
0.5165049177020364,0.5165070893990666,0.5165118640861844,0.5164989738363556,1
0.5174976797280502,0.5175045719311544,0.5174993378927122,0.5175053833507699,1
0.5185110210069891,0.5185040547641907,0.5185013743756246,0.5185088551943171,1
0.5195138222269325,0.5195010346423169,0.519513610671501,0.5195135960405282,1
0.5205152809360214,0.520516602911585,0.5205215205801339,0.5205087300502674,1
0.5215120593694119,0.5215094293193453,0.5215115213957353,0.5215191758782897,1
0.5225057874400929,0.5225082072641517,0.5225193984171951,0.522517612695047,1
0.5235116978552794,0.5235177855235191,0.523515219592726,0.5235210148865586,1
0.5245148870624836,0.5245196426750839,0.5245277245740669,0.5245175050102897,1
0.5255157621563445,0.5255191277504416,0.5255136891112245,0.5255274553540432,1
0.5265174168717051,0.5265151518499154,0.5265123380714914,0.5265220026174746,1
0.5275218534545817,0.5275150307456604,0.5275203997742431,0.5275099747376765,1
0.5285194433713939,0.5285207823002789,0.5285270551675663,0.5285146644245049,1
0.5295131277563755,0.5295150423797148,0.5295128366770179,0.5295262028063082,1
0.5305282637169957,0.5305221216034103,0.530526626995249,0.5305211903124235,1
0.5315210459632831,0.5315198563334262,0.5315199695665647,0.53151378251374,1
0.5325238437963405,0.5325223208529715,0.5325262493261429,0.5325229901400047,1
0.5335227100050156,0.5335191675583735,0.5335238842897077,0.5335272147096776,1
0.5345188078295691,0.5345249618932929,0.5345256897392822,0.5345209342006064,1
0.5355225862440011,0.5355266785797694,0.5355198584204341,0.5355272751441018,1
0.5365220497546582,0.5365318407949917,0.5365382156652535,0.536522222742518,1
0.5375301985668394,0.5375238938180031,0.5375327322983965,0.5375212012354821,1
0.5385309314623207,0.538524163583694,0.538527493605583,0.5385233734021527,1
0.539533641281884,0.5395253446277573,0.5395322893508261,0.5395278090393881,1
0.5405299581686716,0.5405312693100676,0.5405267214071723,0.5405315823660983,1
0.5415391832043533,0.5415276410576024,0.5415373905822479,0.541539022019699,1
0.5425284517575873,0.5425252572595071,0.5425340423370334,0.5425297954949186,1
0.5435428765496293,0.543533707571236,0.5435295225364933,0.5435277977359785,1
0.5445399840593299,0.5445316786146641,0.5445347536785318,0.54453931354826,1
0.5455331142437759,0.5455353058913919,0.5455354526934865,0.5455389521580931,1
0.5465394902582141,0.5465354359678802,0.546536854781844,0.5465346776414789,1
0.5475301494755029,0.5475388255418245,0.5475469984963417,0.5475331189418341,1
0.5485346733899905,0.5485341848996803,0.5485421614974322,0.5485407809658095,1
0.5495387468510774,0.5495349494442313,0.5495400014234977,0.5495317164289029,1
0.5505412576733749,0.550544898162471,0.5505342845448574,0.5505328779491564,1
0.551549438731,0.551538482743344,0.5515472212807713,0.5515407715532156,1
0.5525417327684579,0.55254473460604,0.5525381225482588,0.55254320502826,1
0.5535416360964694,0.5535369410763264,0.5535452309539172,0.5535422270045092,1
0.5545437594204022,0.5545384937398274,0.5545525015463834,0.5545489281154764,1
0.5555503663249665,0.5555440183220334,0.5555368996310981,0.5555553101324581,1
0.5565462410590065,0.5565428025475665,0.5565486305544189,0.5565523821504865,1
0.5575474322947671,0.5575539404233872,0.5575529625472401,0.5575421656416105,1
0.5585451795980202,0.5585533362343649,0.5585349854857294,0.5585478012700827,1
0.5595423953935414,0.5595471667805424,0.5595480554491045,0.55954775832766,1
0.56054778924429,0.5605450648323025,0.5605620101068847,0.5605598878605714,1
0.5615457412224503,0.561559462135308,0.5615495542240992,0.5615521974889183,1
0.5625522361827531,0.5625492538093463,0.5625574718142706,0.5625531819852054,1
0.5635511707964375,0.5635470306063345,0.5635490855784849,0.5635453466529755,1
0.5645546156722967,0.5645485712265932,0.564553226751992,0.5645614050638227,1
0.5655615520534202,0.565555394171085,0.5655551201319249,0.5655649549283027,1
0.5665591603371584,0.5665549175242572,0.566549426465971,0.5665585259226474,1
0.5675617041764205,0.567554399299935,0.5675590135713332,0.567555739691083,1
0.5685576383965625,0.5685461194482707,0.56855744965154,0.5685634054050706,1
0.5695564025467817,0.5695598221914007,0.5695557798060261,0.569561361767941,1
0.570559477944573,0.5705558643528572,0.5705672233178989,0.5705652052206283,1
0.571558537027742,0.5715640505031087,0.5715642486215756,0.5715647730677367,1
0.5725540912830825,0.5725675955952677,0.572559714067748,0.5725607734228954,1
0.5735767529723248,0.5735650729304671,0.5735616319511863,0.5735525370916997,1
0.5745715133852344,0.5745578385162106,0.5745595473700471,0.5745629078030692,1
0.5755726476245241,0.5755694317654989,0.5755647763780164,0.5755671070258838,1
0.5765635646381022,0.5765672648350144,0.5765669332502905,0.576571410416045,1
0.5775724034581797,0.5775700374544785,0.5775657558297799,0.5775712766790395,1
0.5785681087262375,0.578563158996725,0.578566552129609,0.5785689912034875,1
0.5795741206484879,0.5795686519287089,0.5795635235760134,0.5795698532779862,1
0.5805711378507709,0.5805714997587151,0.5805751699281504,0.5805756651867711,1
0.5815686005172097,0.5815684908542813,0.5815663705780167,0.581575065649923,1
0.5825798166731142,0.582570997162933,0.582571365419749,0.5825799064853571,1
0.5835761013628397,0.5835757547520976,0.5835676189910437,0.5835769672139199,1
0.5845699288928721,0.584568904473645,0.5845728407166908,0.5845716456109574,1
0.5855744675771036,0.585568370667403,0.5855803696571079,0.5855812140070482,1
0.5865668398642059,0.5865814688656049,0.5865725239334275,0.5865808614542615,1
0.5875772353451142,0.587577721455398,0.5875766520893304,0.5875836382235987,1
0.5885723806385159,0.5885816177802722,0.588584085229403,0.5885821602789812,1
0.5895912030741512,0.589576934845766,0.5895843661036926,0.5895790491264029,1
0.5905867476109624,0.590580542135602,0.5905786412016713,0.5905871109416,1
0.5915791237718865,0.591574517952787,0.5915789973471657,0.5915846767463145,1
0.5925895427763405,0.5925831382294591,0.5925891735679187,0.5925757917079751,1
0.5935813672662594,0.5935821407079978,0.5935830107864462,0.5935840040555248,1
0.5945880391393716,0.5945823605503938,0.5945852797280194,0.5945843589701331,1
0.5955809561360661,0.5955850172521402,0.5955848672879361,0.5955847601827606,1
0.5965867453838695,0.5965869649542896,0.5965844251106911,0.5965929501602565,1
0.5975817401844415,0.5975839827370452,0.5976014874057087,0.5975823976308127,1
0.598581819815215,0.5985922609723136,0.5985782029893196,0.5985874122190387,1
0.599600318714215,0.5995818649099789,0.599579679767161,0.5995820936835798,1
0.6005950823884324,0.6005962144741905,0.6005880276466057,0.6005940066526106,1
0.6015985428682291,0.6016005283236637,0.6015903599151857,0.6015800842330032,1
0.6025884881979805,0.6025904585716179,0.6025912978986097,0.6025916532955875,1
0.6035991880665832,0.6035999657357269,0.603592735225324,0.6035990860179739,1
0.6045963829014278,0.6045949171244589,0.6045991273153802,0.6045949558548358,1
0.6056058846514811,0.6055884035397616,0.6055930197411001,0.6055949630011108,1
0.6065987938600489,0.6066029363990321,0.6065964746037604,0.606589485448349,1
0.6076018101670798,0.6076013723914283,0.6075878883043007,0.6075975785769292,1
0.6085906478894452,0.6085952753431111,0.6085940845539637,0.6086026449220897,1
0.6096001837504705,0.6095931716445958,0.6096039999294144,0.60959243057048,1
0.610602251169553,0.6105965305472542,0.610598772215188,0.6106031219543409,1
0.6116042088485969,0.6116082864469694,0.6116011903331032,0.6116031338559164,1
0.6126004139159905,0.6126035125520157,0.6126048000328426,0.6126021110533653,1
0.6135945848511831,0.6136052609580852,0.6136054264109904,0.6136002027362218,1
0.6145981826694242,0.6146119840003572,0.6146070618321591,0.61460345919945,1
0.6155999204411898,0.6156014965314636,0.6156121185575896,0.61560629391531,1
0.6166038536712716,0.6166091550527627,0.6166025346156694,0.616614110821758,1
0.6176143716102821,0.6176052747372516,0.6176044642563724,0.6175945169416142,1
0.6186012007047509,0.6186019112597338,0.6186092845603136,0.6186069774400864,1
0.6196028829321726,0.6196082037893973,0.6196121362953478,0.6196122488063592,1
0.6206011122592063,0.6206099692932082,0.6206036939067258,0.6206151192540963,1
0.6216155323436934,0.62160712147548,0.6216077813855996,0.6216093052763592,1
0.6226013486456389,0.6226142924534798,0.6226112483898809,0.6226174634880254,1
0.6236081215675239,0.6236105179988725,0.6236060809873235,0.6236085921607962,1
0.6246087047046343,0.6246195944830089,0.6246111233053709,0.6246152354930383,1
0.6256137117985964,0.6256092682892855,0.6256147741134997,0.6256186111322749,1
0.6266105778196539,0.6266206621805702,0.6266123680120093,0.6266142016969862,1
0.6276202710332326,0.6276143004368315,0.6276178054919143,0.6276160441634736,1
0.6286192654586522,0.6286067149230911,0.6286094702095426,0.6286216984536489,1
0.6296248055266479,0.6296150671861019,0.6296183994778588,0.6296210932158841,1
0.6306240867086289,0.6306104822342623,0.6306161904193858,0.6306189577237213,1
0.6316251373226078,0.6316341137740402,0.6316204815929876,0.631614586734311,1
0.6326246339630086,0.6326292276015703,0.6326231626932275,0.6326180893798968,1
0.6336284135933311,0.6336269413517162,0.6336184932194027,0.6336255307517114,1
0.634629610952463,0.6346305340748375,0.6346242923797482,0.6346228342273937,1
0.635631761994736,0.6356195748231107,0.6356278185220803,0.6356187754924888,1
0.636631953507988,0.6366253363990485,0.6366329695428049,0.6366290836904084,1
0.6376215115264773,0.637634750766288,0.6376353838539597,0.6376320390600906,1
0.6386248206893035,0.6386270985588569,0.6386293557647157,0.638625110076632,1
0.639638091362492,0.6396303512619883,0.6396161128893941,0.6396313264086935,1
0.6406288898436465,0.6406302559978501,0.6406287875338017,0.6406346658627137,1
0.6416372300705244,0.6416330468974429,0.6416299350756959,0.6416314249456075,1
0.6426327306307155,0.6426286204824333,0.6426355272758755,0.6426349328442519,1
0.6436413358398325,0.6436399103825351,0.6436302052590457,0.6436377351255063,1
0.6446298798677191,0.6446381142951394,0.6446320515636409,0.6446295183685178,1
0.6456370358623491,0.6456222627999949,0.6456268807577636,0.6456347481762168,1
0.6466370488454698,0.6466347900427858,0.646628739455143,0.6466325471774259,1
0.6476395936842738,0.6476405465464907,0.6476375565220496,0.6476434218065428,1
0.648640625623756,0.6486349013603689,0.6486372361283717,0.6486316243078526,1
0.6496390989446877,0.6496452001427357,0.6496430660900632,0.6496466496862693,1
0.6506391262144217,0.6506473711396132,0.6506396741195084,0.6506479985660535,1
0.6516415323579045,0.6516451777985106,0.6516490172034631,0.6516406745034987,1
0.6526437345875803,0.6526490869597686,0.652641977626823,0.6526360381812301,1
0.6536543586789166,0.653641294821322,0.6536444374238983,0.653649423676991,1
0.654641602175126,0.6546396053050786,0.6546459133311285,0.6546356792626551,1
0.6556442061152613,0.6556468708389672,0.6556442958861616,0.6556379283909297,1
0.6566546175364276,0.6566471643374163,0.6566538024072355,0.6566453464653957,1
0.6576432475877392,0.6576489935522489,0.657646568712016,0.6576417588403577,1
0.6586559975699426,0.6586455372975343,0.6586394473167247,0.6586552894789185,1
0.6596471281595706,0.6596466105301866,0.6596408227117145,0.6596583543570826,1
0.6606442032477146,0.6606509428980541,0.6606552137522633,0.6606527592353156,1
0.6616513533800916,0.6616431433223602,0.6616476030274728,0.6616525906533418,1
0.6626487167823026,0.6626536694499526,0.6626560613696967,0.6626574651670816,1
0.6636475227568647,0.6636646368839286,0.6636574910503764,0.6636536450828854,1
0.6646601023375701,0.6646664816935147,0.6646474610541494,0.6646535283414422,1
0.6656437634973563,0.6656566189133188,0.6656574826268653,0.6656554598450785,1
0.6666533839888017,0.6666464090840757,0.6666585243250737,0.6666639338290762,1
0.667654702565379,0.6676598579573028,0.6676498169360905,0.6676599437229761,1
0.66865669174717,0.6686548465689057,0.6686548568404527,0.6686566906007485,1
0.6696615718262381,0.6696530988436536,0.6696576740830018,0.6696594523007697,1
0.670655165464538,0.6706696439866691,0.6706563931832603,0.6706573134760925,1
0.6716567701219125,0.6716706540620974,0.6716644261878046,0.6716569787016304,1
0.672668193820457,0.672663666156134,0.6726639489297682,0.6726609402766188,1
0.6736599165837289,0.6736653524941589,0.6736609382275137,0.6736727474418116,1
0.6746583182091385,0.6746723454485289,0.6746641080704207,0.6746661600933348,1
0.6756698314544988,0.6756625144191907,0.6756699869075892,0.6756521279463887,1
0.6766630667190006,0.6766620463526299,0.6766603991366048,0.6766655918924762,1
0.6776695964175086,0.6776711809676601,0.6776688720514537,0.6776643392003432,1
0.6786705137508579,0.6786692900971429,0.6786733489495084,0.6786725533521833,1
0.6796698220517393,0.6796651834046389,0.6796664049188905,0.6796669207228715,1
0.6806690943390011,0.6806720109228086,0.6806742465426213,0.6806704150772056,1
0.6816717522956112,0.6816723882031966,0.681669092145106,0.6816670447103834,1
0.6826638954831861,0.6826691969258822,0.6826750383999389,0.6826691581154825,1
0.6836724846384866,0.6836760058301108,0.6836762771211559,0.6836682760094129,1
0.684679659971457,0.6846803114251214,0.6846690254253885,0.6846705554903265,1
0.6856816311290914,0.6856749414080694,0.6856645767859384,0.685668677268152,1
0.6866754298285508,0.6866708614634253,0.6866746095578234,0.6866768386577451,1
0.687684988950698,0.6876762254080966,0.6876830403866756,0.687684821478488,1
0.6886858502270254,0.6886801024516457,0.6886688622329395,0.6886809828030057,1
0.6896849216791188,0.6896792743441525,0.6896884025990301,0.689683978847487,1
0.6906835220475664,0.6906861125842367,0.690682347529937,0.6906682166281837,1
0.6916791859869243,0.6916876675218179,0.6916776437249812,0.6916805643191555,1
0.6926774585011132,0.6926916022956587,0.6926910901449699,0.692678263338207,1
0.6936844201736857,0.6936802812134449,0.6936867584068789,0.6936862320990699,1
0.6946887432125428,0.6946863442769232,0.6946993617157167,0.6946795450658596,1
0.6956771326689135,0.6956837202346822,0.6956778457443579,0.6956782233743356,1
0.6966816801134157,0.6966820757421595,0.6966819135961769,0.6966892777814389,1
0.6976851567423823,0.6976867901148134,0.6976921588515602,0.6976838560750638,1
0.6986873659591952,0.6986905174886192,0.6986789808496856,0.698676764161144,1
0.6996914202763337,0.6996921497610925,0.6997000107903639,0.699690480164069,1
0.700694789389277,0.7006897133274728,0.7006921768267986,0.7006990269748994,1
0.7016810717276011,0.7016937597729795,0.701702369625342,0.7016931018627877,1
0.702700945557509,0.702689546631945,0.7026925324552219,0.7026928603162047,1
0.7036826057382969,0.7036878528045545,0.7036882093182968,0.7036978040240839,1
0.7046990554602232,0.7046963148769082,0.704698815209179,0.704693873947631,1
0.7057017053540434,0.7056957396379089,0.7056959850159328,0.7056943677325294,1
0.7067001189490848,0.7066945907026136,0.7067015788535826,0.706691035950993,1
0.7076922031164241,0.7077011348314733,0.7076972549766248,0.7076954282406169,1
0.7087031489873611,0.7086956623916283,0.7086976976924272,0.708705694838449,1
0.7097073954114288,0.7097075616907511,0.709698289070815,0.7097058532142246,1
0.7106959559365619,0.710696166186327,0.7106889484214376,0.7107090650417102,1
0.7116973818024562,0.7117010690388029,0.711697150079992,0.7117051775279433,1
0.7127008245343992,0.7126961786182506,0.7127049110155237,0.7126955340525787,1
0.7136995166750771,0.7136931692581306,0.7136965839131427,0.7137045963495523,1
0.7146948820245141,0.7146972989760816,0.7147046928601241,0.7147019866702242,1
0.7157156658888855,0.7157148751884358,0.715701366093392,0.7157084913937977,1
0.7167104531194911,0.7167037193124165,0.7166992289990242,0.7167066452144601,1
0.7177068434793337,0.7177055288852229,0.7177099192920485,0.7177039540596727,1
0.7187029487209708,0.7187092541235605,0.7187106385591716,0.7187028254839892,1
0.7197143501627646,0.7197008573040208,0.7197068191424162,0.7197084196670287,1
0.7207075295921475,0.720707885408343,0.7207200660831222,0.7207064562902655,1
0.7217239178203241,0.7217138973456103,0.7217121719873982,0.7217140929134787,1
0.722725362351459,0.7227077447476931,0.7227071106231181,0.7227089383817299,1
0.7237138744294486,0.7237050848580897,0.7237138254099104,0.7237221814493808,1
0.7247154717516678,0.7247132512874198,0.7247116239124713,0.7247192072732375,1
0.7257115865518495,0.7257249476953187,0.7257253825144543,0.725716999469709,1
0.7267166591412763,0.7267218700157578,0.7267221907092278,0.7267126867580613,1
0.7277150849420521,0.7277111059805443,0.7277197630424095,0.727721050857135,1
0.7287119690905295,0.7287164427241947,0.7287119824491308,0.7287142247196675,1
0.7297224748050208,0.7297160523093863,0.7297182155899395,0.72971158316108,1
0.7307216556717693,0.7307204993541214,0.7307170759244705,0.7307197756492323,1
0.7317226231961242,0.7317176473809771,0.7317143404090016,0.7317307495938851,1
0.7327195563591992,0.7327222389222068,0.7327277769213979,0.7327403679986606,1
0.7337175012914743,0.7337259728597924,0.7337201859622973,0.7337210297722009,1
0.7347211236646197,0.7347190964498858,0.7347245182679158,0.7347173522112895,1
0.7357304597635582,0.7357260007404058,0.7357278379005902,0.735723394782666,1
0.7367248907070556,0.7367281645462526,0.7367209064735647,0.7367249367745546,1
0.7377234296601584,0.7377232748836748,0.7377171785365246,0.7377344243606752,1
0.738725296034963,0.7387345456090045,0.7387340726903358,0.7387222987301961,1
0.7397242876735514,0.7397425322445265,0.7397384843594393,0.7397295721371631,1
0.7407320175962628,0.740727576498716,0.7407328924943017,0.740727144821227,1
0.7417215699629102,0.7417251239527991,0.741731837195471,0.7417260763955542,1
0.7427323963454082,0.7427273594275356,0.7427288209631202,0.7427369985592648,1
0.7437349711364719,0.7437336854116272,0.7437381285535991,0.7437361367767005,1
0.7447419675511909,0.7447324354384232,0.7447325865598421,0.7447282291884028,1
0.7457335908321489,0.7457405595852072,0.745742235672597,0.7457405372615762,1
0.7467277657774041,0.7467421524628001,0.7467275441436204,0.7467412273233575,1
0.7477358988151049,0.7477412504043074,0.7477310754959983,0.7477435935759013,1
0.7487314138650082,0.7487353964641845,0.7487337482655999,0.7487299673144746,1
0.7497402123775777,0.7497487701853289,0.7497530742658514,0.7497402255186751,1
0.7507463241471161,0.7507419012139304,0.7507432351567146,0.7507390299974851,1
0.7517427171263689,0.7517444291352648,0.7517388494430974,0.7517413542702424,1
0.7527424505921478,0.7527468747593294,0.7527374125818846,0.7527424850316997,1
0.7537533037710891,0.7537495640445067,0.7537504896389882,0.7537438659029446,1
0.7547463497325632,0.7547497559255782,0.7547525460223924,0.7547349867301804,1
0.7557391685392104,0.7557522929662527,0.7557443612989668,0.7557423871417994,1
0.7567404759418118,0.756743971663239,0.7567397349003296,0.7567572022181105,1
0.7577476355674879,0.757747457995039,0.7577506881311237,0.7577525594735941,1
0.7587534781895315,0.7587541168584683,0.7587455945209948,0.758747259414724,1
0.759753594908027,0.7597471128044415,0.7597497242165896,0.7597517435685719,1
0.7607546766761623,0.7607418623459389,0.7607543244790002,0.7607495821304615,1
0.7617552890403061,0.7617556364102136,0.7617597913270574,0.7617585190199899,1
0.7627594856110659,0.7627599711043486,0.7627542096476768,0.762752913678188,1
0.7637581178391697,0.763757414158511,0.7637522084225701,0.7637557778707978,1
0.7647545792724209,0.7647504850902125,0.7647612070584616,0.7647550307509674,1
0.7657659992970443,0.7657476282944047,0.7657529718618915,0.7657559189499392,1
0.766762443662245,0.7667587541036198,0.7667583091205277,0.766751120437794,1
0.7677519730507716,0.7677593702810592,0.7677509372277886,0.7677550983690064,1
0.7687612633454042,0.7687538471373974,0.7687667855385706,0.7687648784404799,1
0.769751902659768,0.7697550979035438,0.7697483308735372,0.769755846802947,1
0.7707645927031436,0.7707586912860493,0.7707630647469788,0.7707531490891694,1
0.7717657516380347,0.7717589862156222,0.7717618226101732,0.7717612973892548,1
0.7727564050201583,0.772756997341104,0.7727676017351078,0.7727647577235502,1
0.7737690140089716,0.7737653870549412,0.7737644787169378,0.7737551337106704,1
0.7747634129312809,0.7747646278431627,0.7747745303007562,0.7747681995479252,1
0.7757734460716743,0.7757687534542952,0.775762209249631,0.7757663513868465,1
0.7767679478849981,0.7767620709889179,0.7767648448298838,0.7767657379317985,1
0.7777757958669306,0.7777573640651408,0.7777737968598714,0.777763083791593,1
0.7787619083728324,0.778774668479419,0.778772428259115,0.7787750413622807,1
0.7797737732795075,0.7797800689947785,0.7797725633889545,0.7797689873828891,1
0.7807724854026573,0.7807769881164125,0.7807668738941445,0.780767511327858,1
0.7817702269716988,0.781761248857778,0.7817724621638139,0.781762341128252,1
0.7827730380693375,0.7827770992215535,0.7827703883904695,0.7827811583521237,1
0.7837664712692767,0.7837797300771819,0.7837771494590559,0.7837651936075323,1
0.7847883287462699,0.7847744560483473,0.784770387354664,0.7847677393388008,1
0.7857746756856374,0.7857751387414138,0.7857762890034184,0.7857742867949946,1
0.7867799429033274,0.7867748386276135,0.7867671019561906,0.7867760299692985,1
0.787765940389511,0.7877795466309323,0.7877728812766264,0.7877785945795523,1
0.7887853491536864,0.7887740350353024,0.7887840850600714,0.7887766118309454,1
0.7897885457537901,0.7897779540167138,0.7897755773148523,0.7897832159720317,1
0.7907786018321327,0.7907765735332101,0.7907783915815272,0.7907805577481198,1
0.791788492682438,0.7917721113430545,0.7917818971850765,0.7917849062997551,1
0.7927837500256577,0.79278933210863,0.792782411056134,0.7927818600255718,1
0.7937867454315188,0.7937842803528585,0.7937818317400924,0.7937863645039818,1
0.7947815221433187,0.7947817288990247,0.7947821448146759,0.7947915501305856,1
0.7957696807040058,0.7957877637799595,0.7957859571448568,0.7957773814334895,1
0.7967883354206825,0.796789165546746,0.7967897349829436,0.7967735276464716,1
0.7977946197348471,0.7977840991042644,0.7977912206265215,0.7977914931566912,1
0.7987844053033607,0.7987920910885505,0.7987868613225843,0.7987784319028921,1
0.7997956284994174,0.7997859145649747,0.799785517322476,0.7997877744604496,1
0.8007921519744173,0.8007905044387367,0.8007935311254143,0.8007840933439581,1
0.8017880798599397,0.8017912118064302,0.8018012812282551,0.8017912227290998,1
0.8027982189041111,0.8027929855686368,0.8027903744996057,0.8027915591706722,1
0.8037929516952337,0.8037968120224885,0.8038006668501316,0.8037955921980322,1
0.8048007301831884,0.8047899708461066,0.8047927216422507,0.8047911732821237,1
0.8057973680187501,0.8057940010038699,0.8057994446604809,0.8057911407872376,1
0.8067970119516634,0.8068002310863519,0.8067864702829216,0.8068074049533335,1
0.8077963820383735,0.8077876725982295,0.8077985882672907,0.8077979650151377,1
0.808798389326901,0.8088037547543634,0.8088025360236559,0.8088002881797539,1
0.8098020505779695,0.8097992780075526,0.8098086772540459,0.809792403819708,1
0.8108014990591719,0.8108011259239567,0.8108048672028311,0.8107965815314137,1
0.8117930834387899,0.8118025859168824,0.811803207954263,0.811809249798849,1
0.8127964509925711,0.8128085762716364,0.812814639874623,0.8128009139783652,1
0.8137973490927063,0.813801768931972,0.8138038738286406,0.8138066227431788,1
0.8148018478311556,0.8148125807974755,0.8147992321432297,0.814796108779044,1
0.8158113393579273,0.8157944327006499,0.8158047851569615,0.815821394211452,1
0.8168067465890421,0.8168012029685534,0.8168065198194879,0.8168065528028637,1
0.8178086110575096,0.8178111191227186,0.8178026122519659,0.817816245548084,1
0.8188100343802307,0.8188124427790409,0.81880566806181,0.8188152407194937,1
0.8198085245477658,0.8198111975723772,0.8198051442794239,0.8198048251516777,1
0.8208142518373431,0.8208085927766599,0.8208065416953734,0.8208075948941007,1
0.8218153065771704,0.8218086666225058,0.8218112235371539,0.8218118869505633,1
0.8228032260683827,0.8228054571807859,0.822814494202259,0.8228091276660071,1
0.8238190974383702,0.823818647849335,0.8238174096571456,0.8238229126727503,1
0.824814399368176,0.8248180592244443,0.8248118928099318,0.8248270766643792,1
0.8258257339840781,0.8258158752179885,0.8258177487469653,0.8258226123038127,1
0.8268160811192927,0.8268135336964628,0.8268211867655719,0.8268172090130472,1
0.827818732790066,0.8278136464611024,0.827809229457076,0.8278189985298672,1
0.8288233436290263,0.8288176897850734,0.8288260009664166,0.8288152992371918,1
0.8298145462975449,0.8298194836682838,0.829819406856943,0.8298236696634764,1
0.8308169460067005,0.8308276612920049,0.8308306554056334,0.830820625100686,1
0.8318280703739228,0.8318165393364687,0.8318271979295278,0.8318270582038646,1
0.8328271400092238,0.8328227450073785,0.8328080515781167,0.8328196141871046,1
0.8338206942437354,0.8338189325491335,0.8338244350388465,0.8338217290065962,1
0.834820701764776,0.8348195308240836,0.8348212472598974,0.834830432320884,1
0.8358225207005527,0.8358232511322937,0.8358235423377508,0.835827520793395,1
0.8368291080742695,0.8368116035441306,0.836831935002896,0.8368340086669981,1
0.8378225768951411,0.8378229663366041,0.837825576560889,0.8378240478077306,1
0.8388299484631986,0.838819096202397,0.8388232391907886,0.8388365248148297,1
0.839825188729993,0.8398360469712203,0.8398316065208078,0.8398207834912569,1
0.8408340074768069,0.8408302424943199,0.8408285534955496,0.8408320556162967,1
0.8418342049992596,0.8418353697909418,0.8418377230960696,0.8418338725113957,1
0.8428259546623889,0.8428304646055446,0.8428475480745091,0.8428364552881348,1
0.8438456802703379,0.8438408110042448,0.8438350428441916,0.8438353408691828,1
0.8448346519346354,0.8448261458117555,0.8448349250710971,0.8448408882075975,1
0.8458328376358618,0.8458378956008312,0.8458400937910654,0.8458312874336393,1
0.8468345803225151,0.8468317472793845,0.8468327260088034,0.8468303988104185,1
0.847833335595531,0.8478449351162418,0.8478332604526924,0.8478384701339331,1
0.8488363244950705,0.848844733168524,0.8488453946503218,0.8488431591887495,1
0.8498413705126053,0.8498386845421556,0.8498338804663188,0.8498495574842454,1
0.8508370424757521,0.850844159072576,0.850846138668704,0.8508380644383564,1
0.8518470319044784,0.8518456629078586,0.8518504816610187,0.8518394951095097,1
0.8528364135227564,0.8528403153940656,0.8528438871105555,0.8528431339064783,1
0.8538418766543624,0.853834297856549,0.8538461962588245,0.8538537055662392,1
0.8548471661010354,0.85484789052244,0.8548477070713756,0.8548468300781942,1
0.8558505041756802,0.8558478227142519,0.8558442824599977,0.8558418659012959,1
0.8568456019785705,0.8568484174943292,0.8568452664320413,0.8568484185402625,1
0.8578500435985164,0.8578520137450042,0.8578542618226921,0.8578482378849402,1
0.8588423099660231,0.8588471233283648,0.8588490691616859,0.8588396700050679,1
0.8598567931724503,0.8598505617394123,0.8598517566140227,0.8598566774821624,1
0.8608477001367002,0.8608537210605053,0.8608503015302353,0.8608499304165158,1
0.8618479908899128,0.8618601798679203,0.8618499743516514,0.8618553491730864,1
0.8628434778159155,0.8628587527955013,0.8628581139086327,0.8628533400234043,1
0.8638527191415232,0.8638558538538819,0.8638652978071583,0.8638450376703594,1
0.8648587649917927,0.864850296768344,0.8648547552628733,0.8648536154542594,1
0.8658537142645669,0.8658558035302106,0.8658501850001296,0.8658610017580365,1
0.8668478861393009,0.866859555679421,0.8668552241775942,0.8668510022323879,1
0.8678588697747108,0.8678500731024243,0.8678580564269665,0.8678507434733188,1
0.8688611652192805,0.8688542370721907,0.8688566038887737,0.8688603286057985,1
0.8698559971493006,0.8698595700398615,0.8698522907073536,0.8698630142378778,1
0.8708696854298886,0.8708748219052005,0.8708613167015943,0.8708648018815649,1
0.8718529587334973,0.8718693755334934,0.8718657430043855,0.8718594421946371,1
0.8728690487668643,0.8728615904824796,0.8728605727369477,0.87286523953749,1
0.8738585470913647,0.8738689719876859,0.8738585839148042,0.8738586135899147,1
0.8748603164159229,0.8748686623650525,0.8748617809880573,0.8748581248859431,1
0.8758628374658662,0.8758657056540124,0.8758599610034475,0.8758601074603207,1
0.8768774233485374,0.8768625640398479,0.876865251655023,0.8768650306818628,1
0.877865761083829,0.8778709746015677,0.8778726085826202,0.8778663380957102,1
0.8788626864774359,0.878875241070008,0.8788683921634128,0.8788775204779431,1
0.8798586419403821,0.8798708468859764,0.8798794629015393,0.8798681035491928,1
0.8808697434037542,0.8808723484293288,0.8808680768917765,0.8808693105112106,1
0.881870182796401,0.8818687347681997,0.8818780161546229,0.8818741772620333,1
0.8828741260140334,0.8828769157279073,0.8828715510937069,0.8828690018537811,1
0.8838708607523508,0.8838738827890794,0.883868577815332,0.8838713725687909,1
0.8848722942916656,0.8848854976560241,0.8848610058001752,0.8848739767762679,1
0.88588450434484,0.8858764850981966,0.8858796429632431,0.8858763750074514,1
0.8868735402099708,0.8868656672972043,0.8868779041553121,0.8868729988438538,1
0.887873876200847,0.887875382941598,0.887886602184911,0.8878899020655892,1
0.8888799649185665,0.8888765550427593,0.8888729927467915,0.8888812215796865,1
0.8898887944078803,0.8898786431779449,0.8898679848996761,0.889883230128239,1
0.8908858078794382,0.890872951652679,0.8908817633017992,0.8908831370109616,1
0.8918815163453718,0.8918779280272865,0.8918869615679997,0.8918798649831521,1
0.8928754569520694,0.8928726355104545,0.8928891871304828,0.8928859662027652,1
0.8938843237516195,0.8938816825106995,0.8938812388918128,0.8938785052006416,1
0.8948827276066621,0.8948742844488093,0.8948812045666176,0.8948833301973032,1
0.8958889352861219,0.895885686253569,0.8958898605014552,0.8958926315614115,1
0.896892177737356,0.8968892394361238,0.8968869462002828,0.8968819829468448,1
0.8978915876081448,0.8978962866247989,0.8978895984180861,0.89789747418363,1
0.8988812610303485,0.898883118071965,0.8988931648964276,0.8988902103399397,1
0.8998964588007728,0.8998898125316863,0.8998855500127773,0.8998888219236789,1
0.9008832274710363,0.9008852479375254,0.9008957531108805,0.9008952548279633,1
0.9018937069133159,0.9018832865042871,0.9018900998740144,0.9018857668924486,1
0.9028987755591618,0.9028899742822251,0.902887464154339,0.9028930418737184,1
0.9038906931216096,0.9039013126134449,0.9038902198394062,0.9038868977525977,1
0.9048841303273162,0.9048947409623829,0.9048920852443256,0.9048877503718624,1
0.9059018420282022,0.905899232121633,0.9058957548065012,0.9059027175271168,1
0.9069002095770639,0.9068927826173893,0.906891700796077,0.9069009868046192,1
0.9078998797326802,0.9078987466367378,0.9078936654088835,0.9079009376357329,1
0.9088951214044831,0.9088983889656259,0.9089061336196308,0.9088955947277199,1
0.9098920349536146,0.9098946371639406,0.9099048713940334,0.9099011735555869,1
0.9109002565140075,0.9108983554318744,0.9109033277004387,0.910896655376646,1
0.9119034302297451,0.9118982456290579,0.9118974136049756,0.9118987144647278,1
0.9129010258656705,0.9129026587537232,0.9129040801818784,0.9128844610764457,1
0.9138998656511151,0.9139019460540171,0.9139114292140968,0.9138985038908619,1
0.9149057188879954,0.9149123800564536,0.9148983400622552,0.9149068747810343,1
0.9159018945467362,0.9159033827371945,0.9159018903517362,0.9159022466193638,1
0.9169205164676464,0.9169111291862673,0.9169124155962158,0.9169093668743411,1
0.9178998766239659,0.9179098826977595,0.9179132725559804,0.9179036409105377,1
0.9189137355422446,0.9189124305899581,0.9189181691091329,0.9189068199938463,1
0.9199044218549985,0.9199081017693631,0.9199170877648758,0.9199007678805058,1
0.9209005690323337,0.9209113578873056,0.9209086979644471,0.9209109495503768,1
0.9219166384707681,0.9219091490651813,0.9219025468827573,0.9219221343196979,1
0.9229079267714757,0.9229076177273028,0.9229184315129815,0.9229109904673076,1
0.9239135969646537,0.9239163278645341,0.9239193318294294,0.9239122466104479,1
0.9249225146749446,0.9249042359156713,0.9249187138510997,0.9249107172771248,1
0.9259227772724989,0.92591662613831,0.9259125513892559,0.925919230121381,1
0.926921382858653,0.9269201263875312,0.9269117684357188,0.9269144968312988,1
0.9279178975537323,0.9279177116196546,0.9279216666452951,0.9279078434117554,1
0.9289205905541916,0.9289174690121467,0.9289147264158369,0.92891520648503,1
0.9299188472315973,0.9299019144943976,0.929916413472066,0.9299155408457968,1
0.9309235848369676,0.9309168932875084,0.9309198453519201,0.9309286323040592,1
0.931926893679521,0.9319264332789217,0.9319194225597699,0.9319246370833184,1
0.9329217534339206,0.9329219424568695,0.9329249713496416,0.9329199379549807,1
0.933931388939446,0.9339231232732259,0.9339270157267552,0.9339312019263202,1
0.9349300831937979,0.9349178803294115,0.9349271494044,0.9349291785218973,1
0.9359303852410368,0.9359203594517553,0.9359226407497409,0.9359308987171047,1
0.9369231181250735,0.9369254284466436,0.9369348063059745,0.936926687930675,1
0.9379242940572388,0.9379235398411436,0.9379295915245758,0.9379212621878855,1
0.9389276922491094,0.9389305950816038,0.9389354246780316,0.9389322666693307,1
0.93992635960434,0.9399358220265178,0.9399284323547422,0.9399237514148198,1
0.9409300707241346,0.9409381217769367,0.9409317571311813,0.9409309935402526,1
0.9419401179901554,0.9419247751576967,0.9419255039363617,0.9419238526995771,1
0.9429347961738653,0.9429337653985684,0.9429406466147693,0.9429341503083186,1
0.9439319131481366,0.9439339429082984,0.9439345224710263,0.9439255751275674,1
0.9449484865931567,0.9449375342900255,0.9449359849764751,0.9449380107548564,1
0.9459394829908389,0.9459352331685085,0.9459327797302547,0.9459389331893675,1
0.9469388654911396,0.9469328874864414,0.9469440321149938,0.9469384036971186,1
0.9479415870347493,0.9479448975423763,0.9479380473820437,0.9479395226979728,1
0.9489429890751315,0.94893531463352,0.9489392091972533,0.9489395666818723,1
0.9499351596471816,0.9499515281238834,0.9499329034727225,0.9499334494204216,1
0.9509475120738194,0.9509445072721949,0.9509358111168535,0.9509439773860164,1
0.9519492811941669,0.951941790626654,0.9519549360564423,0.9519333216328876,1
0.9529464120602122,0.952948775584624,0.9529473996624509,0.9529419211643096,1
0.9539424917365339,0.9539461646697994,0.9539480227163772,0.9539469563111254,1
0.9549501452343989,0.9549398505951596,0.9549438060900494,0.9549402448652844,1
0.9559440153820655,0.955951022050405,0.9559464858655495,0.9559589802417617,1
0.9569479139787829,0.9569472454063498,0.9569474778615441,0.9569437579034826,1
0.957947658764886,0.9579535868880835,0.9579485178012885,0.9579439806492985,1
0.9589443235258466,0.9589466979394907,0.9589493182661211,0.9589549168816264,1
0.9599432475067431,0.9599483508185606,0.9599506715000472,0.9599407814211118,1
0.9609467829595362,0.9609475515082523,0.9609469710990817,0.9609519103986761,1
0.9619511491539045,0.9619491755214389,0.9619540917650847,0.9619605673255401,1
0.9629611492355367,0.9629433390940926,0.9629558383138721,0.9629520628365026,1
0.9639547297306683,0.9639519625387862,0.9639545418971034,0.9639547109909343,1
0.9649520601961682,0.9649504731172158,0.9649527114765419,0.9649561262512772,1
0.9659589509376644,0.9659602227008427,0.9659534850058407,0.9659573751787924,1
0.9669617694699167,0.9669627849314326,0.9669566627926863,0.9669558522983323,1
0.9679589135791271,0.9679522094205935,0.9679569899104027,0.9679616808899503,1
0.9689621686946063,0.9689576076209372,0.9689600475499645,0.9689548357072576,1
0.9699634774207011,0.9699595708527793,0.9699585802027015,0.9699581513407796,1
0.9709606464916265,0.9709587215727363,0.970964251676141,0.9709589845432208,1
0.9719699267824421,0.9719692880144793,0.9719575042445127,0.971962310483309,1
0.9729597096798562,0.9729613297251469,0.9729729751003011,0.9729614251058774,1
0.9739657650941494,0.9739666705704341,0.9739589608171015,0.973959688486592,1
0.9749589348531079,0.9749605351112955,0.9749507148144184,0.974967687876969,1
0.9759762369351722,0.9759667050696611,0.9759588846216692,0.9759627520840515,1
0.9769646725827418,0.9769618790430808,0.9769712678801589,0.9769710182671888,1
0.9779621907089988,0.9779715933731902,0.9779756020312859,0.977977480758994,1
0.9789832950290844,0.9789644590057218,0.978983090071101,0.9789671979370265,1
0.9799670076426931,0.9799716053318444,0.9799670596632996,0.9799719651906732,1
0.9809643705850323,0.9809697772079606,0.9809773988821427,0.9809706856645138,1
0.9819726799509056,0.9819743482649955,0.9819778252801186,0.981963695848411,1
0.9829758955932321,0.9829716322772767,0.9829738061624494,0.9829782727238218,1
0.983968003040717,0.9839689107517668,0.9839642968241754,0.9839712281792652,1
0.9849816271366969,0.9849743720390326,0.9849682743504967,0.9849725465812521,1
0.9859685366674585,0.9859703500454673,0.9859779200705273,0.9859701066093445,1
0.986982540148503,0.9869766213755228,0.9869774049504967,0.9869755851121389,1
0.9879818422171707,0.9879818937774169,0.9879796532497375,0.9879808019235075,1
0.9889779185306294,0.9889816899940136,0.9889772895901017,0.9889789901370898,1
0.9899786067612332,0.9899776938872834,0.9899765344209914,0.9899823184304993,1
0.9909875340105451,0.9909868364908393,0.9909746981543013,0.990987426996238,1
0.9919803911894739,0.9919849856470577,0.9919774509053217,0.9919826918815513,1
0.9929845515988974,0.9929755599590233,0.9929860243188147,0.9929897126580222,1
0.9939831107442556,0.9939907848246382,0.9939830355165168,0.9939882319066392,1
0.9949738921351552,0.9949970788738816,0.9949924622762112,0.9949835618574637,1
0.9959761255408528,0.9959874261278275,0.9959787663582506,0.9959882102536738,1
0.9969890448155828,0.996982279971142,0.996992591822105,0.996991014860501,1
0.9979928671046744,0.9979880322765062,0.9979809103676534,0.9979928773493489,1
0.9989876371319933,0.9989820400882731,0.9989957491858189,0.9989994860265915,1
0.9999897837493451,1.000000785595763,0.999990446563633,0.9999880877104692,1
1.0009878386987199,1.0009991764030308,1.0009870902715838,1.0009946673375407,1
1.0019891961728167,1.001989690458179,1.0019971432404617,1.0019900918077604,1
1.0029909690160959,1.0029986570164788,1.0030009799794593,1.0029962164420094,1
1.0039907201451157,1.0039914409514974,1.0039943935703126,1.0039955986443037,1
1.0049900556654443,1.0049986101846928,1.0049954225616433,1.004986416453402,1
1.0059913513635836,1.0059934753526276,1.0059956317075516,1.0060054423899734,1
1.0069981878535277,1.0069927931375475,1.0069981001510184,1.0069952365582597,1
1.0079996217891958,1.0080009008364332,1.0080040441512341,1.0079978765655198,1
1.009007193801637,1.0090035391123116,1.0089954618012749,1.0090100482773277,1
1.0100016349725665,1.0099958243774803,1.0100082645652562,1.010010388887926,1
