x1,x2,x3,x4,x5
0.15707480695568793,-0.04372301107924299,0.1448275599440611,0.24081216453442766,-0.02617914315211801
-0.07303960583701892,0.5003919417140642,0.17260462326900536,-0.07322941713216735,0.061661057967674286
-0.1445435397287602,-0.14527467753709278,0.05610641072319368,-0.3005141667641403,-0.19084967445303488
-0.17480792622799723,-0.317282319532683,0.07327084274610478,-0.14056820944278553,-0.15489735105001062
0.4674828399653958,-0.0673927311183995,0.01910376961207577,-0.22126846402740763,-0.056859834886738514
0.04008180774975825,-0.3589711226829782,0.08901363580829356,-0.08996431054314696,-0.0276073476524741
-0.18427033177685595,0.5917477983349917,0.002987934803844803,-0.16123277607165337,0.09796932290647202
-0.37905765307917183,0.0730554750576064,-0.4311885540400542,-0.20299764654193367,0.02901676228390601
0.24153164487805118,0.06219941673485769,-0.017851734082111746,-0.0396006664897994,-0.15729577582648485
-0.21862571689180885,-0.13665776047234648,0.24538872484414959,0.06333983104538975,-0.18810487271363416
0.1124943596535953,-0.11176369925871131,-0.1413543508049157,0.10672452318281889,0.1252792608635485
0.30550764261502117,-0.2543728715598678,-0.058130978177742,0.06338835844892154,0.12008027197922445
-0.139516186754625,-0.04669851141935912,-0.23537200876428216,-0.17712486220177498,0.10285516062937938
0.4418937674305768,-0.009758586864936853,0.23740979074740517,0.07019268916902431,-0.05911356823323903
0.1282973389922422,0.5003838814797553,0.006003068132572243,0.26140589795925473,-0.2788823928093325
0.2749234078572364,0.04254171494228715,-0.051845061126363286,0.029523667700911103,-0.20720194513563853
-0.05345033433154178,0.12894492672170388,0.3464831707744306,-0.06592970064285122,-0.0743763167561284
-0.14165249195893415,0.30649258370502647,0.09052799990477123,-0.06674542586392077,0.07440206057093154
0.04871663457873818,0.3243304594376347,-0.1389658261543621,-0.033789916295428934,-0.025821006228752056
-0.44378504356104925,0.112660472707437,0.07739275246691324,0.019827527504353706,-0.007208619824662886
-0.4275595078241767,-0.11299971068350123,-0.056613275562963146,-0.1068311542660009,0.0019877292657886556
0.14879312082867174,0.6174853748532831,0.06005780670654372,0.06174331336853278,0.012697714606002358
-0.584746712889407,0.013637598420267483,0.03548990639474389,0.4114947972169314,0.0005154123486203754
0.11838066543749595,0.012046197634642979,-0.23830133056980998,0.2037191758166031,0.10709169180378295
0.2741702894853964,-0.26354953924945446,0.3376983677943335,-0.1976280909135425,0.08963664176479276
0.7177079141339292,-0.2882100642295808,-0.10160299686453428,0.04078128930612157,-0.03126526435597464
-0.46433680662402205,0.04770754238040479,-0.21151230563817866,0.1009075641971499,-0.07676872836934763
0.5171593213983604,-0.2206594118337945,-0.044988117290227045,0.15565539315954954,-0.11058778710422973
0.09995717500622792,0.44138286107985675,-0.33141615048898637,0.057221204335397756,0.057083807734131346
0.2762631291920366,-0.3621291309448864,-0.26623404579052895,0.11155523667221022,0.06223292491027734
0.10924282449809668,0.1395865733597921,-0.1220281203529573,0.06675256393121771,0.06279652866152219
-0.1948667220424076,0.6210407365814953,0.1369832931446349,-0.15733059075318892,0.10443595601993283
-0.27618937512151415,0.2809300379397558,0.2911018793411604,-0.09772923603890837,0.13974075767657834
0.16356582341252152,0.29299128095953497,0.45716883787891355,-0.005766234832301181,-0.051237231997132
-0.247255126886187,-0.22394782987414646,0.016793567690896783,0.08797489746828396,0.06496900583656783
0.29661334596424654,0.03914659425757804,0.3600551354486535,-0.006810884532929801,0.3391591933747019
0.233889423689444,-0.23502098315393674,-0.20342280618988484,0.11232162305458637,0.011052137114533782
0.26282381821869777,0.18668791385104416,0.020751997094220802,-0.09685280583389486,-0.1323280314591875
-0.10316238774723152,0.30885511558646317,0.0859108545812963,-0.15893055747827997,0.05740025416851772
0.16088709323815073,-0.24046122348821508,0.07341301771329478,0.04824264553747987,-0.08874892507158363
0.15318233771203904,0.21737567803027735,0.2822176603255975,0.20666077440951852,-0.11398807782352126
-0.2555252762459701,0.2039094930103207,0.15592707225344793,0.12247723065739238,0.47178951664894364
0.22257347287875395,0.40113942760183324,0.2553633214245898,0.14503604214371463,0.006793868930500838
0.2830501841151699,-0.20134574807165678,-0.009911207257701928,-0.03369967217495899,0.05219685010639855
0.7760033516749438,-0.5464370563702451,0.19749648763697994,-0.210948724539057,-0.008719542588629989
0.3894014596267373,0.06537217188312291,-0.19594601353948932,-0.06805440195637372,0.12102638324373356
-0.1849161622751067,0.11449626226470955,0.05623621923451256,-0.05698101508354525,0.28574628223056153
0.24750984331024978,-0.5933592689972487,0.08873949929930537,-0.05759058061989703,0.1423519911916067
-0.20256901458853963,0.011765199482248884,0.1609666364053433,0.18493596353299369,-0.08614916991822563
-0.0567295294908055,-0.10114184567955209,-0.0970398085232099,0.3281918742535716,0.09432738081669245
-0.348676466035798,0.34030348307904706,0.5245786015893185,0.2132971414670909,-0.1198206762921857
-0.10207720804067834,0.45168353350016166,-0.10718865202140333,0.12122506418982723,0.1376577711087611
-0.2410691002280192,0.033228481683272165,-0.6727173585123853,-0.10991785562514811,0.02381407427872382
-0.3415306350530729,0.5692668329159876,-0.26673628080246636,-0.016524089435053624,0.0676702939645163
0.5098246864751721,-0.4000054263215513,0.31414537593227476,0.055672043066923055,-0.05568194915831286
0.20118500438994855,0.11800325789024532,-0.07915751880191552,0.06609173375491062,0.011975685293162786
0.09195339254902032,0.2654401600710687,0.41070019749193537,-0.1396597589114601,0.29453643725641554
-0.5602473068546687,0.0090583955393011,0.18860878366028636,0.10148577235843115,-0.012562865736709207
-0.0077559762308201385,-0.09784252615331773,-0.07372790794893178,0.19239194463014778,0.09797360283995646
-0.16005819430184898,0.34353751797634163,0.12777332087238047,0.18758384501913794,0.12945370361584238
-0.20209118028293102,-0.11708473884641613,0.22715999008070992,0.15656807280062454,0.057723190812963336
0.09816323737739843,0.46509417677437076,-0.07121832283702652,0.14756475238159283,0.03845523529140229
-0.006774778538339105,0.40952581131698496,0.24663076866975453,0.19068922947488853,0.20801902986118298
0.0697050609803619,0.2787155277042143,-0.0063146928270718244,0.11431826379568649,0.04851262724478338
0.09473688138635876,0.2522692406472057,-0.11889564276657263,0.39489954098009944,-0.04841209851491958
-0.31889508747988293,0.43129187939180036,0.24208622496023877,0.16374707280168538,0.13531622866864776
0.06219329644777058,-0.21767067937774043,0.08301648057861713,-0.04100260156574072,0.17508776657224429
0.020563439838359898,-0.19397806732779094,-0.0047969918271406065,0.13235726271889944,0.004040746034299214
-0.19194085079538534,0.1451287305650282,0.12284425858948207,-0.012086685854479168,0.015404384499623523
0.14244970236402157,-0.3888554072465936,-0.24564939846837136,-0.044526936478113274,0.04520495202749901
0.16838767497686058,0.5366186706350802,0.2618485919737272,0.04478156805489425,0.06794399339283602
-0.24595655027462315,0.06521670343423168,0.006525037179271484,0.12209735576501315,-0.0214161600726432
0.2363038600591899,0.5567666744179538,0.04775256355282183,0.1355882723031346,0.149232516058527
-0.05380398043160646,0.14393733797715008,0.07588881948787456,0.08851702029174185,-0.013352048125589044
0.08182487172466293,0.23155496119482527,0.39855964928847476,0.22574810924309988,0.31480719122186873
-0.1675815304954779,0.35092708127564076,0.11607159387128618,0.42131331986934684,-0.015295420532457
-0.18946728615229447,-0.11346852115960965,-0.398841445591712,-0.007053091913044554,-0.008797535682644408
0.12463576819726155,0.1851498058199928,0.49660163046603206,0.22735228063643875,0.012577287550613839
-0.2060255863991648,0.23363657874443416,-0.21713504162699276,0.3676571351171168,0.20994349234424586
-0.06928728925548489,-0.46266162594163673,0.3818141452283684,0.060968739387004235,0.21747114994061645
-0.42412221653591975,-0.10945894443488247,0.08125260698242548,0.08750836418626456,0.029761230652426002
0.2780435237510692,-0.25653014225651405,0.049244060370178554,0.10010149052000011,0.13859709124213593
0.30711446524447616,-0.2735609741883108,-0.26095627501897495,0.28410052562231153,0.11923591811518439
-0.1536091422658762,0.5736004070551753,0.10894871763820911,0.26954634007630884,0.09063187879161105
0.7357497966933494,0.6391715972880129,0.028414008088128155,0.23770293975765938,0.15623930879987744
0.5178843850236851,-0.22005050523139777,0.2384908551470339,0.2524366905720667,-0.11154796723267252
-0.2880931099946183,-0.5587757498766419,0.025844886543979796,0.1995394783726059,0.2540547108342317
0.11051791397274073,0.6021005427633904,-0.2215129805544212,-0.1822413246477092,0.0808766655507606
0.20954024701041918,0.07774910093780975,-0.37420601943532034,0.07399697258685739,-0.057756035797114316
0.30085814316841397,0.2050176334779864,-0.12107442020150529,0.007839595439418229,-0.02933458279244376
0.07026921918344287,0.39213261233033525,-0.13032495458974824,0.16978684187547977,0.030805486076694137
-0.15963731339067305,0.05724511946668324,-0.1403961295203564,0.0035514495977343186,-0.04283572873755173
0.7133927317113768,0.10324340635393049,-0.06437128805410727,0.12592528666407482,0.07953343434765861
0.023216370275066678,0.2873096566097589,0.2624769664076905,0.009213496703970148,0.028714656654801246
0.007115110364689842,-0.6338372933771175,-0.2447129273035134,0.31021589210403605,0.27800707550315756
0.01634298464850069,0.27741841550367263,0.16469274545176127,0.5819088950400529,0.2202673754886461
0.05564500190787879,-0.20607232277372156,-0.26311622133393686,0.12826652161407376,0.011533512031679558
-0.352659016198136,-0.10736720165398064,-0.14474438860400043,0.36385761220359325,0.1956674185073653
0.09557692754529064,0.5660975269690038,0.11539817761851723,-0.03808289134771857,0.2683885468451779
0.2695174182975352,-0.22890693509311255,0.05653807680485937,-0.039348302976614555,-0.05550261078613471
0.39298315689098473,0.7039106587113453,-0.2126291165185554,0.18911335212753194,0.02735604941952456
-0.05294147077690359,-0.08623030616290445,-0.09209310819254218,0.10877304410534751,0.008198053790778898
0.18762805992246567,0.08621541698209213,0.048671694513692326,-0.04139631258063539,0.03761710697091239
0.3419787829147027,0.2615070263049983,-0.11548489480999767,0.11880891962269625,0.18711073736697015
-0.42380819852161866,0.27592968388289024,-0.04406307274683065,0.19432367523480254,0.018769136180193047
-0.4656487295118133,-0.4095690041242856,0.11585722604803528,0.14617083835694938,0.0039994327592725865
0.30804677274047476,-0.41931267137736455,0.09133021393461625,-0.08537236762443512,0.03322861374438066
0.12209588304966308,-0.16497948924766673,0.021117873304875454,0.26621597061545244,0.04260863531107212
0.37237715778436087,-0.24913656679417912,0.22657592376630464,0.3360401203434193,-0.16823014781679718
-0.14289129727773714,0.29159533871799587,0.06370678053812724,0.1677924243103977,0.04158151236413522
0.13749220516253802,0.0608806457423954,0.37123411738772816,0.1503375775627414,0.14785523519936222
-0.01913582175958961,-0.04308351582323924,0.014388159892231717,0.17347947100353336,0.06404361528178289
0.20374696775631368,0.7684114702573206,0.30690151748737293,0.06056326548893456,0.24641191138599822
-0.0159316504639799,-0.5313984555102859,-0.11230183872671726,-0.18268506182106442,0.07381271084690544
0.11993851701887706,0.6442501402421988,0.187217297258329,0.07947127873494661,0.2068444771363142
-0.5841072640133991,0.18962298046683138,0.28748581261709644,-0.11866989756797618,0.24299070462266137
0.22315807886279992,-0.015209453150527213,0.2576104428703984,0.4751441809830529,0.13644938157232162
0.19561135860226214,-0.02814555393997939,-0.07291386092475499,0.248404737271894,0.02140403565860098
0.14074934943623768,-0.03293042919372141,0.22522126314011173,0.17087472919780144,0.23411861035471837
-0.04216222732267012,0.03377717122735763,-0.09973910112083319,0.04887018657401575,0.1613025966387429
0.3595009392620563,-0.17149416024276348,0.31456991521937083,0.3344652859289897,0.16634354751408223
0.7146160681961145,-0.12357250867936,-0.15719213139079496,-0.1601192442188359,0.28838396001320526
0.32905071178910766,0.10454470581532779,0.1847250101239576,-0.05583332142967032,0.3955655062485173
0.1639864488212046,0.15771679463489924,0.285409473806923,0.19917736051591128,0.14815411799134068
-0.12584584701472334,0.27321550944886874,0.544957595067923,0.3368537118990539,0.3022478040245876
-0.03653546618549522,-0.18781539642474032,0.09699831472281034,0.1339360073873942,0.247459455910363
-0.409078182791106,0.6098124066594968,0.09079448590567485,0.058630302573951035,0.012969416955791568
-0.39618450129504457,0.3874365219441793,0.14352152298766413,-0.07683359965996475,-0.017667081400432938
0.02194368280897517,0.6559190765044083,0.07008173732612283,-0.10953964090611751,0.10065321831336518
0.04288636392768601,-0.7237013091689338,0.11698842789281859,0.09261517383711003,0.2069673670336702
0.7148213854979131,0.4863812726967105,0.07000479108397947,-0.044826977950434804,0.4178405026617387
0.14985764422654826,0.13553595999495852,0.125736597657024,0.1624510818209304,0.1149911464150408
-0.049275722752340906,-0.04079984918265034,0.12480827826329297,0.04620913144521116,0.05243355075512304
0.16678932627280507,0.052502257282946496,0.4694361891485288,-0.28602199700997044,0.25516730907340424
0.5281808708243209,-0.5215294271414275,0.057506858593182705,0.07540417650352974,-0.023230457291614853
-0.11083209835234412,-0.2160597834687849,0.5269547177810271,0.28307887912275825,0.27729931661229223
0.36434888074528876,-0.22090138319324226,0.018849839038349664,0.2135130482574235,-0.0005019067576269576
0.3626070378840638,0.06113957336048299,0.05332465663091049,0.24954977837333325,0.18680728535673452
0.023990613913507,0.5047504119327544,-0.10359497071141135,0.23552610863524298,0.2044488746560354
0.04125196015640929,0.24227145618708384,-0.14061836129790214,0.2852406391506372,0.11846645182556591
-0.025159392884169463,0.4718659841575923,-0.017355897017528404,-0.08255714449497384,-0.03389629224779808
0.3327783142391454,-0.26376617254114476,0.5335250488849588,-0.18804080168877266,0.3308107291590884
0.20887172438615753,0.11155877083083142,0.02029453010795007,0.2052511030312404,0.13793445449539526
0.4920378325354006,0.1792650972968962,0.17675163871981478,0.08565100436072912,0.13677642886007157
0.24147960989691106,-0.3966585861782671,-0.15731928086611804,0.2616645161508102,0.16324748087711227
0.08696450570601294,0.15097446661731834,0.2228667772375451,0.059801646200049144,0.058128031484701234
0.20807785365068374,-0.16324249165074403,0.23743423752406362,-0.12305595866636806,0.2612092443705091
0.2965955932358056,0.2281108580631086,0.3668835312449795,0.4104817786124145,0.26055716813321816
-0.43398739754382176,-0.2564896174892845,0.008434466814920966,0.1522735054087507,0.20602418609489384
-0.08035119558491272,0.20820998584592854,-0.019759609429366276,0.05245969478931484,-0.008120342543702863
-0.14180183677997465,-0.27729005304325366,-0.06806174295796635,0.3167455459117825,0.044004127490600634
0.9835834508174703,0.30715196888283064,0.19248176487908092,0.01543286951621256,0.2294481759348104
-0.029880511673807814,0.1907350432695833,0.7246044577236708,0.1369637484052884,0.2806448162672555
-0.06921075688011255,0.14208882096699757,0.5491162127412368,0.05402095712796544,0.35579106222328327
0.37796496759733245,-0.02371345784558354,0.29556482355666347,0.3079285146217522,0.2236746213843655
-0.341393500160219,-0.07478580954373573,0.09980830567603907,0.143386196654515,0.22454840524818998
0.21235014670023505,-0.2661168072619262,0.24117098013102323,0.2526982392525709,0.21874263089259924
0.49893003155335247,0.4208664971221054,0.2598329442640095,0.14606298406438217,-0.028543920608506107
0.29401536783458815,0.2238347714989527,0.2188850322800785,-0.04371351679025981,0.037292362564477
0.4921953332428818,0.14665072122061681,0.31154734776302917,0.16363668756963928,0.16248599669218178
0.45687155201372615,-0.003027511408786293,0.18165341928917347,0.08706801924416797,0.11158200513486682
0.06339235124199134,0.23140602752178463,0.0541097149437748,0.3597136382871983,0.061141024114635706
0.10306815959712212,0.023106991955899853,0.48571625329753976,0.19324020110025922,0.2775258887853538
-0.3066122748854589,0.24761187215320152,0.3620906565522859,0.17617340421692357,0.282287490530068
0.0005831932026109099,0.6098389567155992,0.6782134119401,0.10679435046786476,0.11435546806418012
0.6247656915276458,0.6646697360720115,0.048250108821955795,0.09872779592519085,0.13366068814390097
-0.2589864154583994,-0.12433708661755158,-0.058366535177472284,0.04476671178314305,0.16228827786672778
0.24123236880542234,0.6574784742177691,-0.056071582903185924,0.3228022037224601,0.14324248706142462
0.15252636976587378,0.38156482864063035,-0.08288010783676025,0.22863245803759233,0.18677809079663527
0.3248959322586342,0.260612323434257,0.7181909709697195,0.06833362390946564,0.1098019048076961
-0.026884166415689442,-0.005487118295346066,0.02764607570610156,0.35817019086478574,0.3289873732117969
-0.009314654263615663,-0.09204277224324389,0.27658289414425963,0.08385704135317672,0.2419350996523627
0.2363420657293669,-0.3071482031665716,0.5182048547430238,0.45612536447342916,0.10366031378386387
0.05057117499337371,0.2635717470636404,0.24795998496790905,0.27729816525842943,0.3979208730411816
0.11821854772085771,-0.07826958008361842,-0.13425098147712736,0.05860398735145857,0.17047046601244406
0.7426641993433547,0.011492110415893209,0.22521568241617643,0.17257848730686862,0.30804158234684575
0.9752623720857005,0.008300730067483136,0.06673418974214163,0.3412725069350436,0.25241396238032743
0.7611573092816122,0.3618314827370729,0.09683702329938808,0.2705679059756185,0.3011340058312171
0.43763742539484307,0.33859231179359495,0.4166938897581617,0.36306004436816547,0.3327082511617998
0.3843192577246859,0.12633180197955782,0.211985356788629,0.36994499675828996,0.08784299450058604
0.2967649170350934,0.055795526270182624,0.18660771798852485,0.38232116841636593,0.20154570550664816
0.19586570706613343,-0.2488430883851769,0.3480485513900305,0.2832411914819063,0.42304041187910657
0.08485415851438927,0.2514836007212076,0.23794606910783775,0.431599445509951,0.1715278177637193
0.27141753694814713,0.3754169384202774,0.22491025164310788,0.11259583088111536,0.20488310407683655
0.5236963539670885,-0.1404284557306809,0.21391710721802532,0.07348536355913281,0.31779445911207993
-0.29648880694068996,0.0084385780444865,0.2695323246416278,0.43271626839041233,0.17783408252030722
0.01061668016639028,0.7810602837821657,-0.13759956518334707,-0.1614755615970562,0.23538129725625803
0.028423701400844603,-0.13575498515714024,0.3455805040333473,0.22573546472177555,0.12412127903807084
-0.21667961162503982,0.4640834200552374,0.3335775914847886,0.17250710726531596,0.3946484808346178
-0.14920132591478008,-0.29322422761479583,0.034473841345675466,0.18198140713233615,0.2163953667038344
0.11390465053157431,0.30151988174407834,-0.08966253271088759,0.4184694178903259,0.1810054092243154
0.54451115599423,0.2995704618335595,0.29332431588816316,0.2812793082798509,0.2412465299065542
0.39543897471328215,0.6125071274915989,0.23613566163921812,0.30429552937207166,0.18215943657047326
0.6485982430371693,-0.02070083343799592,0.5958957163348415,0.1868436636831556,0.03322767375068525
0.2347043671383272,-0.021173249991152082,0.3821678062327404,0.09100528268228712,0.14430936983906995
-0.4023300489495331,0.05216337830376094,-0.3468006991646811,-0.05524183053413095,0.28021213830648406
0.4446880249020257,0.33073769049442636,-0.02002624266955244,0.18865236841299018,0.19579342008129064
-0.16910988069894944,0.6726134835985312,0.3933813694594096,0.16225969366724174,0.20020312537839147
0.26409462803176853,-0.4474550580422978,0.1429276552165459,0.09036702059668969,0.08621367671074605
0.11030748155319485,0.7676775935833922,0.3424960192680493,0.10888787123181513,0.2632159002921127
0.6427152437753085,0.49259504413162636,0.213533956266697,0.09791051421621752,0.27826393983595726
0.3256322055933955,0.4842861533239906,0.3432299337963911,0.367150056442371,0.14136008535115563
0.6187987845415845,0.26468868375989,0.6662446404257648,0.09323204016196072,0.3962888557200303
0.26578808812823845,-0.002793256822942264,0.09500304137373863,0.15255184639330452,0.2506263976979641
0.36953930257999346,0.022784333594856238,0.1987583518182194,0.5429268890581642,0.3973494023247378
0.34318286452649316,0.21722296020720486,0.2320450258023571,0.3022109141690647,0.0908535200719542
0.12481659875167268,-0.3214464078873783,0.2954752102397199,0.30853686929988916,0.15218431743075422
0.7049455251024879,-0.1804139300641714,-0.12023697046201975,0.2426961557880255,0.32427635639547836
0.7407129002118211,0.06309626290087988,0.4494085751660587,0.20211948456674012,0.1889078893362123
0.4886470171591983,0.4154918157715583,-0.1432827930122209,0.44267073732297957,0.36350811336088107
0.012389914608393726,0.3353742773706929,0.320678718156719,0.2514263515230555,0.14868422359186825
-0.0011747460365436335,0.20313030442895078,0.4734413918362711,0.2971619424581137,0.16977526921220049
0.4562447715186125,-0.6885760571133857,0.4690840318374301,-0.06286068867364275,0.17169008307189113
-0.1408574962407206,-0.1962010175573918,0.4727819738813196,0.1392631601860878,0.2519535249140846
0.199376624375033,0.3650677693058063,0.23139211127129566,0.011355331778151484,0.32560023081477996
0.0590756739660063,-0.27701920122020585,0.11948575500341073,0.452506173175308,0.3102728957809185
0.1059627306354166,0.10577123261543016,0.14429643236934683,0.5445789039269251,0.25891789792656006
0.35320832660265034,0.5430214522498182,0.27061209640454637,0.17625905767867275,0.1952646367209254
0.19557591190971668,0.20644751352056062,0.38092113041916187,0.22643158392952226,0.3001298690029547
0.1936943954109631,0.24408584978318543,-0.22759203711082127,0.364103345974504,0.25795780849562966
0.535818727723357,-0.6956561478402222,0.6871950004582964,0.19814916208490438,0.3441188257063341
-0.10762590698135405,0.4149973442925716,-0.014329659560030683,0.12259468874548161,0.4352164321368257
0.16192315261010173,0.2909805339664684,0.4167752813071256,0.30059641026651485,0.2390395670723287
0.33863402571638335,0.983249964553174,0.2103392685283372,0.25501977436861817,0.3406899557398234
0.5738222202772081,0.5995961659458677,0.36704864379830326,0.043499279174708416,0.4068474213650689
-0.13728101749276858,0.3209269623152311,0.0565640177822532,0.2150840621956674,0.2619819801194882
0.32784830056145775,0.35964928377418964,0.5870630355934849,0.2979362957161127,0.1989286845428505
0.5320983587005537,0.6033708226828223,-0.04727422520840385,0.321684471980689,0.3056207230160828
0.13413038631255414,0.6632649204959048,0.19467477892739166,0.2480836089010398,0.20887821002379664
0.23415575664258673,-0.11744339243955532,-0.09277593722471184,0.48134261625231417,0.13453607177149632
-0.08327555768452208,-0.45073151475741735,0.08735403994465063,0.02103136542576381,0.4138131061377364
0.5505634334796781,0.013618984891963754,0.734891188801667,0.38646198458312364,0.19491397849370204
-0.5581492533519556,0.9566918840354701,-0.07848561730231457,-0.027928152746308943,0.3465590821199763
1.0047506863241062,0.6709787341886462,0.3593271457901498,0.3272721516300475,0.32864799335767003
0.4742285267488122,0.3231547700591635,0.2575343094109259,0.22433739173239814,0.14993843056755576
0.146477982701051,-0.30012471608075453,0.21324582619573318,0.07892525657601168,0.1118501986083831
0.2931237617749961,0.6764260095373196,0.4415780718250426,-0.012081712469690142,0.1255924469453502
0.5347352083477575,-0.0734525563610883,0.18700773789791186,0.32420811047094056,0.12897303590173398
0.2715608991396687,-0.18361766382925218,0.10376834510385782,0.28880020156145725,0.06013612444283831
0.3785295816113083,0.23302922195516698,0.36277974873548946,0.2746431724366706,0.3917547758531046
0.2798397049631576,0.10445028525495006,0.26758679326610757,0.3261432012420043,0.245702962171925
0.2540774610694903,0.019251978043721474,0.0930120898421509,0.019469875388912816,0.43684986772217566
-0.15110184991602008,0.02312637948178725,0.0816014941079953,0.3837422104798179,0.20926586571210884
0.6378139314500771,0.03026680770531906,0.30562823444904574,0.11116327699270243,0.4830782068220272
-0.1313073507305872,0.34221815530508726,0.3859610630774405,0.3096716263276798,0.22352845421212683
0.20419233538580117,0.25909964915510836,0.2123745983982617,0.3976479151524138,0.4923892301145021
0.06995186450047972,-0.18692348986925383,0.22650578011561334,0.6541341066558471,0.1563926979578416
0.7655814928734807,0.7777828277272705,0.12346115324688124,0.33721137126331785,0.4293075244295731
0.12835752968076486,0.183870485768175,0.11818044176791095,0.08780112124947059,0.1756568118966595
-0.13779464704703182,0.26002738827497013,0.07707800069902171,0.28621404755514807,0.07529482770888557
0.3548837669025606,0.5138352516901752,-0.1955625923451495,0.30939378697365977,0.3875078163021982
-0.13127082577180077,0.7801650806423887,0.3449467501319611,0.13977908917031784,0.24501607881699647
0.428810724506075,0.27628726738383447,0.3727217544917967,0.10668097546716057,0.27118736801575477
-0.19380252388862657,0.218080484350102,0.051133360083575524,0.13695575796142578,0.39145267156795804
0.5993568157213459,0.44688064142442535,0.010005694804392506,0.20422568565633512,0.38988270027935923
0.3000700782624035,0.9886916543405269,0.3432037978201713,0.28562088679183034,0.22069498390919662
0.29848559824742465,0.20804106051268406,0.41459416990956716,0.40752417444779854,0.16837996309154818
-0.1637155656943159,-0.3234018658273127,0.3708475711529338,0.08279967877328509,0.016556771559178174
0.3811376022910254,1.0466139263370846,0.2569007611693993,0.3908352904735438,0.2674070586716362
0.22798760514844432,0.5498967622730937,0.19435189796490016,0.30153769632377453,0.2952261674026012
0.048991508607543144,0.57397159624829,0.22113806933048452,0.14076645852802971,0.32024388430132034
-0.02285926145817546,0.2701729256998696,0.2592221916229581,0.4329564257165163,0.31433413713719127
0.25434804300808983,0.520862672182226,0.5731221205058705,0.35045981578167096,0.26341972034801286
-0.15157577787277327,-0.07355525096507282,0.19501294452833198,0.16689092223884655,0.24235923609740495
0.2821785434594981,0.4317678206497989,0.2485002582571844,0.34118692825960384,0.27147272298051167
-0.35943211385377305,-0.031778667862586096,0.2330463083347332,0.07399573221978692,0.3323393363615968
0.7503321823067289,0.6516726039350534,0.21853898939500038,0.5019707642657519,0.2828877932835644
0.16067132366499332,0.07329231330693778,0.19963298925521678,0.2058911231938591,0.2863203801522828
0.319046219576097,0.2692315044166248,0.3659706132199863,0.4565259740642457,0.3744316480264104
-0.20029669805658484,-0.5383515058039634,0.4781895526955278,0.053146770661313375,0.24413973338816425
-0.09975195794768305,-0.2995659779117035,0.39134501702511015,0.39030324047160053,0.20581444798224086
-0.5480882444288607,0.09853360970128841,0.3588813102649501,0.0374348205063213,0.29177153352002627
0.26743087287024114,0.4554603290636684,0.29901125552712376,0.11841656359459982,0.4060530331553125
0.22314182054735138,0.26463881974192904,0.06458821350225749,0.2031841952686702,0.1743493225112504
0.219583928103276,0.8155640230217645,-0.03249214712614251,0.019147816183490207,0.43875611721209107
0.20908131647511086,0.06369589782608223,0.5078050323891048,0.17951905067724025,0.4794293676285687
0.4906552600949116,0.12198514166423108,0.7586650576043041,0.18050433780407293,0.3592450611563165
0.3719219013646371,0.6889240171557374,0.6264417956281063,0.2823375775584459,0.19304259859941786
0.4237342414698927,0.06396586090629447,0.7284853533283506,0.29986640964361,0.23743408715930064
0.3376803198302456,-0.14671945780124868,0.06201977547898774,0.46908138348168316,0.20583626618874168
-0.05078204099172201,0.44998478133877096,0.5454117893833188,0.39395677993129213,0.3916417969949382
0.04196166109044569,-0.16833472956140283,0.6169896915493291,0.23026111899342033,0.25323729749154084
0.702294148595861,0.45817765554657774,0.38422188713082284,0.6245992097569251,0.21033475688776382
0.5766920942071897,0.3013124164031273,0.34334234266026553,0.5249553612391366,0.340061046906714
0.4545084508177729,0.6234408835984302,0.20267837310108552,0.1515935851231104,0.16747106521689437
-0.3365312661655765,0.9355150724542074,0.03860039537527207,0.2503020157304558,0.25433661750390224
0.38349681959307136,0.5442450426643906,0.47869400756716274,0.19409364837954854,0.2676015106591523
0.37664691375135095,0.20864424802605266,0.6467006844187133,0.36491724335068193,0.3694491215253842
0.4979097510133915,0.6593733047200339,0.32876593935373405,0.08324115338761748,0.3329747597836164
0.08331215388583238,0.12212601694032987,0.42040426983892426,0.4850790339772528,0.2916675238678111
0.38795186393671055,0.828577919512767,0.344124337803855,0.7016525098307884,0.3535161907684878
-0.2655107825221966,0.5295188291806807,0.3765208971704832,0.49521910736011665,0.36655525442253084
0.24850866578544042,-0.09486480390784863,0.24555327107529423,0.15781320069917568,0.22738779747748997
0.47941812724897764,0.8213634641657934,0.3815445302400954,0.1042075787309123,0.3430013827491943
0.6727023960616562,0.1014640087061168,0.2643271448110379,0.2966167017973114,0.2065399951204542
0.5002995686421654,0.257048132457184,0.3891056016295684,0.15497046092340708,0.2463859704530621
0.5247333392943825,0.17839610151330082,0.6824571529005691,0.23310826719809824,0.321416812310652
0.592208412668309,-0.1512293298229503,-0.09643152259966875,0.05606985326430569,0.43845849142598753
0.12378542966453562,1.1072719434310403,0.1721286996244043,0.32747842146104583,0.4707114324343356
0.9336815717441251,0.9512039699747485,0.5694982026314446,0.46121780169875887,0.3655458261450198
0.5464396845709381,0.12600007256533763,0.11734546805562984,0.29976675173600814,0.2812730810657562
0.15797800776636783,0.5215183480927065,0.5149140398636289,0.315279657377589,0.4664941863033183
-0.058731495745878715,0.24106180412624825,0.14201595863660033,0.007176949999482374,0.2930583206037733
0.2648033607091413,0.7818981345875193,0.44435708406986696,0.14136514758255123,0.5105971540483174
0.6904290620715705,0.4883797606757165,0.2536609202192037,0.15260364107532126,0.2626903216552585
0.6495978490682759,0.9012638226969318,0.6503850488106286,0.22801142502025712,0.18012827082390206
0.3508584494295329,-0.25292332360186853,0.37856880401134574,0.2829682882445385,0.2542018413976264
-0.1969820811146707,0.4697219216338587,0.18819177839178233,0.12232721361623111,-0.013821370597781046
0.2996073313519802,0.8687434715429556,0.6797771615060028,0.23603504427084027,0.24097895311635092
0.45754874507411925,-0.006407887748943686,0.37679202961482255,0.4304372368208833,0.4464846139322234
0.2786388104475753,0.24590301529557684,0.11398743560543262,0.17956904674969182,0.28498920042227827
0.42748248484343476,0.6002121367323796,0.1317150381294911,0.5473260970717815,0.28099877119952543
0.3055553805546822,0.07602323227370583,-0.22976428926389564,0.45209216268667474,0.39469396444753935
0.2243497284068463,0.33449763816520023,0.4286808296177562,0.06625312050226473,0.2541634258020844
0.5654828595772042,-0.08232682791304569,0.37995586348019983,0.0998198975667394,0.36646277168758423
0.3040444889908534,-0.1954342106512027,0.5757589525788611,0.19916618868249852,0.2247263389103642
0.3797418654884479,0.6795473392896609,0.08917165228999813,0.3260687568791553,0.3642594585469524
0.5364965551158852,0.37311303617517066,0.23524739753480106,0.186463813990754,0.3269484962341916
-0.020721806301389978,-0.6054938188293908,0.41593605815237233,0.4612429660290548,0.05413444071278378
1.4434290288356522e-05,0.5151130880967992,0.7793892926866411,0.32260709318202,0.2379261160989129
0.26248338733730653,0.7550944188967805,0.17587833876508918,0.19395696887955852,0.2663479537554852
0.019852345251727466,0.3601130813049351,0.6846104687930719,0.3724046397132342,0.29310734206559547
0.2300434966546211,-0.17200201496987583,0.5197916716518961,0.3100151808601369,0.302144054554226
1.3330725961543624,0.41779728812683736,0.15521773403444514,0.2559102682371293,0.45172345703491823
0.3601435732044917,-0.13049910767019063,0.5298701627838105,0.21868146855064477,0.5337653828104054
0.6668665123370756,0.18386972157074136,0.6117692918382426,0.3360542235783317,0.4206683206751055
0.4796123022544061,0.05868485206507873,0.1824242091292827,0.4891774305406096,0.28889730633731164
0.19968247554018098,0.0252910477874414,0.4220469579145645,0.6534411511104867,0.20797351910277692
0.3359871930060962,0.7749116796904076,0.31051997186352076,0.3998545895968671,0.20954912093871536
0.4647719258484607,0.2701491164840778,0.5497452571094041,0.517071548572267,0.6188513461101068
0.5136264338049102,0.4333561716996233,0.3737959815389046,0.2744898364263441,0.3681739744936173
0.23791720332484234,0.384603369518087,0.625955096991891,0.17218297792171222,0.45877362877029104
0.748840687664335,0.29499578580504476,-0.14212884692508454,0.23622723777493848,0.47734073096019014
0.32610181707942393,0.017326220839074424,0.22046222961299372,0.4662470298586083,0.3944600045372984
0.25877737038418835,0.21833427006573514,0.24673454913418635,0.18848847833676396,0.5149388268770475
0.23340865341513434,0.720234655264341,0.6755119460713555,0.4931821478911316,0.28707871734997165
0.4640070008772585,0.32868501377991416,0.13426245713777488,0.38762204185916066,0.2045156802758126
0.7129145370947819,0.19041244735988547,0.3823180038235507,0.3821290827166881,0.3083908812915817
0.5238672085147906,0.1881606159313699,0.5331663369109636,0.12552026464409474,0.3524680048800193
0.9524825251768044,0.02300679928265409,0.18779095678912344,0.4205953049574172,0.3594171929362136
0.4512193133318801,0.49503489367112413,0.4822683753886017,0.5157992913258677,0.3861594591073313
0.2650489721868578,0.5540278203543574,0.7661678569062945,0.32037010468283883,0.23238565277588347
0.6924319891913875,0.3042744757947893,-0.14348133741075686,0.4763314742621023,0.2824908316391114
0.3147142057301268,0.4483247416407142,0.3859403667111368,0.45551752495857567,0.29465448694990165
0.5066026446318534,0.2622684783148897,0.5095473901197209,0.44164248671876943,0.23975911801655003
0.688763043877614,0.17585882243024178,0.5260325620158907,0.4034185686469614,0.5508605281675651
0.2756801979601375,0.23588267627772952,0.34200399046022384,0.29840941363276985,0.4357825698859911
-0.16377494554787092,0.014143709849478325,0.10857935542495206,0.49760417076666963,0.5385997365630153
0.31531860530803923,0.2949622319688583,0.364012488217546,0.5320574383569602,0.2446671159884679
0.4247282402472767,0.6577339172403625,0.4613974120607819,0.37932483489679003,0.4612697049288831
-0.5044867586893728,0.5647133482835595,0.20409458136009714,0.060901874665425404,0.40750453849097323
0.7857403243581732,0.3078863146283037,0.5644205775088618,0.6062749272119856,0.4983632564918975
0.8709546718223229,0.5870336709536976,0.3692198267897657,0.09905931738655654,0.32484172984378734
0.08669536631520941,1.0398657190582103,0.3140240900657051,0.37283374375935036,0.4150112928245293
0.36814265856358436,0.8903765581542883,0.21512572445584527,0.3851244947643019,0.2713436193086084
-0.06207241445990486,0.16189698242022507,0.34707367576844406,0.28747671365277927,0.27794033635310755
-0.0883602734910533,0.33007606678043416,0.019890652010133347,0.4765317560790253,0.3655734009368482
-0.10356089717292999,0.2595768616897507,0.18917007209611267,0.40782327855704503,0.5072242732462405
-0.2346232426139923,0.39473279840082204,0.32255157672694984,0.4645065446651103,0.3821944660240195
0.12156577747041811,0.25846564604462474,0.18136256659334787,0.5294910261879617,0.36174207411651216
0.9615696436880541,0.34117772672299945,0.201955791707096,0.12102109997861582,0.15876321590859752
-0.13958640896224156,0.4458342254542823,0.47511573474109053,0.11135315968625276,0.4614296869984114
0.209605045138764,0.40878238860943555,0.7228658543130171,0.5041651090284756,0.3323397232243872
0.08154363682871274,-0.31710041387962834,0.20255579255629744,0.3299807414818217,0.25299333692805603
0.32285726688661925,0.38866706362660314,0.31408503831733237,0.2615899323448735,0.38322052992639094
0.5051192696907298,0.02055090103879309,0.6808594366421861,0.34977721295135306,0.3674728172781113
0.5903234312936908,0.4401157825549131,0.5794941968939011,0.41176468303197755,0.2978937862834901
0.4816848195505046,0.0056893838914436334,0.3916420555407356,0.3621132445142382,0.34409919536111633
0.32772123827667154,-0.2267245512702688,0.24566974890275933,0.3830484362053228,0.3862408563255704
0.044389955363314526,0.769621332316009,0.17568678526855075,0.5226540117551232,0.41713115100685594
0.16601535183939356,0.9317729679256348,0.10346506074487344,0.5157014058432421,0.482238874381791
0.1593026408093192,0.81170756246668,0.3154592709533562,0.4170178420966026,0.4004762377473809
0.329900219100608,0.6287724612616603,0.5498018442257806,0.09590519251931068,0.5182020448155791
-0.15235275402403958,0.6998931528815011,0.6253123010278412,0.20087643486021506,0.3274429396736422
0.024719857184678506,0.30641037709613045,0.30549581449039376,0.4976495285598904,0.5208713457661722
0.8167293489273503,0.1976022362044245,0.3285919421681111,0.10920042599864771,0.28527636288948766
0.6814892528484832,0.8872685234822091,0.10036757782900796,0.28269955181800605,0.3734241229985014
0.46597211475559014,0.12135826491318663,0.4722003095805039,0.3024567982898209,0.37576156437172376
0.5511286257347766,0.3804092784134486,0.2807995268144595,0.36104754666387384,0.36849909920456986
0.26237161799816466,0.297540878628208,0.7368477539080038,0.46806853134830734,0.3463436755230564
0.6007767147344059,0.2748173888819566,0.6426990239527338,0.4388259427125653,0.368383635974134
0.5229619046382918,-0.11537327487636673,0.12942851584961085,0.19260526259877528,0.3973629052216735
0.930251730260216,1.0879814429259225,0.5250549459763971,0.46157284709916324,0.18101800613401892
0.2117748600176248,0.1342642874130781,0.2445576400476859,0.35679751132307913,0.3306020522199873
-0.2415251729283019,0.6208943738575132,0.14451175159008298,0.4222126350665858,0.6162738764101438
0.09465044987770777,-0.4147617853129655,0.3214328971877993,0.5594623883105411,0.6043352869454306
-0.00243133507421045,0.5434564721327704,0.2823398051862187,0.3696344806890078,0.6820329603753567
-0.08789356195060521,0.467626913691685,0.49196675985538674,0.5590652793409885,0.3983422369779232
0.48580252231605237,0.2645382368489005,0.4485670019084536,0.3341249250909978,0.45788223831944547
0.27250833852557826,0.5086390045171474,0.3828460253281371,0.5674335670015809,0.3836433964113549
-0.17029170610599198,0.7894450074497915,0.18786249097577964,0.28702085600642846,0.3237934331380534
0.8260268791232415,-0.28396809423485786,1.0930132931477947,0.5583686341503054,0.41635026075219334
0.3750333852097772,0.48269251956163417,0.5089189098379889,0.49440993406450817,0.45451086012170144
0.4217212921050072,0.33098950559031587,0.3595676588505074,0.36257568835633747,0.5201527437659573
0.582093510685548,-0.5354381347667913,0.5410582666759388,0.42518489030366347,0.3923026918350187
0.2725350729187793,0.7508710495876837,0.6072687533740544,0.27319270624531355,0.44090522461575654
0.0891315578971898,-0.039877173811056876,0.2562581647110799,0.5327527769959481,0.5029590160223215
0.5596492535705752,0.6266928182205608,0.5128183712472425,0.2959702514982615,0.44568780594267843
0.6515101144597463,0.6369262605512149,0.6642475101959745,0.5103910700291605,0.4376915025300701
0.73781061856459,0.3910126408351157,0.20220623262148985,0.37361624853985703,0.31611675187906935
0.18689028284214937,0.35469958401230917,0.22320991939230772,0.3517074071319594,0.1886878444754359
0.46885079398939494,0.4017826061821859,0.2186948291303293,0.5056372938937297,0.5062249294717422
-0.10595266224532934,0.16120764959072106,0.23041694455257042,0.2537906734344252,0.4951405090116665
0.34211019654361013,0.31975646605745056,-0.04467384303329214,0.503871815493345,0.26485010277442145
0.4233567661850385,0.4921186938395144,0.708656915850868,0.1974617289390529,0.06681268243928928
0.46354373622607903,0.97477703402292,0.6824422319702083,0.43855546966375114,0.3504388088418073
0.6616409820427325,0.0985440665596799,0.5129232417954737,0.48632825601712537,0.5249414775857194
1.2800885364781975,0.5315002320576857,0.2935996808917347,0.4033637536014616,0.20961870837295635
0.18872082694155287,0.2789819373339768,0.2912186800083375,0.432497828820911,0.31645906466553936
0.763910432973792,0.40947488908591134,0.40732979438155736,0.3575647025636072,0.42676025533857725
0.6713293913906262,0.13619975945045365,0.2632510897418333,0.36238710862980517,0.25993746671908413
0.15233932863994615,0.2608171484397968,0.6069307760978121,0.4529260026677568,0.4330554214902108
0.6814899740970701,0.3689716386531334,0.49972300713893747,0.39609162024531974,0.44208082500874335
0.22912894498993147,-0.35780828827187483,0.3833876799523839,0.6383696457551655,0.5169674434743889
0.719699904284955,0.8053132710759761,0.4342388544255289,0.44561276709086617,0.3453588331832744
0.31546440225541983,0.6101393504851633,0.6846121592717702,0.39336702329643014,0.3650827254679948
0.416583371666187,0.6065346835445163,0.09356066456491047,0.05335832982591521,0.3548645254373288
0.03139425402158824,0.25672937789205375,0.38437273355617163,0.34575255149940065,0.5798082245268227
0.5217441853863076,0.5134367539034906,0.5575481654351234,0.23835309206751687,0.53459464806307
0.3954606483444513,0.6314440071671986,0.17974485589415728,0.17374858766624998,0.5108622630913204
0.5394515639656947,0.13516667255392867,0.22595784369520633,0.5983672842569825,0.28744012813551834
0.9408802197258364,0.13662013847528248,0.5641701956161547,0.3694622781924415,0.48885982637510084
0.25035846707537024,0.3709427854117919,0.4315722281992293,0.26396267228648557,0.5052491022097317
0.2611310438085801,0.3511337828838111,0.20108014392251977,0.018282899068127578,0.40206587028523993
1.1873604094588484,0.6725380855936485,0.4201176725885678,0.38285773461100214,0.4269361875995724
0.5984396809623911,0.052019626756256376,0.6745953312336618,0.5385371430415111,0.5057210305830734
0.565084629762809,0.43262975826571387,0.5768827727310599,0.5200004571315395,0.3868434716031023
0.24603862020094278,0.4596372161328769,0.7737988631534536,0.23150739623258235,0.2633531147813824
0.48053038117970703,0.4445205327040879,0.467188802914947,0.4670008158220627,0.40347365772369637
0.9005656162887302,-0.07682085929166715,0.24417186277293362,0.41310341836316056,0.24571533534904028
0.3748203849726551,0.9558334292422273,0.4351007911945329,0.46690744644717064,0.289539726541633
0.23652084030811477,0.31278391826398894,0.3603881760489452,0.6340771084931234,0.4937831875426985
0.08095856568859594,0.510384087828461,0.543838202183194,0.6127058241213453,0.609142253250986
0.112432464855039,0.17701777410541503,0.15223047548026125,0.3964316448089455,0.4855738847903487
0.7466570229267206,0.4104166119012674,0.36291435399115685,0.4584294798664443,0.34106261948587685
1.096205597402653,-0.0729516196824434,0.4767446846967857,0.7553956724378197,0.4361956811690648
0.3763408169419182,0.32340226890815094,0.39609963013681115,0.6535028395497278,0.18914275690766696
0.9223517511333057,-0.012857351785569848,0.37781216398475687,0.3695679353843182,0.5032396934167925
-0.06693285517486602,0.5845902681475772,0.8910878309560777,0.22290170335613282,0.45964823276482913
0.23010229421185652,0.5741167992290155,0.4437210126314051,0.33801145335137517,0.4939852191049326
1.0110254123150064,0.38007136085837306,0.6013832090393101,0.23595603128164733,0.33350760270450686
0.5908294233478827,0.9107601376551513,0.5209590036005493,0.39194262062845736,0.441362218159348
0.04702879811902211,0.6336069736187397,0.6397381130575126,0.3709606844476356,0.3898901327084302
0.5275215220388225,0.3053405369398628,0.42865574126012984,0.775438608765946,0.41582513049056496
0.33112733869663924,0.23967374584592854,0.6108508281027889,0.41579038672193985,0.3718423316223302
0.86327846780018,0.894363332193584,0.3111866546169896,0.15031956594547297,0.5580889003822953
0.22994748609786336,0.6964642134254128,0.005917840532894625,0.5875784775679296,0.3110333081308767
0.6785353523051171,0.4519609878035698,0.23414010862868953,0.38308935548516426,0.5241801836458448
0.48193521479065377,0.633256059694504,0.8903939984950529,0.20112013325746653,0.6292583110333143
0.4824496944430078,0.1652289777166569,0.15198227959478994,0.4195468901076231,0.5524930645361185
0.41011587705605007,0.9283195981478998,0.12595770142540536,0.4485390199650245,0.31042860663630856
0.5664419493464421,0.7319098695304246,0.3573662541508938,0.03968908639580515,0.4736945304631799
0.5905613090005694,0.580301679626315,0.7287817510822545,0.2831039962526861,0.528502925011321
0.83055744008266,-0.10898532490221247,0.5249297746421296,0.373735622638302,0.4443389415153148
0.5643994121403725,0.3003792540852341,0.30336153465933713,0.45985442579761066,0.33289666307656407
0.11208740066314815,0.6702921510163157,0.19857729997935164,0.5608087122712616,0.5071747342865028
-0.08929154996582084,0.24219170011637675,0.7234674362350184,0.30132056445394356,0.40453448147823473
0.6035739414942494,0.7051872881266856,0.4012116526394509,0.36298280043764564,0.6164832424526994
1.0083468144685974,0.7680005531047822,0.47753617510739965,0.3306604267072097,0.3656119512287109
0.6246929276799368,0.5917685941565074,0.7728664325590868,0.5623046492935339,0.29140997294066695
0.7931155055797137,0.14484597793545978,0.3746018739112088,0.5000205866004231,0.683582868842626
1.444904058921347,0.6533241390429984,0.42049745219077167,0.5459742250326542,0.5607043551039825
0.36105845559858785,1.0301581390706747,0.5139078481811584,0.5411625550193082,0.5369150572354364
0.5967808555206833,0.7287597437480169,0.32544145501873556,0.37518820525664565,0.34046248093052095
0.6034469567851497,0.7107858148390671,0.5668255891615174,0.7292249651692597,0.4638388105392086
0.6769401452558874,0.12023933624530542,0.37890734058519504,0.5754396410931589,0.5603979674384767
0.37350595532383335,0.44382479500291305,0.1270595785824079,0.4100151931795409,0.5660143304490441
0.6493632647125263,0.6257918700610561,0.47859720227021113,0.46858425090447287,0.3936413197253301
0.6894574186181921,0.6015918022262557,0.578487227500772,0.38529505689657456,0.2277174110834692
0.8164196204866564,0.31804777047074595,0.2765469436954958,0.5791181130166444,0.42564112392455344
0.8056517853174989,0.6655848835242073,0.6233212178714497,0.25449390895502744,0.6059699272827707
0.5540861433342659,0.3546957866865558,0.5035341074881496,0.19062402166155468,0.5171602447548308
0.14695662003867277,0.04472056982281397,0.13206260981702594,0.6484039520204573,0.4021186862700081
0.9584807608584889,0.304038173783892,0.09169662796317024,0.29693545879939065,0.6116414129594562
0.42517514193946665,0.3010908075698401,0.5102556375390492,0.553813291316514,0.5994034599912582
0.9335311510216258,0.3617066403346898,0.17896219872690156,0.41010089336157274,0.5045757207723462
0.17170914426210843,0.17379878091824447,0.5533497837750954,0.46878386425218166,0.48014329203637923
0.23762019225108075,0.40461837433550374,0.27081266371324764,0.6182302049083425,0.5932218717826647
-0.10533738484447575,0.18454133567144326,0.1438443640086245,0.37570067016099395,0.46914982986068743
0.021061410137225067,0.18796181019416203,0.2549877864308515,0.5122513217515315,0.4872324120528651
0.2522470263381824,0.5363961498622712,0.35823909737223447,0.4375280361477477,0.6675781120303127
0.9053724853217241,0.07051781017046826,0.6670152904327911,0.6097745413717993,0.35310174299556524
0.7414027076316124,0.968819257328074,0.23147383302729851,0.33741254878073884,0.5962604933796934
0.5693378391099252,0.6578755940137647,0.5596415475109732,0.5452579326169825,0.3351793910253632
0.8156754231592631,0.8543413149455696,0.43319115476994785,0.47761017512805254,0.3133014616557581
0.6481071181445395,0.6663859323120567,0.471579151325455,0.6632613610881729,0.4481345155751832
0.665030557111688,0.1640403105748423,0.4812200654493737,0.45891865775041774,0.5116766779641249
0.37063281229945144,0.44591220226580097,0.6721972502839506,0.4184289979785426,0.30786670707017677
1.041755497974386,0.92534262564763,0.19952976538416367,0.5975408677170205,0.43225419959248035
0.572811462967628,0.5825313285156766,0.4370743118931402,0.3655652567349464,0.4122846527778198
0.20076516781516957,0.22744521185858396,0.4754689681742349,0.37731889931012585,0.566746229646869
0.9618000207105029,0.3080625508022171,0.5450239652231402,0.5704986445629785,0.54426294965698
0.5165116571828072,0.7273492945103701,0.6003266365196954,0.2968008810447177,0.5896670946440224
0.774079492769565,0.2521212339374052,0.5019766513914974,0.6015372939190837,0.4700914970330145
0.8337999455246485,1.2420166126166248,0.31874267466077566,0.27613216968203014,0.5284624461245455
0.723673594533049,0.42248913784615605,0.8204544587167223,0.28384333468366263,0.5729661526942071
0.3049064826307838,1.0402115307151383,0.9420364740860878,0.3752774464680866,0.43505414082591276
0.7693230546922545,0.3750760369579125,0.4873432404737433,0.5015117592529087,0.2828715139055209
0.4941226189644096,0.2803874253464185,0.38823288328425387,0.726756760202176,0.35801675700822055
0.7566575590181179,0.4112836752391609,0.4369432240841514,0.6244682690049621,0.5375183900241417
0.680944173871405,0.8066673727925778,0.42641769386915473,0.40369737308708564,0.3791769833403542
0.2404837735594823,1.4340870433895903,0.7798203167748408,0.28787788722721264,0.3536462070682965
0.6548819307190729,0.6755628267969944,0.6252366592545452,0.4621904519882345,0.48847628983083163
0.6071881129510809,0.5306652570001136,0.007252853908092494,0.4671689915993594,0.40831337032916515
0.5599112200865836,1.4485262898794347,0.5866759029530426,0.45493110838537565,0.6075650455136316
0.6581448177610623,0.6383510477370732,0.6412014233671368,0.8306735941166805,0.37906833468764944
0.6562821200705082,0.21355907129229068,0.6307229104647132,0.3612494149079817,0.4598434781678339
0.4141918831539541,0.8160878487077645,0.7128801645967082,0.3105422959865093,0.5136493278314666
0.2841196562306253,0.11053431208442727,0.4599820208059693,0.45973309698449416,0.7798236597879099
0.6464234278583627,0.07386860482029745,0.3832222029844118,0.6710043883897868,0.7430045098722747
0.008978550741515878,-0.08397377808258732,0.9288710420771226,0.572113920969755,0.4134324318682828
0.6805760730636329,-0.3219851077817273,0.5122662977324867,0.5633445900821058,0.6148480545905017
0.19189046054552883,0.539609172139421,0.30558127532035645,0.5528922297794522,0.4124097505021044
0.38446069683628004,0.19860903585382383,0.6591120034466573,0.6492465529410121,0.48728213634628736
0.5266064302376874,0.05642968759377781,0.44750477889326923,0.5065764675690936,0.8075280898397554
0.16388066707056415,0.9785290127789013,0.7384199136591766,0.5598880271429724,0.7121352629797112
0.6341865988416244,0.6395794595874952,0.5046383774008755,0.7099797436439974,0.6391055036184289
0.31966098664511544,0.10033492434556862,0.472129667184225,0.3910203135441246,0.5104152541634329
0.9098308154337269,0.3739070377346203,0.5089429193546109,0.5276927184218416,0.6133759748595752
-0.19100927505349308,0.32766404066413257,0.5667639893669243,0.7092686632368618,0.46452315397339966
-0.07289754952395322,0.7164904866534563,0.37844917134444456,0.3324177055660905,0.4507165838786522
0.4631694798965542,0.33028446724400046,0.028341958267551426,0.6633601412269409,0.6640568842773752
0.7285518663546561,0.16275472453471418,0.47746764584278684,0.521491412049271,0.5894697705028186
0.7348713432094438,0.2913573832677043,0.5418582873228874,0.5958259039209002,0.6862894072976119
0.7473090537575491,0.7740461580339313,0.5432687283619878,0.7475376967973859,0.5703373978453151
0.25322561934722976,0.9693100760733312,0.6815814414372083,0.4554741150012372,0.4719165820336356
0.6203119486216155,0.6729984195869613,0.5706424182651588,0.575748749698781,0.7165875389467695
0.866379224749406,0.5878117946765652,0.7380109721811174,0.36427116384177805,0.5720171242158785
1.1006814335447097,0.45957636213945696,0.33899182008578066,0.42542422228643534,0.40670385142717114
0.28136602446719483,0.4123645812212583,0.21523518934801006,0.5319990049564234,0.6304071842861962
0.24347282159469164,1.0109702916490633,0.6447471137622098,0.6934796286766407,0.45698239151244935
0.8017561350918386,0.18623171357146928,0.730596924398505,0.5587017167998899,0.5933868983575649
0.16077687665434004,0.24948659588035832,0.6660768219420974,0.3825855471413596,0.5843205703694957
0.10120659915944985,0.8017497699982044,0.25793294196595784,0.6208598212653507,0.6034811983564894
0.3141959389690602,0.718587495606187,0.5927711950373077,0.4493361563244365,0.4217746929035232
-0.0851012024693355,0.6461045888807995,0.18563499872097394,0.55061077713153,0.5060811295499874
0.7513003392198321,0.44102136299741684,0.4628697720056442,0.6522554554516653,0.573997163008496
0.6375148295903625,0.6859329791267936,0.19417317235306042,0.657196334347095,0.6060136304131241
0.21703510404178317,0.4613535156202142,0.5297491618238865,0.5172727297046343,0.5758652175491911
0.9921774593087254,0.8816242151828633,0.2461184077502825,0.6378974412098384,0.6881188015418207
0.662860134914365,0.8855388431651989,0.9904978911106116,0.7024032319483016,0.5684140889020363
0.8720275349913091,0.587359097324792,0.5468864245069696,0.4859780721884075,0.7163364689055348
0.2837326738675625,1.0271197648338082,0.6543155585622262,0.32129280972695007,0.5836469830929703
-0.12054314754727158,0.7413465463316447,0.7414873207221768,0.4498838432722345,0.5573565958745514
1.1625033842645944,0.38461339408541384,0.30776560988966095,0.7788160984193718,0.7639684630344039
0.5467142195979217,0.8653982416413399,0.8455086792761272,0.42814848046637577,0.49128670365755184
0.9357832440885314,1.079394847609012,0.6724105332048878,0.40743568278779496,0.7687067326068592
0.3796398067125153,0.44156767569985944,0.624096614466434,0.7932818864847585,0.6430249642836745
0.6797405389254532,0.6950532454490218,0.5582787242590653,0.6367981544495034,0.265735134203843
0.4557540353839766,0.625862245919144,0.2921749761462651,0.6106326294254308,0.5266889720711821
1.1056807089257066,1.047983064155665,0.4463932588659317,0.5267010142706364,0.542282961377001
0.40872428440525876,0.6132238665682356,0.38199452633636855,0.37278557075571506,0.6211727829012061
0.7516272866125246,0.2982055767031372,0.7527601132734304,0.4526913453725824,0.5808572866421946
0.8129691080272792,0.542924327307202,0.6552367127233371,0.47189885725783454,0.5315879217609356
0.48945608661376694,0.3184657518715902,0.5150266500153021,0.30969650202331533,0.49964189625388017
0.46547001469432003,0.47454440472519505,0.5015550850195919,0.5457897780847626,0.6091587468393622
0.8331031372530656,0.3510827504349051,0.28751266623295446,0.3917948682695739,0.5020856140251401
0.4462702654107412,0.3140634217021824,0.267737060754254,0.4854385224046005,0.5778416703327011
0.7467233972539316,0.3822859117478289,0.46620943807134985,0.41203469056937514,0.5550435524528486
0.2912628679446813,0.7407984875829399,0.16022767208918437,0.502697115603055,0.5932243835074007
0.618694138974012,1.4121725799292528,0.6387782239070543,0.4018055895014177,0.5498873332649604
-0.00013684836613381268,0.5360736828999296,0.37528456430939794,0.7062974724985254,0.5001210910430858
0.5256379378637215,0.3615815262007642,0.9513815451137079,0.5117696214232942,0.7674486686558392
0.8210209564968951,0.7160064478198809,0.6460148018595053,0.6258283835027594,0.34804321727460646
0.4763738918530776,0.8318269817235058,0.5536308219489267,0.34238454152244596,0.5587055688738272
1.10445104602801,0.9598673472340125,0.5517010475835675,0.7160029052467727,0.5245888349768724
0.027755061084788535,0.27422475238180893,0.9160391193320929,0.5232444564810917,0.5393554104407192
0.47275040459304385,1.16970842747916,0.9311430339047075,0.9183875258203783,0.549785772470054
0.6620532402249323,0.08896408331915001,0.8988211460795787,0.3839264092197663,0.5928048133902725
0.22257204261160574,0.3833535284685674,0.38235199848618356,0.47345605171936117,0.5092938189468418
0.3971927543746696,0.8340938918389298,0.3235157394607628,0.6054412319599509,0.7067425434892329
0.4092846316935375,0.3445456845691711,0.5200246983325015,0.7581025051483996,0.5932734644597291
0.4045878629126013,0.7255878050054752,0.32609255476270993,0.6803049704934224,0.6182562583787888
0.47623598838426584,0.3083894599171593,0.3753056919157717,0.658135619323445,0.7109777709029431
0.37304016946643476,0.7195291778104831,0.10790114612728025,0.4821383951047948,0.5711020803141776
0.28790842084084667,0.2794262568153341,0.4262555273506667,0.6217753024380825,0.5546315546098275
-0.13121428616689135,-0.09404769508277766,0.44087739748996213,0.6489431798983706,0.2693961967344019
0.4195490203619465,0.41116339353992404,0.8880193423580891,0.5167002838847203,0.6203970478032949
0.6232480084223646,-0.09516569968121102,0.7503549342980257,0.6126357564427163,0.635404740035765
1.8211649583370129,-0.07947479940484437,0.9652334745227782,0.5341301361260515,0.611703927686863
0.5661883449225584,0.44642527260694287,0.4531620642446182,0.6326804862472234,0.4109554046089545
0.8189355549457675,0.4499693546960104,0.3288903954433319,0.5104283012001473,0.7221351369198484
0.41329476394501274,0.6959355694896633,0.41913579047459487,0.7024205492909302,0.6592246777344358
1.168165025175901,0.5280653893052647,0.7330993432756364,0.5990894230571677,0.7284664533020575
0.3572698245105261,0.8201759503464426,0.541048945669354,0.574435542658728,0.5948428242011373
0.6653510026467954,0.5488307349328541,0.6335969129090516,0.8351079595124462,0.6957622098576568
0.8614374016951554,0.44253233993968877,0.3877462925579119,0.7376328672896679,0.6845315955649504
1.0532869454588276,0.3965921435198867,0.5362589478346468,0.3283623805198853,0.5437079839697555
0.9037318548273867,0.4410697969580779,0.7318042246170071,0.5584674027741101,0.6248192657730874
0.2266577053114212,0.6165351834908425,-0.07924874649829539,0.5600387123032425,0.40729713916750787
0.9719595423867466,0.8364283810403759,0.6949413944708642,0.8310827912467456,0.48449849831374403
1.1441563520884666,0.8863764474573947,0.5386962213257366,0.7711489026852791,0.46790421675062055
0.3318583212434501,0.40013962399169645,0.47430958121127487,0.425536161073547,0.7293374366002967
0.5117366448410136,0.7050654522469257,0.4660591509575055,0.30573093632592385,0.6237869241529557
-0.010113524336984758,0.5728906035282901,0.2886300504480518,0.9088105194424135,0.6964880445416912
0.6290378807571868,0.9952147351708918,0.40635358998983906,0.6815272304921269,0.6179350812160336
0.6800870771003269,0.9989501015190644,0.7603868100763367,0.6422478160422745,0.4115745564707557
0.2940043023686312,0.5587936256563132,0.618476295207912,0.4188966980988254,0.8672312469148005
1.0781245030926494,0.7890051299341243,0.6147065304702162,0.5650454143583108,0.4921708793162668
0.6241010908806458,0.681108109554107,0.32193349374398256,0.652437530540032,0.5822411102348948
-0.0027011214170059583,0.3285229707274257,0.5081155917405148,0.899070226009724,0.6628251315779701
0.17928524844848154,0.7552997716072543,0.2556139114893248,0.7727900882301642,0.5489282642345668
0.5729922398192836,1.0218563146474824,0.314784078851043,0.38169882133271243,0.5373542143359651
0.931967827940573,0.12314418834911162,-0.02968564041957711,0.5322691246469112,0.6652901003316499
0.9841606963599756,0.4581401217670231,0.5126068184782566,0.7870523303040466,0.3955611275603567
0.4827445488183525,0.6658229269128428,0.7060539653614925,0.5249980897615134,0.609456227775012
-0.1802715934817739,0.39845018169014335,0.7080142375726267,0.4512922825945943,0.6132012430603191
0.7489211002308024,0.49928403906950347,0.6457244655725365,0.4553862234118013,0.5845077642916785
0.8015759047051605,0.6582478173807049,0.47745622964118734,0.6440603349252114,0.6885044120711272
-0.03863874138064671,0.9761410118186684,0.5344207642648792,0.6768854751352154,0.7434658849657712
0.1768493016313638,0.38626566729220146,0.5460891607309117,0.48668829806410635,0.8045824166217017
0.34067648639519627,0.43593229461663086,0.6573143884635725,0.4215350820869906,0.5673731631679862
0.7130001482325151,0.5073529105392698,0.591730676142066,0.5289178569123516,0.44328968455094664
0.7153103164016019,1.1685721783696883,0.6177283433464758,0.6492309978940874,0.6910623721137256
0.21321706735460833,1.1529970215658603,0.6598567088753248,0.8726338454436714,0.5326590342275177
1.190537275866354,0.8607413058099134,0.7392791382404349,0.6526181308123183,0.587829271397188
0.9962580610082987,0.6610023046970787,0.17676645924649315,0.43997392711168604,0.5958384298549885
0.7156479035315524,0.5997227661905349,0.8901877724741414,0.3091213257495063,0.6336712369563406
0.04372310950941727,0.8588607406351011,0.5974970079626627,0.684964780644406,0.5220335673944942
1.0242219566546364,0.9490418829395912,0.7501040925613512,0.5991411448014811,0.6844496349780399
0.39708156303207554,0.891171075375804,0.989455761350164,0.7898990134487476,0.5390485846685653
0.7359118124626937,0.21269436009525933,0.7496119861667284,0.6928682769261634,0.4125697995899343
0.255234313067761,0.5330862418328689,0.5553483379925941,0.43138752795443247,0.6661117666542714
0.7031465611910738,0.5621903300120262,0.4546235065065594,0.7894387795199475,0.8087037653887291
0.47170905685604697,0.43104044798334096,0.7344619977176442,0.5680152091617329,0.6090395437968161
0.8595244894228318,0.021834215542544277,0.9204069869522835,0.6371174255464257,0.5796192934498164
0.5984083093847758,0.6147457454969535,0.23951824690271722,0.8629971146269808,0.6312469727751397
0.7677172016797009,0.9285340858300918,0.39928876051007006,0.7024901080794577,0.5977044439865324
0.8964010592036865,-0.04405974631888576,0.6064704694764036,0.533314313984945,0.676957095717259
0.7782706529302762,0.40585867373439444,0.4703827124199961,0.6121318984924725,0.5293819810409485
0.8968892536660584,0.5138770624358039,-0.019391696188795104,0.5713660598209553,0.5145179015796564
0.11577692475112122,0.24032297021678156,0.6560961096649208,0.8417081921094813,0.6666467202846117
0.4408394210955262,0.7768021977891684,0.5299769184865194,0.5228066711251665,0.5035709627897831
0.07965672363059462,0.5103289309913353,0.6689754683878829,0.6183560899770553,0.5871271172695312
0.33556347064126674,0.8269789690194216,0.34011498380109717,0.7573354214153494,0.5225833655082671
0.3976947214551362,0.1717974315806583,0.5235187071855738,0.7898460755920762,0.6932846084790837
0.9460408753447385,0.8017526074796694,0.3898485605056924,0.5843342679208635,0.5494077222019975
1.0584023670599718,0.25917983758392976,0.837474516118492,0.7788260413879304,0.84219539483984
0.5090843626843624,0.8638946838469629,1.1488314993874478,0.5409809147908204,0.4670159215546157
0.04512826652774782,0.8650189723397865,0.21855445193345313,0.5807708284616075,0.6885327403234495
0.6991982869733331,0.7751781196049384,0.6903461634685742,0.842847080230341,0.5341684324697146
0.42755698140264037,0.3973052713718397,0.8272781742104929,0.7840071587080844,0.6920901659999033
1.0168962010183202,0.27011341087567164,1.015445287358146,0.88348781586996,0.7248876822219252
1.2070979320555555,0.11977338754805311,0.5263734753080075,0.5273819582856919,0.7243074842577436
0.3125609845569882,0.8841856434882287,0.9511058430043537,0.7545658746556397,0.6763689735242581
0.3332526659450115,0.3778478564786207,0.9250689274668675,0.7688715428718612,0.6412831307567677
0.5144920445919876,0.006029948553313957,0.4071967664417995,0.9488685405707158,0.5034873617001554
0.7075664282176598,0.9662294046782924,0.36703840843179497,0.6768529380476134,0.7525097925990015
0.6526012812921038,1.5557173389780226,0.27553851164290727,0.8160483275603837,0.6293288270762206
0.8937522357570231,0.789203224358756,0.48571094016333094,0.6858571584563158,0.44192995260854506
0.8414142601115837,0.744936636269842,0.7934594058113963,0.8179538477125445,0.6917517982799768
0.6984816380451901,0.37303337984107987,0.4923942474010427,0.8392908705484107,0.812238831934067
0.5773555213123972,0.6671999986471927,0.45037472906169795,0.8380817912825919,0.727048515209993
1.2675205069395181,0.3759035091160701,0.5691285178299927,0.6902484671706376,0.7259333813085156
0.5864545594308378,0.3786001192008582,0.8517433697099763,0.7686761670014206,0.5522120959105064
1.0842843046128516,1.0257049792606852,0.6856852653542734,0.6682411827551005,0.717601197639515
0.38416221977966974,0.6661534442228956,0.17536906471684882,0.7952364620517761,0.48207640706739674
1.1330807513871777,0.5532645178253784,0.6103274816386245,0.5584042122705942,0.6254539325450449
1.1072376569596825,-0.1280555150747803,0.9441967994794038,0.7121048638036727,0.5237095359125313
0.3196160238354792,1.1897816816199138,0.44823789398509173,0.47729893195958983,0.7868152910859896
0.7677204804071303,0.3640625509025005,0.7090994777235554,0.49847492084399003,0.783736234558627
0.9972966307986284,0.8298967934222344,0.7425315334379661,0.9401299547927584,0.6616265919975313
0.2889212482677385,0.8047987940004699,1.1291169633654483,0.5022150988753923,0.6222498967795177
0.795355463959049,0.6466174536851038,0.4440139056371533,0.8410449654957641,0.923052101913578
0.7266868777974179,0.3787731690747859,0.31830656181633105,0.7054542487784525,0.7880819035885159
0.8159269006231553,0.6649055044220367,0.5339005186042183,0.49297943281602774,0.758993701164193
0.9556266251470142,0.17786398935577263,1.022165469515748,0.757435296525601,0.8231461050412011
0.2432496080550111,0.23575614622880892,0.6343571173475777,0.7471648657202293,0.8685069132767753
0.8919504262160232,0.5919261106482856,0.4391655368333154,0.8631488353238728,0.560811323156595
1.1846366427739896,0.579739347235122,1.0253346334862716,0.7770181322368573,0.6543531083194601
0.5064231163308437,0.5628661341999777,0.7664451946755604,0.6828701838869783,0.6042805369578461
0.6192944208047085,0.696519910239997,0.19567225755837414,0.7441144113715599,0.5621355087983653
0.3079569433320889,0.13908753928471274,0.2715461157167227,0.45835760474152254,0.5934017197359839
1.291348447185676,0.5073759185716746,0.7134198057359866,0.7369953407667847,0.6883272069667891
0.650184902096681,0.29668959807782713,0.9991119375126172,0.9604175533600428,0.4865477135252071
0.35184940204230536,0.5871918761973884,0.45999846804698186,0.7556758540010863,0.594252368140442
1.361327520300358,1.0531611990004386,0.7242096749511522,0.8390574625664662,0.800320102937117
0.4993418233782121,0.4195671218517531,0.6951509977546956,0.8139143110623732,0.6932251028960408
0.17998860409900752,0.4248032982643937,0.6621378435299439,0.6667148961685431,0.8992155984680497
0.24139180892857065,0.8395610361475851,1.012655493320486,1.0388274189869626,0.6344666732714254
0.8360843186692667,0.8608547256025644,0.724391724691933,0.6650518820959854,0.7294242110526332
-0.11908484085222293,0.8973709927924314,0.7098959186663395,0.6465053118801729,0.9105278321918522
0.4692498057117799,0.5552188631256206,1.1280075391370794,0.5511222388718201,0.6211779242773012
0.6371901624844664,0.9495472707808342,0.7301497369173746,0.4793016707703339,0.6241854295516445
0.49262234908956426,0.6602652460643158,0.7799062215330359,0.750808820644603,0.48612053414014145
1.0221333673558035,0.7655549676206487,0.9952764632303805,0.7559196080394583,0.8088173356196002
0.8342212682721901,1.1124006501250099,0.8034654790295119,0.6712049268658729,0.9407526121541846
0.9688259107722964,0.8691216042065375,0.4022973441513951,0.4839883677812029,0.7204142734944783
0.734706531967034,0.4944860818955785,0.7202133786870887,0.9398726609333978,0.7664370489294905
0.3288711176443798,0.6544275023911189,0.5096937126101788,0.6283889504642927,0.6434460524443545
0.539645895156015,0.2937820359628311,0.6621462361386148,0.6020508403845889,0.3631683703185517
1.3408984486949176,1.0359908871515549,0.6075482916002176,0.6946672447207063,0.5606967533549309
1.2289273501264661,1.292668058129796,0.7277304754934035,0.8545270972229461,0.7122903503553544
0.2709839943800809,0.5634637097327884,0.7231936838772367,0.6218233888705491,0.6692475141013007
0.66579161680866,0.6691186679959022,0.7063800484100846,0.5269983093083261,0.6145298521739351
0.2894744830930142,1.0049081225494891,0.2248587258387445,0.8780943442785499,0.8506942703379746
0.6011388047415255,-0.12648752922250728,0.6159051989419455,0.6865482897276828,0.58370838081163
0.5347713360129337,1.1815879070039463,0.8463799311969706,0.5515112754831364,0.5190806804970677
0.595286742902142,0.6311977382235605,0.8096522100311517,0.6140576946353244,0.7558860897472687
1.3116491386864046,0.957583766211696,0.6889467825668892,0.6707410675466422,0.6598224310109949
1.0740521389135236,0.5023267710951957,0.7108128058457659,0.7087957997690031,0.6445995224426283
0.26768998755923695,0.803835207461114,0.6880607989050895,0.780796664762272,0.6420433738010669
1.0887602947321273,0.4254424885679452,1.0855265482309082,0.42637710804647533,0.7513114736492618
0.8540480863349584,0.45212646936985273,0.7986010731333083,0.9060133689612493,0.45585582277381004
0.8636865720540903,-0.08373675688324467,0.48877549028901757,0.9622985247259039,0.6396594959670704
0.334492266988731,0.6431122998584334,1.1681036200293426,0.41609131316237413,0.5881656843134621
1.1802361826414334,1.2941637687278882,0.6835787818557965,0.5107952726581437,0.9410291337190309
1.2119146632931002,0.92240959689162,0.5260490199772503,0.6999554882464625,0.6897789056030269
0.8133330776510492,1.1675556519762003,0.9053523371642049,0.5383605937162712,0.8626056903602501
0.8087307868141416,0.9269789914407556,1.0376382150225005,0.5339534401836549,0.7057042882436637
0.5426500251949052,0.2149100271989493,0.7882374185509138,1.1078226694769584,0.504983764680743
0.7015036861938792,0.9142691731082757,0.7392328342568765,0.6938245960512676,0.5664549064044648
0.7863263443910167,0.4734029308589487,0.2230313329392843,0.9015943273097882,0.8198635048046464
0.7300503490135782,0.7861534906160067,0.9539385243021616,0.7491849279596723,0.8147859489786856
0.6206425829026049,1.129600401414373,0.7864445836544245,0.7453970210235702,0.57271756821784
0.8064591244669983,0.4526284707297227,0.5729913591775535,0.5867935090122244,0.5965070263301394
1.388628430789233,1.1377230941002618,1.1461239443743207,0.52336003666313,0.7246831281393429
0.30867469107368123,0.49771968087233176,0.5124182830280894,0.913713158291326,0.673417892970798
1.0565699286713355,0.9097585180374006,1.233828003249628,0.4847980479037231,0.8595052749032475
1.0822561550369412,0.411910304282365,0.944921579995735,0.7728689050775182,0.694287100693558
0.46016944233356977,0.49331834536735086,1.1790726394485849,0.72082868387748,0.8081655132540385
0.47161737711289287,0.47511056671640356,0.9636608801322231,0.5083349864975174,0.6752994112102213
0.7334831349094313,0.7579418317980853,0.6826762467617358,0.7853073252833416,0.8001863511532539
0.9560365135564208,0.41198518757780656,0.6601847122115337,0.9126323190893377,0.8237483200884329
0.29058844732776634,0.8358724284129222,0.2823801114838698,0.7321457843381096,0.9369015274697741
0.42597572932012395,0.461889612913558,0.8965679785688487,0.4817873874446562,0.6549815627293327
0.9153379752247458,0.5261479300958104,0.6739622335213779,0.8443928190640152,0.7738570116485545
0.812103113120418,0.6204878469476252,0.8104759086848047,0.7081638732221167,0.7789119509414681
0.5715850245634473,0.6709953498167012,0.5073674368285349,0.7231935395757983,0.6380560756844721
0.37743730955601396,0.8115255666713901,0.7772997897633094,0.8535129358677523,0.6815284257093179
0.8597683709027288,0.9049082165383291,0.8301851776230181,0.6001834209226825,0.7474300757164538
0.8468830040698072,0.734001762285456,0.26518114396649883,0.7571073693607396,0.9791002220527566
0.6188783190953762,0.5024945385899219,0.8162160086143653,0.7821240645568236,0.8660845781840107
0.3359608968469465,0.9650164771143542,0.8657561201711155,0.7112583928218643,0.7716001270332328
1.0602777743499032,1.0105850786232606,0.4791478465955444,0.8644131303237884,0.7275023288236174
0.7587805489516742,0.7588826566793562,0.7021403821261708,0.924161235513578,0.7263757832777139
0.3827051656053273,0.6122916695225015,0.7766940901375665,0.9310926593332995,0.8041647723574573
0.4687748666210515,1.5236237932166752,0.7969432971487787,0.9393947196757351,0.7207755484054097
0.907401741176371,1.0042019885640898,1.0111353572700665,0.9059233472721216,0.8362533278354671
0.6401005666326788,0.5589377661630052,0.8141130400309267,0.8872802426017471,0.7148388083930955
1.077577691882365,1.2000984890444848,0.5358451543154157,0.608411958493372,0.7250463320378472
0.8390174086016902,0.5758590868520634,1.044103452672167,0.8087925998716176,0.7461520558106421
0.2886682818074969,0.3266452466242505,0.8055783213363799,0.405549767404631,0.855959046968915
0.6937311068509102,1.7692997885035993,1.2598095060191503,0.7150541268367554,0.7318549054345643
1.059575262805268,1.2833352143201933,0.37847031259006064,0.4622939834065438,0.6751991392652217
0.9300235498468681,0.9028709712647283,0.9849539151190202,0.556056911100304,0.48679298958237743
1.018074658937879,0.48484808952347935,0.29539913909360965,0.7696833389041314,0.8354264845946039
0.7091498935306142,0.6029633754108448,0.7121132693353128,0.6891534682085737,0.5970314987892237
0.5227468748486631,0.9135919285807368,0.820678257290832,0.7753213372478042,0.6374877660922551
0.6923534102625958,0.061301333639782296,0.789658345034261,0.9756719901986618,0.5849367669966075
0.5654641515700334,0.8548234521632528,1.0308948803197278,0.6798802162075754,0.6733548110664929
0.12912358496666132,0.7844617603038151,1.208373835850252,0.7956059751582296,0.7492608861555475
0.8546041223601375,0.7492451531234364,0.5709572124469559,0.8829247370233985,0.7779936583718414
0.759323553065026,0.44531593389883456,1.0452269882553828,0.858852485864728,0.6919353248272841
1.0715595901747392,0.5974090400970755,0.5798934579650621,0.6346351449163454,0.5567432708788964
0.9048705492976669,0.17669690162564478,0.481067364430703,0.42757647611463523,0.7461328715616077
0.7092212534183598,0.6534463430946723,0.523629297045914,0.571410326207356,0.8086748858363788
0.583657950317328,0.8577990430379694,0.5598101338411441,0.7863862910854481,0.9034686720088191
0.9441206603324404,0.6283420583496868,0.8162701969046394,0.720706253508888,0.759639790191392
0.6567925041484464,0.7077924047247054,0.8071852752647317,0.602695958548664,0.6461810540571428
0.3216650509434019,0.2547106043622547,0.4885680759968661,0.785973996905818,0.6609440820556107
0.9241809163794965,0.7727392129798543,0.3215908382375375,0.865322494658761,0.852411806142153
0.4484757893722181,0.8956389956716143,0.5712439346171906,0.7782058052853373,0.621387542993188
0.1967337160483773,0.6427063390996104,0.7360971302982685,0.7008850832127603,0.6313851229826305
0.6383055777148066,0.8499232427734273,0.7547263780577709,0.7936207113658447,0.6898436077161866
1.1362955043383647,0.39382709909847696,0.8747875625073552,0.9526391557667295,0.8195329250815809
0.7027229828777688,0.5997045719072397,0.9984430086055177,0.5417746759100289,0.6583035771252373
0.6420489637236748,1.159148250608132,0.852686392751952,0.6147062939598826,0.7330743116086367
0.5745027332987576,0.5443137814114152,0.9876551283085406,0.5518771361107964,0.9486359364848859
1.0316789944456708,1.1147305188981729,0.6662533479338638,0.7460620604550973,0.6095385258020485
0.6048579498710187,0.9268781404243468,1.0605792816977417,0.5957139073668943,0.7299059647068302
0.7239267573575517,0.3303844705320177,0.9040014820732458,0.6572988491593945,0.7499264664028027
0.6298538325403666,0.5231620204779711,0.7711974661292709,0.7386819050915739,0.7311977976355623
0.543413982520796,0.8748163466027333,1.1435338358854008,0.795891887341271,0.8851431758821252
0.33514800111586757,0.8246633222862445,0.529395759017377,0.5412524395707781,0.6921105383898697
1.1526874396143358,1.0761971589566128,0.8301132835124837,0.533434538762401,0.7538309318172075
0.8721826965990328,0.8322862065114356,0.36449199786268877,0.6360051647146554,0.7696126649526404
0.9473678540295369,0.08330118302391576,0.7415257547822305,0.8003957742429167,0.8727672858188289
0.9978795848100065,0.9630040054711704,0.5999066436846636,0.47709715208985076,0.7348341446021286
1.0965235742368507,1.220428792064879,0.9386633891887097,0.8476645244069915,0.8222247828170366
0.6049205918525354,0.7396521047028253,1.1539960726728824,0.6317492745243554,0.9613185380133874
0.6799475378922331,1.2009202166479043,0.46720838248143104,0.8744213700988703,0.6994083763932496
0.33523600036367357,0.8518893148130251,1.0085075368496712,0.6491858110120454,0.6151877034356767
0.7547399191377979,0.756134305093628,0.9063917798447063,0.9339278687459382,0.7771409645727453
1.371546452859012,0.8556940371125364,0.7073214631208681,0.5299736119074134,0.7554185576665629
0.6794108935211941,1.0894608262091299,0.88920026797518,0.5993111544642242,0.8050444116576655
0.9991435890333349,1.2699927299696732,0.9852387069306463,0.9070872056739389,0.7935046052095465
0.9105828257803635,1.1829159311651873,0.4897697018238124,0.7325365788856654,0.7014119758122422
0.908687532501868,1.1778191990992113,0.6553012801960116,0.4108484836762131,0.7427011084082726
1.078655547380718,0.9598032929434797,0.8855351455032916,0.7455189616140673,0.6467898062148375
0.953741162959258,0.5269677177750574,1.279169667318184,0.8809959007880164,0.7258723370142658
0.5984548008344341,0.7624002529701693,0.7382375339535432,0.9683787167157858,0.8126337531744332
0.5614305224507345,1.3906026274469463,0.8038184709064241,0.9143570193711696,0.7247910019746047
0.9086210375612461,0.8921754112785246,0.3712553667176584,1.112436766838946,0.9380922312641131
0.6691906072975974,0.4462264972224798,0.8725119342782219,0.8085029046971017,0.8345597921184577
0.8563778878135754,0.9558832529101626,1.1194231886020913,0.8856207995082144,0.6784407433698415
1.2276770037675853,1.3156046751033876,1.5016181095272998,0.6191567926644943,0.8239518313925974
0.139380376261789,0.9727189197936936,0.6752164845991421,1.101921281173786,0.7111932113302722
0.2646322203088761,0.6497721188717026,0.3570663042826916,0.9175580500764549,0.567915495268225
0.8087988771235929,0.1427380098032941,0.7281790334010125,1.059640701265269,0.8401214598594199
0.5277401471329137,0.7909333912016631,0.8048294958641306,0.8755302200097136,0.6479813900052992
0.989188027025231,-0.05340192229457519,0.6609553340955512,0.7245989286003471,0.8726098935552756
0.8099593067878653,0.3583247382860248,0.5825516441331179,0.834216870588493,0.7939628052423346
0.6206686803672014,0.6517508087210201,0.9594717003446088,0.7219494209028333,0.7939549033102272
1.4909990044517143,0.3545968250260407,0.3907201816608215,0.9287012093913779,0.7289302039291962
0.7051702633450355,0.5587824694395993,0.7477127282737887,1.0585568738463058,0.895486493813668
1.079465821778018,0.3589564887808948,0.5494010060582968,0.3579090557892291,0.7163152800255252
1.110343919179735,0.9712806496331032,0.7582759364199343,0.804281823356957,0.7307880627120362
0.8735592527628294,1.051000786169783,0.44748553874945196,0.8561872682672665,0.9130581966111028
0.6785435727579795,1.0313907990273328,1.4391856769110634,0.7933117656467087,0.8537828748019004
0.5774166680516666,0.8681274610484119,0.913730674968283,0.84161808980537,0.6968054082504416
0.8770691337493367,1.2741987669913835,0.9121298184710189,0.9639153416803148,0.785313067990343
1.0499520902612647,0.9011250574123766,0.600182709601355,0.8631754057013061,0.7019377551871996
0.6136794983308738,0.8736846814726307,0.8802796539338626,0.6257796509607949,0.9316530053979363
0.995699082349379,0.591960115973044,0.4710004022117614,0.7919033891505491,0.7649567918982013
0.8515939697958173,0.700988245255098,0.36693481556339874,0.7544127734465887,0.7816465604372256
1.0171980270930576,0.5960266934808814,1.1921798849936482,0.5145599064369153,0.9634097995655655
0.7468819307818386,1.0896424217008893,0.8356619721238872,0.9979973685225451,0.7745094335859203
0.47140453606437055,1.2680217161998877,0.7934437749865139,0.8538502893969611,0.9568682795764257
0.49348691898293146,1.0081305760636436,0.6879153423176491,0.7989220097841674,0.827900853816951
0.3464090130458341,0.5745309226785544,1.1229299038201248,0.960939950735809,0.8138175031715432
0.8987042099736414,0.728774171597208,1.1251630886076411,0.7901432977760403,0.8477425557247863
1.185229375092823,0.5769963748048096,1.1713786807354745,0.5808356265337585,1.005022352031115
0.7059734564616703,0.747075740983951,0.4012047017307164,0.7519144650875202,0.707569919482606
0.6326701784990756,0.781403284863793,1.0389935406488937,0.857649796840339,0.8592241204295514
0.47939217686306207,0.5473069276605607,1.2280329672121348,0.7095803354276013,1.0109955376506368
0.7499641268993561,0.8275503357622763,1.0661677527289846,1.0279306764285303,0.8144376059495853
0.7050545943411559,0.8101442293169888,0.9033974284913099,0.9687553146985248,0.8283007404401359
1.0245378602711217,1.3469236668968132,0.9140922501786434,0.878105472042408,0.6590094359957446
-0.0020800843327953844,0.9526450190594462,0.8086264871240105,0.7484355421935993,0.8570573343865833
0.8117294944878065,1.187466260046698,0.8500858063336912,0.7127318899189824,0.9415347817977444
0.7631689570687596,0.99833735103544,0.7250795526085037,0.7290851796825649,0.8412421260438852
0.8368896061216787,0.9845674643013687,0.7727618162061105,0.5424788568203947,0.7844472417033219
1.0848612743216333,0.7397952606279401,0.7787408301788116,0.9897936532908982,0.7542328071182909
0.3469576197262945,0.784038814754504,0.7265702480421503,0.6820578772760534,0.8152269273759137
0.9912635686493463,0.8328985347617356,0.904478890469059,1.1225607685254697,0.7975008137113132
0.9248584037443577,0.6758094327561905,0.6475850501283417,0.7443548165536107,0.7833100013001774
0.9515140662332865,1.5806808260704646,0.6777256580023061,0.7719635930074078,0.8307804704247698
0.9640014245583586,0.9221809233352242,1.1259713873277941,0.45519256686567944,0.5719719664747251
0.6830293932885569,1.1868366267966441,0.48975029708895457,0.36429141194916365,0.9036996388225457
0.9178920203662152,0.4960866718658811,0.6204674866678409,0.6875108958063749,0.8531990650301534
0.6437835612322707,0.9980785712089945,0.2035279149780823,0.7063616662834794,0.7159451816953419
0.7617808027818689,0.6726972021651392,1.0212461355700742,0.5488558860553331,0.8479289445164621
1.0204053236419133,1.4309673149887197,0.7361176977827228,0.8951452536535126,0.6421658525312413
0.08844187794482206,1.1119859584865606,0.8436015253876502,1.0311840624035697,0.6912937338332971
1.0102533379763976,1.4368179366534397,0.9396948729283209,0.8895772216631613,0.8468024447630573
0.35009051298264443,1.2755166479794169,0.710254926128926,0.9266126534262974,0.6720942988139684
0.47486995303358326,1.3016623301428094,0.7701886951627467,1.077630876445843,0.8391013942688751
0.26638963087499656,1.1309453930480136,0.7169449166582043,0.9593212501685737,0.8516675095284172
0.36187301992761417,0.9018044164712454,1.340940273811034,0.9277978530761398,0.8434191695681869
1.1909042925526272,0.9174700689722266,0.897704129098921,0.6782497560910413,0.8769958549543342
1.1792878102622248,0.5874657852420313,1.1703788008491083,0.8373518562790022,0.7525962030442538
1.16833181584408,0.7621605523788335,1.022685544687057,0.8067217626052302,0.8461640866646266
1.009931294665301,0.9458435805164128,0.4076393826187265,0.6765696523086471,0.9577650491018193
0.8130695965374332,0.68923647498636,0.5510684697967999,0.6841335524727046,0.628810895066278
0.8238280804402903,0.66661327664819,0.6397202328087238,0.8450845965787174,0.8965490094758661
1.5187841627906722,0.3787573406104841,1.1161023393213163,1.0107177232305038,0.7697516405557154
0.9221267097508979,0.7131415177647972,0.8993790867040315,1.0964724223556817,0.9255666930459162
1.0196949485039284,0.7227831039133775,0.5270137003356147,0.8258971406064983,0.9937617516829242
0.3769269802377928,0.5262113060132265,0.8880941840182988,0.7041722684048398,0.771253044784256
0.7269072276730585,0.4290147199000967,0.6430405942101213,0.9720825802006253,0.7146924756209843
0.35657032639000297,0.6626304700490544,1.0255320878735652,0.8307257901504354,0.8099201182755288
0.8768903463044165,0.310821701250666,0.9734824099323076,0.923489264559548,0.8171007842706256
1.181965125010823,0.5073182912992447,1.116071981998697,0.8882914572313332,0.8262361404153037
0.8585802695497106,0.8309447676001516,1.1377284156818999,0.6946269472663065,0.7796126222207043
1.1935736143427345,0.6775411837276917,1.0672311835559172,1.1345702880636024,0.8209438162027233
1.0823325532478107,0.5020373340678941,1.03563036280309,0.8983985676562511,0.9197541546103652
0.6637200537252537,0.34258717019544205,0.9803984505275697,0.5416151832175284,0.8323870042005015
1.1664967079024138,0.9295522611876883,1.3045315285900436,1.030952857491043,0.7957608065351917
0.8785071189626596,0.8548899384295948,0.5160843903436161,0.7211797456076189,0.8071748945132997
0.22696141013505566,0.8858896242364795,0.8151767132783242,0.606363120273395,0.9160632430778748
1.0982507106778363,0.9436664779321127,0.799408024960715,0.9653870870602123,0.9479228201571365
0.9700824169909312,0.6121075830877711,0.9347226843040208,1.0618949606363213,0.8061677162524961
1.537300544326564,0.7076547778703317,0.8811203023515025,0.7675445650220811,0.8988363121994191
0.3239360011067478,0.7022012966832475,0.6306691505100686,0.8962737465800693,0.9860574714590837
1.080160969260166,0.12589133443854672,1.3324965317494901,0.9225637338619368,0.7890606327452505
0.9265650876782567,0.9325929908418065,0.7277649706956556,0.908170249662418,0.8089594103985613
0.750007388267395,0.6608573599140812,0.5575228385508618,0.9009366484678738,0.9433163442400205
1.041699368224826,1.1381620098205105,0.9514035546218591,0.7946475817782096,0.9727561528347941
0.45059514092699104,0.5950625806726615,0.6642781895186272,1.0506517372571669,0.9852868401810415
1.0349803273599254,1.2198548674835377,0.6842672735890447,0.9359986088798857,0.8668859543354092
1.149689517673048,0.8454447802308959,0.7958060352878762,0.9674070281038915,0.9798405727633306
0.6715335749883905,0.8635690597731424,0.6462083621858142,0.4879047554151122,0.9052949510121654
1.0764366644079728,0.9667566854685402,0.44794863116088146,0.8284097181432016,0.6358650644234534
1.3180224062691561,0.5414442706093321,1.1656016658799775,1.0344400070675748,0.7841958224773282
0.5276678313689942,0.9966826766925737,0.6970892916680452,0.9020901306062484,0.8319041201630498
0.32363514055832654,0.18155096802715742,0.9375750257931242,0.798096811081095,0.8250495654727412
1.107939355176416,1.2589629175770782,0.8269450355005135,0.8340345037907232,0.9438055789136665
0.45978818505400687,0.9594560808715862,1.0122943437711758,0.9964427284814263,0.6723533539687919
0.6491282137730617,0.6121586634748437,0.9122252919023321,0.9659022821322565,1.057227200573921
0.7343690627786441,0.7335446513191514,1.1479653694951208,0.9377838222526667,1.0326186384307232
0.9831957032701952,0.5259794885352369,0.5937953294903286,0.6465762656580594,0.9659115372493121
1.2687602109524083,1.4777125514196237,1.0814169764196244,1.076753815698936,0.8280450954992044
0.5282031035784469,1.1627125821213817,0.9872901493839485,0.9108823411283425,0.9372033420558993
0.9970951180217273,1.3008734324611386,1.1844624746481982,0.9809436880156371,0.9894585308256599
1.0584567484420964,0.7500612217800046,1.065068900143977,0.6754068657224654,1.0137245534882144
0.5191555761988178,0.9872758318002649,0.7079147266475047,0.9843953778248747,0.8931039413305547
0.39359178390586536,1.0309348023789795,0.7686708836371552,1.0372194274258348,0.8980461144042549
1.0239419937443348,0.5960890074473604,0.7671202058185769,0.8263817632472711,0.9946811480146501
1.4303331091444593,0.6452822355863861,1.14069046518981,0.5568437785076097,0.766385465957294
0.5977085315958843,0.4732000995207,0.5467997721064546,0.966201762577261,0.8769674047055821
1.021880423201296,1.1202485369297532,0.9612956671731901,1.0059033917829883,0.8941279559684675
0.5275426354422201,1.2374131181647947,0.7711734253760547,0.7549721391772708,0.8830110796673529
0.6152477460989914,0.7719008267398304,0.980836699558033,0.9589815689100152,0.8035234508653609
0.7506789243429146,1.2446388309615561,1.015903345634104,1.2330014957713207,1.036847245837342
1.2677631466451678,0.46702333467024054,1.0767102730628284,0.8975089832754493,0.8443042675520579
0.9600380227000667,1.2058090389104434,1.0188962551833858,0.7680080030555474,0.989916336971594
0.7062850238370592,0.9764291265515448,0.8400767707221058,0.87330211498649,0.9935764768815205
0.5799707726667829,1.5240336017144607,0.5017016845268703,0.8144093507608375,0.950299856508329
1.0946862734137388,0.8781366972545875,0.8970769585911149,0.9748235780704971,0.8840755569538735
1.3514735077641942,1.1763364062125823,1.1060803690374845,0.7581481197841233,0.9020350152310231
0.816896236183834,0.5939128353741732,0.9924470717482592,0.8269026534663413,0.9851882877248537
0.57448862576877,1.456521285604098,0.7124868374064168,0.9475876570004955,1.001445475245104
0.7334615654728449,1.1834881686261203,0.6390601057629647,1.1435138819169197,0.9154958498286685
0.7263130677459593,0.8203053313872293,1.0957947623820734,0.8225044192756235,0.8311341782643397
0.8458598925710392,0.5437278163082112,1.3230019093340177,0.8263610677839899,1.0088934991723804
0.9831571735162122,0.6055799135654953,0.9155854034583262,1.0408786406431318,0.8958686597775245
1.295213359390157,1.2409494485291395,1.1233935259729542,0.8452398008027178,0.7971878620064593
0.7248854812194212,0.9809757531869987,1.040960538186374,0.5755633318821974,0.9180118354029672
0.9699121224752031,0.8321527197744484,1.2086575280805825,0.9866092052353044,1.066403828421872
0.8526282080227331,1.2173773340674527,1.2865328815098231,1.128317865502128,0.7988157787228417
0.8417025026287807,0.8127712582096729,1.0313225617949944,1.0304439476219023,0.828130869674516
0.9443753446287783,0.28416581515883654,1.2453516282018584,0.8419094421760407,0.9291687012720856
0.8260040866217264,1.2863296637641102,0.2894381949681176,0.9212975982006752,0.912093027170953
0.7814725034928587,1.4708056890902441,0.7265120260809642,1.0469566153987093,0.9647551975609585
1.3248533409424632,0.7149422121359167,0.7620290975425348,1.0992297950458558,0.9734782938111897
0.43837484115135444,0.7563837070015285,1.0133247148600304,1.0593890810411835,0.8509866312798753
0.006359266666927765,1.093385627081763,0.6550559262215105,0.6089586572132564,0.6112642627929524
1.1863322779297247,0.9696013379412729,0.8784706282460122,1.1485529645502666,1.0001839946778337
1.4410488816528013,0.4895083029141547,0.9222041755473205,0.6743051005052534,0.9042842055866179
0.8523116948979257,1.129083561598317,0.9411193244861314,1.0295002542595348,1.0095779287209343
1.6133802135064221,0.8322263749982197,0.7215128592258859,0.9708411678943594,0.8422342980482121
1.401570076060215,0.8433715251816122,0.8064662124295658,0.8584113741388164,1.013254442688075
0.8840499578307458,0.7310210688769749,1.3063179433605185,0.7985615959122053,0.9379103418954622
1.1412122520176788,0.4190614773429122,1.042324447740113,0.7681077633727342,1.026924846367992
0.6315189569829496,1.1550087392431487,1.183207726736137,1.07214100996902,0.964033991402826
0.86379315647669,0.754657062024197,1.26587029352968,0.8263370315304019,0.8209894250538714
1.1483460698403722,0.6861773752224855,0.725497281610392,0.7096840625187727,0.8839469765360765
0.9127821517161215,1.0158112929142553,1.1516574819063057,1.0222488155988112,0.9175987760420803
0.877264963964185,1.101265896651793,1.2244952789845664,0.9599119684993288,0.887489515922089
0.6269691434635876,0.48392690874008926,1.0899233687445218,1.0323273696090647,1.005492145434311
0.901256252645068,1.3868537735667579,0.8336897556362903,1.0929832703552635,0.9376103545998542
0.7505655396737609,1.130317478323309,1.0345403636846011,0.9993852920388662,0.9520301467840219
0.931961099365137,1.699213483666546,1.208751780090393,1.058232911053022,0.9564434698224454
1.263436016517402,1.1087492758916053,0.950804505798577,0.8969472107343204,0.9358981115663412
-0.05663070183306107,1.0125437788783103,0.8367193738950063,1.1977691837254647,0.9481086788107785
0.5709637009116655,0.9311734572384367,0.7130271610573871,1.0217992316902258,0.9794758511738213
1.2508434346957076,0.6978491657769813,0.955552389443097,0.7321190514819189,1.0263774488602004
1.1130304231900485,1.105736263128429,0.9493109753661314,1.0145303012781917,1.12831951420592
0.8597952299413237,0.9937934066635841,0.7070847262379594,0.812665837847014,0.9608858085729373
1.3000453902555398,0.8699078384249224,0.8981984112951779,0.8866167450035343,0.8911633375794816
1.0452301164294873,0.47847751166547775,1.2383787488016125,0.8467394485543172,1.0326632152836377
0.5513441336545699,1.1644587732579936,1.1032043349717182,1.0137006344176853,0.8417724642775045
1.0328680204641003,0.5798387395829947,0.8974343718930349,1.1167184565657382,1.043027937290717
0.9597562229560781,0.6466940491523516,1.0993127559409615,0.9580193977048989,0.6955357846101391
1.2034452375501743,0.948292861037086,1.2248322289679165,0.7827784812770744,0.6007896724215034
1.0452110220128146,1.0491574870857527,0.5789112882611333,0.8022425942380133,1.2649996653455218
0.8613153961730668,1.1891074821073633,0.8124659975355595,0.6274520499565308,0.9389225072796789
0.8749674222157994,0.832506356866112,0.9333244888399925,1.0007434415447742,0.9421753735800323
0.5602461132384611,1.1137050904669539,0.5240671841280574,0.6357699808334865,1.0426028516496915
1.1212948489435741,0.9428109528838777,0.648929189387683,0.8490304133068404,0.9315849815262606
0.45729597748002426,0.7282605804128532,1.10782745995681,1.187638755348476,0.9150677310084454
1.202185585266097,0.357684022819057,1.1104207432606268,0.835847557371938,0.9973252475402438
0.8856177702187514,1.381515536495241,0.7684342088002482,1.0631972326720023,0.9327140795564852
0.9149043773057414,0.9068252590577297,0.775866710125753,0.9627357227190578,0.95796068079827
1.042252830792973,0.9926888394053474,1.1444029718266948,1.1119854992409466,0.8485027076482858
1.2416969540056484,0.5918144488776204,1.0984155396519157,1.0649562726672561,0.7532752421519189
0.997370587383892,0.819816488652464,0.7983028983971019,1.1815564753457606,0.8948844182710223
0.71397019410645,0.9929058107455583,1.1222714967089784,0.9465723610122558,1.0993731603224675
1.1378792173621861,0.28115907041871147,0.8515775577457629,0.8811349340038709,1.023564153851335
0.140930937030893,1.777038616714007,1.0897120155719418,0.9945104605282801,1.1030742576675912
1.7131004574092166,1.2473262381568202,1.1841330301372328,0.9926358792105007,0.9561489117172036
0.8225132426343136,0.7117334233533628,0.8193519501300836,0.759431325230524,0.9644902869088111
0.4412353095466749,1.0343470798996393,0.9658502030493163,0.9972064845528938,0.9155978897858043
1.9479636561828966,1.405081387612976,0.6966868118672772,1.0117946525067858,0.9069978216577095
0.6551693183299181,0.5522079786228968,1.0726225661307456,0.8682403012039364,1.0841822149816611
1.2912385065852037,1.411446853710791,0.7863775017706862,1.0521388795321591,1.0476875080304051
0.8280296729709101,0.7339222560171867,1.3378777399645574,1.0139482342583737,1.0490813340824323
0.7190157182626018,0.5934073759916336,0.8516461384253505,0.9593694758426552,0.8599955650660349
0.9768667781336061,0.4460277564492374,0.7295297625133741,1.0860603625990621,1.0474858123555468
0.8570586669087876,0.6591356471899055,0.7512465628272942,0.9219620892114583,1.053040338984706
1.275519043270553,0.8249648605140554,0.7240532343786699,1.0243317796041287,0.8899079731735974
0.8190971087635738,1.4020720804174163,1.1679316153341759,1.0079609149086444,0.840778115564899
1.0508334482588582,1.3200257250912288,0.8999897428550667,1.19761387913917,1.128517301231752
1.5111035017425825,1.0815113369799898,1.1163297620035244,1.2085876284441601,1.0350051477853597
0.827481843828044,0.8441442868279246,1.039328495286726,0.7819303083012027,0.9699691523291247
1.3337456325171415,0.29405167685719746,1.3301076159739158,1.164449932894684,0.9355837402546859
1.1598232555599304,0.9889833866356067,1.2630221955378786,1.1433638354582598,0.8314553224707629
1.1746976700644223,0.9239637522005475,1.0075109148319406,0.8738549022290296,1.1844366550160608
1.3188864158171885,0.7560538074431427,0.691561985935637,0.9290097927360094,1.0385688626431746
1.0669507484062943,1.387266384689822,1.1676224105474045,1.1442933144974727,1.0275345357198842
0.5526571582073408,0.9301066826746307,1.2290352640605766,0.983845501698995,1.0482392051453981
0.8921959253410776,0.6673378927109351,0.965412421810174,1.0418576842447091,0.9196848773566131
0.9194555536079219,0.6969096317258308,1.2442647659084407,0.9474364507875642,1.1564170016735895
1.4784275125745894,0.9693660106263585,0.7694990032150572,0.6651855819875567,0.8304162469606086
0.561551278442159,1.4319063668102103,1.0218951610465266,1.0575978801378272,0.7477453802636155
0.6181667493224539,1.2775162529813224,1.0611216379444597,0.9737217987846807,1.0601482925170562
1.5152826838875715,0.9280982335588182,1.013509557430917,1.0284502446740615,1.2654439857032418
0.3351242574283164,1.2150530866569529,0.9733284357794882,1.088613477405364,0.9255025131352563
0.9845158976786867,1.2249677782651176,1.6960678817386565,1.1277617395176878,0.9051833836712385
10.017414312383341,-9.985833820373216,9.953174007709725,-9.971020788911813,9.92549586622117
9.967290783711984,-10.099954390644891,10.07793132584814,-10.011577474697265,10.108344201740815
10.040147496325975,-9.977595089332448,9.97068861528595,-10.052317501784371,10.026148578694848
9.99642429953635,-10.066963515774265,9.924157079174584,-10.04793518645718,10.091048361263312
10.110663895900565,-9.989750542634555,10.007447139812065,-10.016816018591475,9.953275732584524
10.068758952880362,-9.906321180305143,9.955329045708035,-10.00414191892123,9.977506684964492
9.97898804625675,-9.940704587228506,9.934401922731693,-9.976676515453185,10.036411905365293
9.99289244131991,-9.955346608650661,10.007382592026872,-9.939143503942194,9.923889734753708
9.982561236949657,-10.003590657142551,9.866389630776432,-10.054297636678927,9.95932003728206
10.047410299741168,-10.03534216731573,9.9590960506347,-9.959125710967191,9.919104467710497
9.896437796627822,-10.018079615003467,9.927614661596083,-10.070483964732983,10.0286716895844
10.04379869189563,-9.960556789207393,10.055438833015362,-9.93794328399926,9.893570489558654
10.022520597996474,-10.026480409978477,9.962628787700478,-9.971979268389564,9.913485226005212
9.912444569706384,-9.968321362795914,10.024389300875544,-9.993163367206424,9.956004329763843
10.037191481729106,-9.965984855396977,10.004265225752373,-10.058866052063488,9.978737582713524
10.041891683876223,-9.93364043885991,9.983673169831183,-10.012483648390413,9.991915544598747
10.013744650445549,-10.029053365003001,9.85529074712142,-9.940361549917645,10.089734447358127
9.969380007019714,-10.053332668445938,9.993144973880488,-10.009375194186438,10.049775928858148
10.002731972082252,-10.039631141518559,9.934079527472097,-9.956718290759015,10.029975562058212
10.05302799390459,-10.048409337536055,10.091921844976417,-10.087184725352861,10.035480051070074
9.904520861640155,-10.039516569084924,10.078051146522398,-9.9584317872762,9.97268897922564
9.974058147858916,-9.994968894458228,10.025707049538036,-9.937421030865865,9.977188299769574
9.91941074682564,-9.992151568647563,9.97712845812458,-10.065031685237422,10.01488344576564
9.98934431229536,-9.98467438967651,9.95527778999064,-9.975664473483725,9.934145090162252
9.958613430515172,-10.012145711554364,10.087090920747986,-9.960758731572575,10.05385962521339
10.070853851667158,-9.819858393209456,10.002079453377922,-9.928979953843507,10.050631762720098
10.049801625165376,-9.911288019097992,9.979034348450776,-10.02493425119682,10.015988275674093
9.990865011403905,-9.984074957350092,10.07813743925265,-10.023907336135315,9.984766051870313
10.008715550176328,-10.011415921301259,9.904299708599325,-10.029006382134947,10.034368662111875
10.071877337546633,-10.057730928376886,9.942035880038459,-9.998488309864133,9.896220246756108
9.977751489850643,-10.08680210297757,10.068453064992124,-10.03846655771752,10.08264170931695
10.055676067672916,-10.03231586488487,9.946402018157697,-10.009677287458379,9.99476766878709
10.01730734719762,-10.038827164476508,10.037319743676111,-9.986733597250005,9.982980242164206
9.964397967229099,-10.009244249154934,9.959154937408622,-9.99707806525582,10.004271934260995
10.013085364173817,-9.911687879516407,9.99337776401502,-9.949770106643776,10.011479369848786
9.988087784905078,-10.005957963497561,9.997058679541597,-9.98601161461359,9.952033961739051
9.926732980827751,-9.967285130326287,10.044906191629064,-9.96271820835986,10.007748600927824
10.038361231372665,-9.964328548699143,10.039381467947747,-10.042977041067106,9.945152410142269
9.980571537662387,-10.000869205477132,9.987903943643385,-10.093834516566893,10.086084630606758
9.986297700555713,-9.991364779171152,10.062227449538153,-10.117248613476061,9.974415306404415
9.98064413632101,-10.016815502272532,9.991325670464303,-9.927643260077758,10.03367294378636
10.047901763431442,-9.997643986409454,9.930031347692726,-10.1039848517573,9.923529613838419
10.0179882852083,-9.998411514365118,9.9894918176222,-10.018428845337008,10.100586078772137
9.958854820451176,-9.953609027194197,10.00009564680105,-10.0030469755893,10.058831877430837
10.073126519134572,-10.011977472844242,10.039960135962106,-9.981805431892496,10.000371856940495
10.01021274713285,-10.034400440742242,9.984695030333446,-10.029031763987636,10.045068835821446
9.995239944222947,-10.064885701230752,9.963828138841846,-10.159963232260608,9.975275369905892
10.001882253254857,-10.00680679244335,10.09900771757657,-9.971254697954247,10.026522592654457
9.917836548271486,-10.018232102705857,9.975666859633815,-10.0393040599404,9.960005966724333
9.909593852302919,-10.063792660234066,10.043704670138247,-10.007145734599659,9.974679879086283
9.999729433267365,-9.941630466064943,10.000210526043789,-9.972981293453449,9.957669757880588
9.969068502462664,-9.982301155746816,10.094632685416856,-9.928511257024256,10.029141403472806
10.007571688008037,-9.929946532218642,10.039733916152256,-10.114683101118533,9.947303457607239
10.016907016267897,-10.089348378277549,9.955120549762157,-10.0349907471829,9.987191704687708
9.98562848958869,-10.014456021358342,10.041265375862016,-10.013261193272527,9.980768493396438
9.932541394792825,-9.948782689900709,9.966425124302626,-10.054351516400065,10.010654528743448
9.961652936880848,-10.026297636989714,10.012923008715953,-10.016324131188977,10.115580468765032
9.99625857283404,-9.96910808905604,9.902915297625352,-10.043032456595736,9.945654315254165
9.952281013834869,-9.97922310030815,10.051778253388871,-9.982768474768275,9.988667768821685
9.968457248064379,-9.944320012440675,10.103562772707743,-9.993247214760816,10.04696815320358
10.017168517489774,-9.96222475467672,9.941772661094495,-10.024406814007106,10.01977347200228
10.0606245472041,-10.040906711081885,9.898335044447993,-10.024913221322063,10.050506535717412
9.920805220445608,-10.05884599460658,10.007795929302556,-10.005798562638073,10.029723324077661
9.938563661977721,-10.016248929708434,10.059759270120155,-10.059644809681838,10.073845614815513
9.946629150705565,-9.95753092113112,9.981352074489344,-10.057245412881949,9.975155047642371
10.02724645940895,-10.000342699745074,10.055923470572168,-9.928212996953256,9.940848466734108
9.937186542754482,-10.065239688681043,9.955040195197599,-9.944789273959012,10.028018097533337
9.972748621353878,-10.000555129531142,10.070215275258297,-9.904599457451043,10.01296921667214
9.86703594079763,-9.985135645262002,10.046737406477067,-9.988768384207196,10.03632574593674
10.01785326872302,-10.061732270874094,9.955688078331827,-10.016057609356508,10.053270738911918
9.961705796583969,-9.977204868341618,10.01518462969606,-9.920690136746044,9.99791601109353
9.912262079086187,-9.967656476755161,10.1069027605817,-9.964380832756678,9.96061692040948
9.945902706041052,-10.04764844167537,10.100165594019103,-10.016366372026072,9.9668678303086
9.992078167793638,-10.015845352430285,10.078382517989375,-10.050723874550815,10.059032161583023
10.006104604822553,-9.939648674328616,10.079130952186702,-9.995760118304345,9.984246819520042
10.003308941593255,-10.004738533600257,9.917151677213063,-9.922375981310747,10.01228925086906
9.941845040747447,-10.103376166009921,9.883620038353483,-9.961475978165625,9.969051121579644
9.977254966594744,-9.97559228677306,9.97419759219491,-9.972673779197324,10.004763203218836
9.995793520842538,-10.078637520284575,9.959013432178057,-9.969873231720657,9.965898909256797
10.060268477789224,-9.88267993380033,10.032819265042066,-9.925358405431743,10.036036361914803
9.973286898866391,-9.989992416759629,10.100666047304871,-10.026177687131373,9.948033635056097
9.943290278844236,-10.010876469191677,9.949826395567847,-9.916299028628139,10.010817826729564
10.048586315488025,-10.014933269528985,9.942990140112194,-10.065469697271665,9.954600412891095
10.017376274701336,-9.974005853411603,10.030159803652934,-10.074433634189093,9.999979540705086
9.94869690845538,-9.979926701620773,10.023953852774873,-10.058608652351323,10.048401480359818
10.116941147076412,-9.958258213120766,9.991858298022445,-10.015827285160487,9.989546800916374
9.961963307661149,-9.987380089667397,9.943076870442285,-10.094484889329895,10.010980084090678
10.001061653288792,-10.028558500821859,9.935865168869482,-9.985512798654298,9.950491248071478
9.993052782456733,-9.911751407293679,10.03255948847877,-10.068456633119085,9.936257421449385
10.007590954637188,-10.068766034102952,9.899913725938285,-9.973381399435164,10.016046787716043
10.022529916563956,-9.986848240909104,9.996734464416381,-10.033109427383833,10.025806748304397
10.076494174420258,-10.025061450372172,9.948962989489585,-10.056755970970562,9.956663488333314
10.010129926223804,-10.106981378177679,10.021958521221617,-9.967804349485192,9.910096082002855
9.95104097818612,-9.99601595100773,9.992826513484781,-9.97401812658657,9.99294315892418
10.063238476338748,-10.016058469952185,9.950848350664012,-10.053172093313087,10.036773425464084
10.001481057097847,-9.96831420496374,10.030656124961459,-10.100992492638191,9.942995869948827
9.948968747974808,-10.040803209424588,9.978982233671173,-9.950042520269141,10.059924117619195
9.98535545848985,-10.012564043066238,9.964728313797135,-9.995540615138072,10.010126044136697
10.040323777750114,-9.960078063700873,9.884894097446548,-10.007627247381857,10.069205001544505
9.978094253634755,-9.943037909081836,9.98467740999944,-9.991253826627903,9.943155465380043
9.945037572121674,-9.96372542138685,10.044090914010033,-9.998678554689976,9.93862378786808
10.002190227830361,-9.937138251966287,10.087143323502588,-10.015835396616296,9.91700660748711
10.042018179977738,-10.01379815482275,10.047152032078053,-9.985946388749118,9.955827794711908
10.00291221803297,-9.934583081647284,9.992542300551637,-10.051740258172268,9.920567791570168
9.961391765656767,-10.020506813088549,10.040999956795863,-10.05604246339058,10.077687594286482
9.93314238945794,-9.883425695372159,10.086275927837724,-9.9929416875306,9.91761532326152
9.99722879690088,-10.019342047899325,9.936285638847453,-9.985449518637628,9.958817843507218
9.964254707647521,-10.010183931728617,9.971254558564715,-9.896092169144499,9.973214268350022
10.022044050569724,-9.992723875389482,10.017637511262944,-9.978545579819453,10.044068074330307
10.013322303780932,-9.988755210255684,10.002923853423408,-10.006920892616998,9.954410105916967
9.99695658112899,-9.987936631236723,10.02010822782864,-9.990985761350489,9.988352249327573
9.997146004840205,-10.02768232422754,10.015661199550328,-10.011056411395707,10.009028046909874
10.050040152169128,-10.035467945482122,10.029834769045523,-9.998339491005732,10.101059679979038
9.989184983576825,-9.965241770842447,10.000767672587799,-10.069415225415675,9.973965545224043
10.04402355527142,-10.021634723030413,9.888987184258019,-10.001570150846225,9.94538318510245
10.006590886629835,-9.922442645930099,10.038472865540145,-9.923167208563001,9.971924398927776
9.992841683318224,-10.05222180984039,9.965797827747995,-10.046344241614309,9.934663851539403
10.068292831266566,-10.104598014751321,10.068506945240228,-9.937697053753988,10.02498963377395
9.944274636595296,-10.079108755572161,9.972579815936822,-9.968743977183005,10.000153181872033
9.947825025245262,-9.942589760767175,10.084219166409078,-10.01132995820073,10.005466845179868
9.924557565818525,-10.020719335805452,10.02552199890005,-9.982257172987111,9.974616607539515
9.986287824576177,-10.022360536827227,9.986076764314081,-9.978838259874093,9.901623145731543
9.996282524259604,-9.982501223218716,9.971475765717946,-10.023966652198244,9.977480277959227
9.976047501323142,-9.999705811107482,10.00645013790069,-10.10502571581169,10.032644018573615
9.985500055782651,-9.903351841226574,9.940417573055065,-10.043365725437717,9.989854551070836
10.020661272484302,-10.097538366368575,9.958544997394196,-9.970433991971309,9.952593802678372
10.06850131881881,-10.022694179942453,9.955031339932905,-9.969487787110523,10.080380869341223
10.020819812937194,-9.936978530038838,10.083831767031848,-10.046092933996379,10.046919566702979
9.923826474534822,-9.978754873410681,9.99643410547426,-9.937852489847897,10.058612575649242
10.02848916752672,-9.985078605025858,10.025418433836098,-9.996911456431173,9.996940212944605
10.072128908612623,-9.92185550901609,9.99291704011489,-9.988118179849463,10.004082761238639
9.91941507790314,-10.016821778880601,10.079985210052405,-10.03748879375159,10.105727173115065
10.05860631547947,-9.979925092472689,10.028042164298821,-10.045860334816751,9.986738562388766
10.072069955516088,-10.030726466958678,10.05305658784744,-10.068852009471852,9.94009207937625
10.095069233279316,-10.000591857312017,9.973075005650283,-9.931862958650052,10.062291077748176
10.046037728262862,-10.028494895970605,9.985654121203115,-9.984418558813763,10.034719967107362
9.974575821299073,-9.991463144468964,10.01336956503987,-9.935661512181237,10.037723291446756
9.924659917758236,-10.010681515424269,9.953560831500829,-9.971595628969416,10.046157667525252
10.005077799280512,-10.013406351531392,10.003458489651798,-9.989554036326112,9.967995017414154
9.93906444496153,-10.102506952127767,10.063359106586944,-9.975181687818251,10.018125550567209
10.063259944397647,-10.062773400484621,9.913218456207249,-9.980788404174046,10.014663568772171
9.913434659516362,-9.982023946892976,9.979988852380021,-10.040354402986878,9.98332881458588
9.877923571454076,-10.029568711169597,9.96478527152579,-9.972144877653193,9.992088493174455
10.031943443683945,-10.127476967236834,9.958045088871447,-9.972200147421427,9.984556768471343
10.042273026648719,-10.09023014546946,10.036555541984473,-10.031956960889252,9.963190145780866
10.049552352346373,-9.941904943502175,10.051734984804364,-9.898067903747586,10.063340180422166
9.960228170813386,-9.992918093593218,9.981990104575754,-9.898545507002547,10.055243497734935
9.990555993164326,-9.95610451011235,9.938390076684344,-9.987486913117726,9.953103875369846
9.91557038996863,-9.960773188123508,10.045429554759378,-9.9771393681894,9.990851647971676
9.93668206725768,-10.058067343535862,9.95153600101306,-10.011683664586247,10.053808936680246
10.053020210553933,-10.082428379980644,9.965338333164153,-10.036008050978593,9.873420843574937
10.028306047347495,-10.012307991215927,9.994342873168451,-9.932706447081218,10.004415450664219
9.978463476751699,-9.971396118949754,10.052943592328779,-9.985176621697539,10.034459479934908
9.992721617512856,-10.004092887317983,10.00565103551494,-10.037656047521633,9.97159691928152
10.068893982090923,-9.899602195206883,10.079609895701909,-10.066162867838427,9.929007123270752
9.940464528402742,-9.993280627906026,9.859563770382117,-10.029440078330975,10.070354964458055
10.049121941536445,-10.025454732528676,9.978332227941468,-9.971637914659654,10.04676343776221
9.973343136613012,-10.011718301085972,9.971699513573999,-10.06656747206876,9.98901281259891
9.985203622989562,-10.063032205799432,10.032304046881887,-9.975833966068706,10.034785985042253
9.961596482226781,-10.099178783905732,10.023366556482282,-10.033205635731486,9.955466593337714
9.937147346267828,-10.013766126404358,10.078866364852523,-10.025272476067776,9.945509847791653
10.032596670051502,-9.991359386011435,9.89403493161559,-9.966882684012335,10.10642338842508
9.869973203628549,-10.061785301201105,9.85757364556742,-10.003765221037042,10.049519311830567
10.005275037489813,-9.930400215094366,10.041527514516506,-9.914892633824891,10.058010538405355
9.979852846569525,-9.996663677188257,9.956566154225952,-10.011532808443402,10.003091583600906
9.995754633823232,-9.93288732368482,9.983491596874659,-10.046604320677869,9.956519448254841
10.032755013581127,-10.07015692040445,9.989940691492453,-9.93362498772723,10.01462992228704
9.996269730544062,-10.001795520181922,9.948521770388641,-10.042856735521728,9.99024091635427
10.013563651505464,-9.952592499409894,10.004628030858571,-9.932361291212288,10.080259900760476
10.03976336062411,-9.938750929597205,9.950464323930595,-10.057459946734403,10.025898668814508
9.932939509406648,-10.014518592200798,10.038559595266486,-9.92933135376574,9.987289217485596
9.967502785234615,-9.983976918924421,9.946322827823806,-10.008663932414672,9.999599997586186
9.99860080036646,-9.995574826309106,9.958274257221392,-10.036349649630921,9.962644186948369
9.918995283040248,-9.982908483907694,10.0447328725846,-9.960184495857323,9.986875156976962
9.959449738026805,-9.962784267881865,10.031946151118728,-9.989128967878186,10.087215562621164
9.998678723931647,-10.012844499196245,9.98000913344627,-10.07804388532404,10.033066998207115
9.994725731642111,-9.97450343793216,10.092093900104562,-10.019537588495231,9.883099564160423
10.024053518475538,-9.991657030505365,9.963377306201433,-9.980136683218925,10.039304816005219
9.952669504489423,-10.01506659307017,10.073837686492446,-10.036081109561469,10.00333348777069
9.868779441697805,-10.074092275054065,10.00787587486664,-9.93860060952072,9.93189851589995
10.003728203103025,-10.018785895452686,10.047654402749625,-10.060890165266128,10.021503882418374
9.967315465650188,-9.988848098758677,10.003446552615424,-10.01258895370713,10.02389059231347
10.002182636715148,-10.006640315103835,9.982179173298864,-9.996120080512734,10.011102177407304
9.95054289599597,-10.01747356189587,9.947240702768442,-10.00199227113904,9.970383389757298
10.038539157399063,-9.966363651112166,9.953862571821782,-10.000115367269924,10.031925828962418
9.9912345839918,-10.036410876240277,9.94537982359776,-9.957286621921082,10.045135657414248
9.989602620056298,-9.961693120773667,9.851739473505733,-9.933622267464537,9.992152759736141
10.007088828039974,-10.016025886183298,10.069785374093374,-10.053036581197777,10.073723016330343
10.019813546047256,-9.968866789204093,9.983539771833554,-10.065410959894818,10.046525538276805
10.015570417559466,-9.931918827084559,9.990311183989215,-10.020961568944946,10.069404411832014
10.095594708224873,-9.999532641181714,9.962362125157144,-9.959473461860522,9.987298971691466
10.02996314127004,-10.012963798718937,10.07820070091059,-10.034974475252534,10.024026483126098
9.975564901488394,-10.014075328071039,9.97939721726197,-9.963069596695329,10.045918155746694
10.027886941446619,-10.005399173337263,10.00700900155008,-9.955113921577029,10.04646557936038
9.865486218432324,-10.013611108588634,9.988787060428026,-9.966537371793692,9.996661459114463
10.035959169047464,-10.053933038551527,10.013002725773038,-9.954989717327475,9.926280856534092
10.125682173410445,-9.940455703356674,10.000067665123282,-10.041420405361938,9.991245742486315
10.004190117980567,-9.977966872159397,10.075033042473002,-10.023804923472142,10.028135491878627
9.935378541869994,-10.020680035716264,10.018835842393468,-9.96543687544956,9.96233837616677
9.977960415199405,-9.926972168220823,10.058095430981401,-9.989577139147382,9.888167742338965
10.125556627384501,-10.000996578082862,9.984371647098934,-10.026117996292706,10.018818351859956
10.019329129458546,-9.952468606343674,9.953696891782549,-10.015624743907063,10.10152728616121
10.011229531662499,-10.008626218666338,9.952919111720815,-9.974703284708962,10.051550910852121
10.04372938229049,-10.012940043180446,10.018062614168176,-9.916417028167569,10.053544114608574
9.960791862890334,-10.127300253231073,10.014838625354212,-9.960071593662578,9.945538775406337
9.99956052389386,-10.013184953293655,10.00521431611161,-10.027234814355985,10.064525549881399
10.007398444031638,-10.043950844308238,10.045873107679686,-10.063209379799586,10.064224718876757
10.049552971211128,-9.930511235233961,9.99208768137792,-10.02480569898917,10.004201088046655
9.995778160682223,-10.032636814278176,9.972318834293718,-10.018318642363322,9.941499815678007
10.033898164479966,-10.00261485687855,9.984581076538317,-10.055517708047084,9.941981351116628
10.09679570253612,-10.03136287314308,10.030526419710466,-9.991868276504992,9.861240576944596
10.08962254115693,-9.965795801061194,9.96161649228476,-10.00141832522148,9.942540831629817
10.091311023923057,-10.045382885412073,9.973845800165266,-10.036478053907379,10.004018970010458
10.068515825006966,-9.910531277545243,9.980050192788886,-9.981087050884105,10.004095270630204
9.950919536777796,-9.878872221270203,10.068137978114812,-9.990544207514448,10.07909380467495
10.06060533563589,-9.995906932945912,10.0162981802664,-9.924393692881168,9.952692320943516
10.083684534866068,-10.011255628034256,10.076233837142379,-10.00026132987314,10.016880311123648
9.998284582171378,-10.026592181140561,9.986497255092784,-9.931044429841572,9.884291800866377
9.938051702759758,-10.036273585467905,9.946082760378198,-9.924501019479225,10.06288384889266
10.029601590469731,-10.031890203373877,10.066752593339707,-10.079406496299777,10.107099132007397
9.965768510141123,-10.013101761092072,9.978532807475265,-10.053655370704934,10.096255656196846
10.039444731539223,-9.93922647289601,9.938816536396962,-9.9909531086498,10.02605143446657
10.013537826177492,-10.0580186725534,10.053775001056533,-9.993922495860742,9.95225179821785
9.907237473022366,-9.969666674325506,10.122522786706575,-10.050762713667314,10.008522352520648
10.05552486395458,-10.063482613305066,9.976002161545749,-10.04300793896307,10.049233834741226
10.066276128467702,-9.992048186763414,9.957913296550295,-10.022139546896392,9.968475074287662
9.951136556918849,-10.005101910040922,10.028741324223093,-9.975487127778575,9.999588381771524
10.002852691841268,-10.004077539754489,9.935139423041687,-9.991993255150856,9.970818720727268
9.932632839042029,-9.98146472164422,9.969413498179073,-9.988612303937058,10.042381890753472
9.952488063942738,-9.99539393589635,9.909478855913482,-9.923373345469535,9.932046675155561
9.974259016880131,-9.933081004811802,9.98827385369595,-10.059869884315015,10.035653661614326
10.03452662310756,-10.03165931696826,9.97375367396098,-10.021770448530905,9.989648801965698
9.90535144615391,-10.009071193055904,10.089195709909157,-10.044798498361835,9.970825320326512
9.94081911684018,-9.969391903680233,10.06015986790712,-9.94098410804112,9.937599470555316
10.024989586524848,-9.928312498289289,10.025483155385507,-9.976079515832811,9.976417871068243
10.011005491189684,-9.93818409101468,10.016410448421437,-10.062413737801487,9.977197916285702
10.06046397694445,-9.983762833982444,10.005953103912153,-10.027700776662336,10.05942995902672
10.083120629891113,-9.9368405438491,10.072129581072268,-10.017935312038308,9.974991545131305
9.99218274132504,-9.998071337901187,10.071550989006262,-9.941705663026578,10.026923469362725
9.928440661707656,-10.084401092229843,10.012023137240085,-9.955986839719964,9.996021647550693
10.09574522524892,-10.054122052189022,9.93958240252522,-10.033214048723716,9.964885139340439
10.0263142934341,-10.021085592592176,9.922607976936067,-9.955421077165244,9.912002403696393
9.946439088849464,-10.081135328537194,10.010356063853544,-9.99069761439244,10.095822716050817
10.045691332807278,-9.92791769083289,10.014430482564924,-10.048846591054529,10.006405380099675
10.029621050369366,-9.964809630887421,9.976379392794582,-9.97556067631088,9.953348601457936
9.947836120294465,-10.055789235569275,10.00123129942784,-10.058891817753816,9.97876278050645
10.045145827570698,-10.051456483903916,9.974784398324784,-9.996418436161191,10.012344345076613
9.975035470459723,-9.960656996563243,10.029522615039236,-9.943007169781914,9.995919903782648
9.974359059527183,-10.034131601100606,10.015351375896469,-10.018857789140563,9.97154151111596
9.977585636787733,-10.034184524256213,10.009951055638137,-10.070629159127202,10.015150814623748
10.033827438020147,-10.029043956908865,10.096101846980327,-9.999118934451158,9.921932850845005
9.985937854683167,-9.99686719275321,10.022448377778511,-10.012871526205542,9.94942148621478
9.945250969094387,-10.032679964259083,9.972111231874061,-10.056748708244962,9.963359341944814
10.032972926221968,-9.917579369615275,10.037773085693548,-9.93470694569066,10.048705923411685
10.041656516419918,-10.016889813152867,10.007045543919347,-10.021030967122801,9.989044641883318
10.00340835501933,-9.964321692421048,10.021166169075757,-10.008091463150718,10.002776937044583
10.021673183709677,-9.966630278097108,9.92405024183714,-10.053869448194947,10.055365526696967
9.996956521503447,-10.021203829668348,9.986825026353698,-10.013185265278828,10.027896889076219
9.944599180300962,-9.998761112675162,10.01230588647252,-9.980186604171724,10.011143199810515
10.0257953115157,-10.028634807552915,9.952909863383752,-9.877149777837474,9.984936765771288
9.990777276467272,-9.966107995114106,10.079804464609712,-10.027226405846735,9.950059236590524
9.93789233246042,-9.920344688924853,9.948094650676948,-10.001377796825778,9.951135758397852
9.927582204102086,-10.014618767654685,9.953110666682942,-10.034581421271165,10.10030525487087
10.021244805208621,-9.953426524022301,10.041232978142462,-10.00504304615395,9.97801408203112
10.012446730593055,-9.991577461503375,9.971559729141735,-9.993507608476657,9.964683514665186
9.991427103467958,-10.016764173725868,9.936556370369711,-10.11755791065561,9.953046837503015
10.090205233229316,-10.015484089101836,10.038798408044821,-10.106222257154668,9.949585696601783
9.932275519131883,-10.010115000504356,10.121097774026762,-9.976988052838603,10.084780626663905
9.987278163615716,-9.931756531307247,10.103662835334145,-10.005468453320523,9.973036764438632
9.934109453150493,-10.015453012928848,10.004094833760039,-9.898452319132543,9.935251301295196
10.002983094684849,-10.090715406069481,9.978661858558072,-9.9844302321294,10.025629157634429
10.029451153982096,-9.980129798355657,10.029021097004811,-9.997713043549867,9.94760668470055
9.907417151815997,-10.02733439108686,9.993269228346838,-9.937303410141226,9.99496991624219
9.990171548289165,-9.98072364365791,9.986499400627439,-9.959472900052653,10.098966680919194
10.109539275710535,-9.995147968637776,10.016844618234773,-9.921057193981326,9.992501898855187
10.03395960709621,-10.05675800648429,9.98445804258625,-9.942194269167734,9.964090218310618
9.993597441063516,-10.078710482280107,10.100288414725481,-9.936848596509154,10.009404978307638
10.025375643604116,-9.980205094652831,10.06921558765154,-10.025940002118569,10.036613380996412
10.053870824942608,-9.939233701476176,9.887031455808415,-10.029963723913257,9.949041468934904
10.007479414278535,-10.100801510975714,9.89771885545272,-9.891495250406187,10.030884469413166
10.00605046215994,-9.981816367608051,10.00731704618746,-9.950132467172423,9.9683777903968
10.009330741303678,-9.988628936603114,9.947657102077082,-9.936150847046848,9.97771616300493
10.050871083490446,-9.994254363681426,10.081679241620453,-10.052068954426076,9.945762059924478
9.954715220449785,-9.99333522247428,10.07707341978891,-9.920345319091737,9.884501569978077
10.012485358061127,-10.16064768052575,10.039751589689251,-9.944091529255239,9.99798778626539
10.004199078874738,-9.996318055352988,9.960777904062939,-9.978414710733926,9.988429599917337
10.04651458546448,-10.00568134672596,9.956948844675587,-10.076793233543276,9.906796758747214
10.065625467197721,-10.022889467642951,10.016928709504082,-9.910838505412775,9.971859783435105
9.968626125780942,-10.006608087617765,10.001471635021,-9.905622432487208,10.078291029704706
10.031043770795337,-9.927529311550156,9.991089049371608,-9.985041771640576,9.984924317773066
9.935481580871018,-9.93980626291032,10.026584936699493,-9.999096326328816,9.999876607534391
9.924689256454675,-10.048873766657636,10.016807658505702,-10.026455633363724,9.989114347939125
9.994767196761044,-10.034123438450855,9.951604083998797,-10.080617881546269,9.992674086049423
10.030930427380515,-10.082181707110998,9.998797608745008,-9.985942837365421,9.950520979813543
10.071107090577405,-10.01928576845192,9.994937015577175,-10.0080634750299,9.911461278870448
10.050437603584202,-10.047775938420962,9.988173974229714,-9.9701169499361,10.073045171307227
9.946003385905158,-10.022324179279721,10.069120931500358,-9.976814306036228,10.03355856795258
9.947443413211191,-10.018960476496328,9.99160822838098,-10.04289473786715,9.916271518716304
9.97447507206182,-9.93228559002078,10.002958673278025,-9.931285454321332,10.008951045711475
9.961764613520602,-9.936119049338414,10.010616307033395,-9.95190805837863,9.946583591443972
10.051937814480725,-9.94655553622279,10.014488357217827,-10.040346104290489,9.997699558564369
10.030564557361911,-9.988271499003174,10.030054136905388,-9.949387704617354,9.967577667331405
9.942246218951993,-10.001876940068612,9.983512842056507,-9.960707679342192,9.94627508051706
10.051019093708884,-9.932319394522661,10.000015248213115,-9.996963193720935,9.961622674938493
9.972866955051297,-10.020416834032284,10.072147003391896,-10.003593539290538,9.933891352167999
10.0127677171056,-9.958685493768886,9.99872943153392,-9.92653932801365,10.038875433363295
9.947543563505608,-10.02757164061982,10.01131131407123,-10.08330946190133,10.01681783687353
9.911920878637268,-9.948828327221774,10.045363684239586,-9.974760931954247,9.966206081782385
10.008510141230676,-10.025668874375732,9.948459236127496,-10.016937150588571,10.034913276824605
10.002190709641589,-9.92746450379328,10.038289026974013,-9.967065459304719,9.91955367252772
9.985742073492236,-10.05321862052171,9.990849856018805,-10.034663806196157,9.981119752347103
10.053058136618693,-9.976237503549708,10.050355721449082,-10.0800341554508,10.002898734830783
10.04833524906983,-9.924685204255642,9.922595580515376,-10.017574181808058,10.051711333700238
9.990386084359427,-10.045520883708486,9.9225000410752,-10.047435076733159,9.915554916571814
10.002923022841701,-9.955184490711067,9.93695126205457,-9.987113512939448,10.042263551472294
9.999864583657583,-10.080534714745863,10.019310577733124,-10.002732347238224,9.992174767569956
9.972658137711976,-9.995660628686299,10.025490895422347,-9.880467593283207,10.00561660341936
10.075557058000634,-9.982112245828656,9.995023583617613,-9.992572623614436,9.938913181515375
10.015293013537601,-10.09960325324107,9.956866682105574,-9.994507845343309,10.059699113658942
10.07153121984992,-10.011827328982047,10.007785865976523,-9.950781876520898,9.933525321390354
10.020237375265776,-10.04139464336829,9.991408747766164,-10.022951162524716,10.021767906352407
10.027515183700455,-9.955446066130131,10.017409941423223,-9.991417311501555,10.09270119002193
9.92378204649014,-9.915219506993537,9.98550890455658,-9.971455420681584,9.98371701597032
9.964872918522419,-9.975771140360289,10.052106415430723,-9.976349602251629,9.972894210665856
10.180567503140784,-9.940071316456688,10.046667115210363,-10.01764821153711,9.968741710585547
9.986008046207854,-9.945929672780375,9.95046978314621,-10.053410191572716,10.02697737666805
10.015959822232107,-10.038515676894544,9.945439821079239,-9.928105150331579,10.017850221264979
9.931823206813599,-10.064681276804114,9.981924401377476,-9.963357909650119,10.029750440105413
10.056583926850061,-10.07451749037304,10.011192334488983,-9.928704483383932,10.066640086523805
10.017945499070635,-9.882599074567306,10.030464255820792,-9.947862668357933,10.002222395938775
9.960951235357786,-10.043760460038937,10.009080760739721,-10.01057510034251,9.911570716504325
9.948710320753714,-10.015920178702705,10.036363968796858,-10.000803694308104,9.996396789474975
9.950654368649834,-9.998841695996894,10.065955051372299,-9.992221244362073,9.924634320925907
9.937423860284774,-9.970560556138842,9.988784226238868,-10.003729011505175,9.969363291249262
10.025170610609996,-10.015045885662268,9.99066933891357,-10.042561169583156,10.046084564907138
9.98894336041918,-9.969605983344012,9.9403204217983,-9.91330584308107,10.063868701925662
9.904510116517054,-10.040096873753185,10.023881719550495,-10.06598643280745,9.993420295891834
10.021331589298839,-10.009236295598974,10.026941935176854,-10.034666495230095,9.887790922891593
10.049105765608253,-9.951209267319873,10.125181832114416,-10.110359325896717,10.037541605467341
9.90156589309583,-9.912175335916235,10.024393341684801,-10.047596442383812,10.039011123730072
9.972347749614153,-9.984979195022436,10.010298035810454,-9.912791593192635,10.090746295504326
9.970136731336325,-9.947094719100198,10.017742007778516,-10.070634103350345,9.96518858098139
10.11680730497998,-9.982107279944767,10.049988978975875,-10.01060221561835,9.973002904264034
10.001363225381724,-10.01330520276231,9.92533735344842,-10.050166272872701,10.035394225720612
9.98096546554488,-9.998714755898604,10.01174615252486,-9.984347497559064,10.057328953065769
9.945065209246573,-9.971487363822819,10.037751389675982,-9.950707411049924,9.929354120029256
10.01274096091735,-9.914196202680074,9.995043974042169,-9.975825264901786,10.039019779729259
9.948726507780087,-9.908308763550002,10.024975039848446,-9.97402485929033,9.916898631099473
10.039727239910667,-9.974679482931043,10.081209566386104,-10.015563260715219,9.950617083520077
9.965888050261283,-10.025248911750365,9.94405767409343,-9.9354919988117,10.066384893146584
9.990210414942997,-10.01963799610421,9.909225904334034,-9.96520193723482,10.082672005441292
9.968140264137022,-10.00583922628882,10.021714573065786,-9.913779081969505,10.009988811091755
10.009771495801326,-9.991034074942009,9.928748374654816,-10.072339532691494,9.959600241544257
10.050644528701868,-10.0167678535273,9.973519797559886,-10.027358730207188,9.993117156076366
10.085105396705082,-10.007559869284856,9.960685129731257,-9.998737718545918,10.087754180288076
9.97485876405322,-10.059050250421548,9.97495043651348,-9.993561813182579,10.034412047541267
10.050344178934113,-10.052285863698117,9.952457733277047,-10.016163112969375,10.034224651234846
9.936999605117387,-10.030366345520886,9.970362813529402,-9.952912557231782,10.026413038033223
10.045185918052496,-9.933066101288347,9.984717495245546,-10.059370307742684,9.94095181910765
9.908094621747058,-10.022938341483309,9.980788869258413,-9.960622329659747,10.00084571085883
9.97548357778287,-10.00579993630803,9.948051325814262,-9.948729671462436,9.960704221859524
9.943003436403206,-9.959105901664627,10.028708210418193,-10.086184268927951,10.04275008173551
9.962920368045298,-10.018705226378197,10.009351005384698,-9.97066875586916,10.022273958734376
9.9975090834547,-10.021232166445795,10.020611034678272,-10.005919391867211,10.090267722956296
10.029320450498496,-10.046170781249518,9.976120002431317,-9.997590391137008,10.064971560753524
10.070555250455607,-10.019806736018278,9.953318289170527,-10.05307488206031,10.012621437860789
10.115189215460875,-9.973045294787244,9.9203043736658,-10.0363002051623,9.968804289907755
9.958899873994255,-10.019394691246712,10.018469743050996,-9.965900941533867,10.054588174545833
10.026210128652359,-10.097707512016441,9.947134770623434,-10.007904701842959,10.007363992788374
10.043070917993813,-9.997840791189162,10.002535362693184,-9.988110131843047,9.98724891306094
10.00434425699389,-9.943708391049412,9.9958044550608,-10.001510636339214,9.998320729761641
10.064888690689559,-10.055402666341472,10.08879234473956,-10.058819092725775,9.967288986933612
10.037236913485765,-9.948484165226317,9.929825049150075,-10.054635093162354,10.013892140473592
10.117220969388189,-9.937686860950066,9.987595147518409,-10.120956456903787,10.004082136721058
10.018114840182328,-10.01913475705414,9.95746380047267,-9.99204173698393,9.952886940305302
10.093622433040435,-9.92416276012331,10.032895631579638,-9.995514471544034,9.966991795669323
9.998960640805455,-9.918035143239637,10.043432702921832,-9.989815386076177,10.04619871670838
10.02728053316904,-9.980186123005657,10.049028162949577,-9.974148617758763,10.04292757350517
10.008069352481725,-10.012706291159505,9.972591856052993,-10.033365480273549,9.919741477877924
9.954403002659417,-10.047042676479109,9.974632740200798,-9.921887789468085,9.992121902222312
10.012088344494215,-9.986334017774404,10.079379045642119,-10.028779272692265,9.988873895987098
9.994690031411292,-9.943173257211262,10.067205284687724,-9.976270809015302,10.061645468703095
10.00888304982345,-10.008630162380841,10.058936204329282,-9.97561911623831,9.963223466704621
10.049871046906217,-10.010424631551015,9.98345882386379,-9.955349781590014,9.995558392957754
10.019447926802014,-9.96690302079646,9.960852846036381,-9.98075747176589,10.06747365526308
9.95217664281302,-9.977504555558438,9.958526613270985,-9.94893011580798,10.050595279187489
9.982283882987545,-9.889518567390457,10.055331265456864,-9.964653550743192,10.032530544805306
10.049196345460311,-10.049782120362208,10.00973037992305,-9.980840480731134,9.979993196834872
10.023239763472198,-9.9384152849783,9.978911545611705,-10.002721215018566,9.958970735207302
9.91065054950946,-9.961053390973975,9.998713310258038,-9.99762102914236,9.950661319091324
9.99072482354819,-9.945170310540894,10.000041066838973,-9.998540812097229,10.010376413893171
9.938180893579677,-9.968753976794883,9.937240094254209,-10.04698077906395,9.947539261549641
9.991238751668472,-10.017622635176894,9.999938748084586,-10.045262807988822,10.050274766015319
10.041701378436317,-10.008690675644585,9.976081664170604,-10.02896787466726,9.984492750249466
9.929987738562442,-10.047980365610591,10.043006019599249,-9.984909375696207,10.081713724298826
9.985040242491534,-10.018075661355343,9.979605053772818,-10.015958224160908,9.96700229934267
10.01354941073436,-9.99854479664258,9.974504274908087,-9.937442554349055,10.094829146124315
10.058328860278671,-9.97209379934583,10.038088486313189,-9.907179224108683,10.038015965787972
9.970740707370036,-9.980386373667473,10.031312213303165,-10.049735863701796,9.98575345906784
10.055019591202774,-10.091174636752479,9.93747857274797,-10.008820352681417,10.017683979775285
9.932118377752555,-10.006339462583297,10.057688426954428,-9.996567427146285,10.046954447181557
9.97039429393325,-10.040495842839459,10.042443691514253,-9.98153672326719,9.940720199611278
9.95995795419186,-9.92177093794713,9.953772239026534,-9.9532835626637,9.976090665138315
9.999841207161644,-9.98527036895283,9.89495093947502,-10.073135866771365,10.004316650939359
9.963784621810806,-9.950170935236269,9.919693955956594,-9.9717372471871,9.931188938979783
9.982394750292778,-10.053218888211898,10.09512149402356,-10.066974608148502,9.993897015231548
9.913658192598993,-9.92002149389647,10.02006412080886,-9.993151345520067,10.073715646964587
10.007371122071131,-9.989021432192946,10.006586264403257,-9.971818283727844,9.975377930803937
9.989285634631834,-9.959483268577127,10.013868647577894,-10.005712195705106,9.929973880448465
10.07490251422683,-10.033072705497538,10.049361861920962,-9.991212317415595,9.935327473863506
10.062613773876532,-9.987272967680022,10.066767267836852,-10.009120435036795,10.035202561498354
9.911873644432749,-10.025010793179687,9.936350333388436,-10.01873919250192,10.023590586975308
9.969770995617292,-9.956807895318061,9.9571693678225,-9.9557381693175,10.065487858293702
10.05067630675455,-10.017209452591489,9.893727320102792,-9.970891650163132,9.993738264264234
9.951080352993632,-10.02781395324352,10.07172126582224,-10.056867010030508,10.023415458781061
10.010897908781871,-10.017869383233162,10.032226634365653,-9.918387737055056,9.98520142480569
9.987840952596144,-9.96889675475049,10.04591214107175,-10.006385360357433,9.984731313195317
9.889117673964012,-10.038900445618328,9.943034416396623,-9.965768750184406,9.987804852569958
9.985848919723054,-10.000452813181148,9.95649117649373,-9.922337640665562,10.06490969558483
10.080905339152384,-9.965829138438055,9.998526094248904,-9.919263534849655,9.96595165820435
9.95643955104835,-10.030075575738493,10.026143563345714,-10.038105259669384,9.9922313505891
9.919907235305761,-9.975945116728587,9.924144831640845,-10.046608052743268,10.060858356744832
10.059015915849306,-9.981284345522676,10.013783179086762,-10.026547982357712,9.96135481681289
9.98188791511213,-10.075682708723116,10.012622427747683,-9.99755844375958,9.953328936664487
10.078434095942068,-9.969654314485648,10.034592090200443,-10.024366996301959,9.999933496098684
10.031368633509372,-9.992360881644988,10.080095039238493,-10.010189378470837,9.974771973388194
10.031712643823571,-10.063232363614325,10.046214846615406,-10.065035590029598,10.031929233302927
9.967586322291368,-9.97617079265083,10.04536714730305,-9.992328940224803,9.940018952417965
9.955161237774643,-10.036432957051689,9.90524965532011,-9.943626107063404,10.005505379287817
9.94322409774055,-9.927216257127082,9.964933594993092,-9.987471375546257,9.95873647274019
9.89908699233355,-10.068222027942562,9.977575478456679,-9.955085156439697,10.017326657340963
10.007010256308563,-10.100501381137244,10.063504307384004,-9.988816015175223,9.994029116505391
10.056621155499444,-9.937625163821586,10.05772951238046,-10.012354324835165,9.94982617196079
10.049446145857104,-10.06825272215352,10.097362836933215,-9.998600022740272,9.946955787215021
9.93840657229217,-10.063880241202803,10.007018145336042,-10.00031961600299,9.938203891324541
9.982177210672205,-10.068396769304567,10.029465090297208,-10.002729663305635,9.981079874704127
9.935594463496624,-10.015007780011139,9.979263605932683,-9.984113664939521,10.008350898905848
10.039603005103967,-10.024228827175254,9.906979424890176,-9.950445356170098,9.953198374347592
9.944654147349237,-10.002155827255688,10.015113525647726,-10.026541820285734,9.973065365926594
9.980448684111723,-9.929172982450343,9.999866095622094,-10.04839814197309,9.952110832154851
9.987455791020881,-9.9881071032986,10.024199008098309,-9.99379206980764,9.957906332454145
9.97880293502196,-9.96330460590677,9.942695401977344,-10.023287669653874,10.029873142894068
10.04376407133176,-10.009645768554568,9.97943965947146,-10.066105897072188,10.026281996136355
10.06593898425734,-9.871742297070016,10.019322309175902,-10.0025439825822,9.954009469342454
9.906057154312842,-9.99115203751301,10.117516956007716,-9.936459388517154,10.05582821345569
10.012280140852896,-9.982023841985983,9.8788126340861,-9.961874470961801,9.97103297152121
9.964913632670205,-10.01616284765243,9.98214977552745,-10.035881779598583,10.000693603608799
9.972086120189598,-9.994983852212192,9.9256411092725,-10.0107028885316,9.945185220515688
9.967927534075107,-9.992830057848323,9.919800119262252,-10.041120368863607,10.028448219241817
9.92934110790671,-9.91110664298606,10.060220397806532,-10.024726354222613,9.960639515610747
10.010096995166775,-10.072373112851357,9.899892863758378,-10.022966756202628,9.99329756167489
10.004721361217676,-10.030737030805895,10.063697336473748,-10.074756982924194,9.943086893252095
10.02433179780724,-10.058082369281857,9.939983977390135,-9.993832260389642,9.9473238689842
9.993345778603965,-10.034992827982888,9.956916814831363,-10.105115269567246,10.006978157641067
9.937640500394354,-10.008412110176526,9.974394755082571,-10.010325402934994,9.992516231299337
10.009681412545913,-10.036387965074573,10.06213482396367,-10.09237000304278,9.98867044407364
10.041811548820544,-9.97616137234987,9.95125822117357,-10.040412274649402,9.94966037203367
10.02996138153322,-10.036996186425775,10.012756154406173,-9.986784929296203,10.118419673411768
10.015662562990086,-10.040557200737522,9.92699248689668,-10.013792635731887,9.994045707878634
9.889465023630473,-10.03569270801465,10.014867627141378,-10.02661778351331,10.048431189285292
9.922082177763974,-9.96615585899234,10.045694487076299,-9.952175176207923,9.921707180767282
10.01572763979287,-10.033437705926076,9.929692877900855,-10.020693386248686,9.954751100404959
10.046037523408193,-9.97434683284932,9.942377776594556,-10.036211065691546,9.980965128719168
9.996379742634105,-9.949681086259812,10.034539116324032,-9.997430401551258,9.986967557505254
9.911332298269626,-9.935400118693698,9.977645170106717,-9.922257987978687,10.009805464606591
10.101264210431072,-9.969683923331685,9.928399018438956,-10.03072077401306,9.991543251966402
9.956310855644583,-10.018853040859103,9.931653042070895,-9.999713935945044,10.011870597450548
9.949794529639695,-9.902987285325905,10.003175663064022,-10.040837043306146,9.918523035001739
10.002997144469859,-10.013024426640667,10.039152045364322,-10.0071685132486,9.940314060886564
10.083535914808879,-9.97821875602464,9.987294564420083,-9.991768073427513,10.023702097828084
9.928557169305329,-9.992115289001859,9.977493826335305,-9.974635000718513,9.962990903769686
9.969764907245146,-9.916856445071797,10.061545604544106,-10.164778058998365,10.057838099123215
9.996317398687113,-10.03540910314495,9.949641263214618,-10.047455881413999,9.96600320276208
9.943643370815908,-10.067729983053631,9.947980992457804,-9.983830307246716,10.00250450742854
10.027792822577593,-10.003318491960503,9.93466603346776,-9.97527795382532,9.949765536056255
10.032330715099446,-10.058296000147848,9.965626168679824,-10.018069582028396,10.033720240052848
10.00879986260637,-9.998999933892454,10.094283439252765,-10.091849158061258,9.948081117864973
9.945940576098051,-10.088532615496113,9.964024024355698,-9.965611541810164,9.970417630074213
9.983349851400684,-10.086127741394014,9.960173721241983,-10.02308493577938,10.032120021127355
9.916254180104088,-10.022750437286057,10.054340901503444,-10.022254164281163,9.894221929294066
10.06395878886741,-9.963255152873083,10.043469858753939,-10.08718918233727,10.07562278629236
9.96133619574444,-10.025471947211011,9.9648611417004,-9.952653140902239,9.991010082374736
10.024087051629381,-9.996204948855782,9.995247899815354,-10.04733920318731,10.090607029365389
9.926830318574739,-9.979387301298265,10.018832829605364,-9.94228218569238,10.069404501618964
9.99313057002916,-9.973480284703763,10.088243685522626,-10.003258838346113,9.946678326246742
9.980776594365029,-10.065232299930724,10.018590840549736,-9.946777189592968,9.993947925396624
9.918951997527317,-9.948917458247116,9.911185051921711,-10.077297738896153,9.991083080625264
10.012589262283775,-9.978887625062082,9.996693022397677,-9.911997811743257,10.00325841705416
10.051733405087647,-9.960652271795265,9.935356313389773,-10.008486524364276,10.10616602566405
9.974782457302988,-10.033731026217835,10.00852877907385,-10.023425996463002,9.960314771024889
9.97583583028512,-9.928399516431568,9.993169065426121,-10.066403751637736,9.924412673095592
10.110340246602723,-10.011166718471705,10.02172892504827,-10.03856886131698,10.016049298463571
10.072966482580076,-10.032613159187187,10.022929338997429,-10.07028731379452,10.10114330591834
10.01342679651223,-10.020639692217614,9.985106293835692,-10.025501908725717,9.977054741793825
9.877625242882518,-10.004898286604838,9.993006065969714,-9.975566923136975,9.973842812677924
9.96144818429295,-10.00038874722265,9.919381594095476,-9.99282884062327,9.906909037023913
10.05604093244154,-9.965786502216961,9.953690706178799,-9.966943099333099,10.005575711212694
9.949549488445758,-10.101143807861455,10.015821784171322,-10.039714092356752,10.054748478484804
10.000701686694093,-10.034979134824866,10.089891936654524,-9.97117767536985,9.817245674244795
9.975680411560457,-10.06920444960062,9.960010103113985,-10.007236619945926,10.017702425429377
10.013068287105678,-9.94610634617176,10.031829918875433,-9.971262653543725,10.010074616156663
10.064339942636295,-10.015813827159546,9.98548483656324,-10.095278667648627,10.052808202190501
9.996153712211042,-9.853319714691436,9.979723365411877,-9.995571093529163,10.027325247680421
9.944905001350564,-9.98207261430604,10.001733071602859,-10.015184409483842,10.05863019793715
9.954812564104467,-9.986254894345889,10.072733214569253,-10.035331087797815,9.985155700865384
10.117265228173592,-9.976280446742198,9.97469012616787,-9.959868761996075,9.971595322420448
9.921754203791997,-9.931381802736741,9.94484703679345,-9.877414368750136,9.97553338122689
10.106663234078093,-10.068433553426003,10.051274679313313,-9.975013686350767,10.041887311277758
10.048401135333814,-10.02488725711406,9.93455780789985,-10.00254588651696,10.011151512879257
9.976407768942225,-9.986122301492006,10.016481276558737,-10.045501322327194,10.019748564084523
9.986639398815267,-10.034999045010169,10.0393687569112,-10.038849560584676,9.977166620504764
10.003602542509332,-9.931284418967287,10.009639203886215,-9.973585583376266,9.985117873200176
9.996075518781183,-10.00244386167598,10.01466531180085,-10.014798378652413,10.06699999427381
9.981341688074894,-10.085362056760268,10.137139830218501,-10.016368434547188,10.065658489354567
10.070239542097989,-9.95273928438748,9.99009863902013,-9.985665759006283,9.936274489534753
10.099507388690913,-10.042590299909133,9.987304951862956,-9.995050675647988,9.994628012258152
9.96715633588533,-9.930283047397266,10.047513964174414,-9.983897639783715,9.980022347200162
10.053213793592224,-10.023223431638879,10.07851959201689,-9.994438954225828,10.061489076348636
9.994308983690821,-9.996423340897953,10.061271053072934,-9.890303742409777,10.078018340875245
10.043856730968892,-9.970535828352121,9.974652565487018,-9.98523851294473,9.954347540800164
10.018789106684238,-9.977997466965322,9.90195774292659,-9.998063069540414,10.020743744954455
9.995814507143049,-9.982097558057172,9.932913887832184,-10.038793215278012,10.051746908158197
10.000028583282289,-9.983006050934254,9.97267394196457,-9.999025298836157,9.88489939099324
10.042300596921038,-9.909603358052376,9.946749122539268,-10.04701660937548,10.022043994911874
10.073693964525336,-10.000104865869147,9.938534098959375,-10.010430861831894,9.94850339598441
9.96655768535656,-10.015202054957665,9.953533770587919,-10.038895286208728,10.003726700011113
10.01075179060686,-10.071199016691049,10.019819086125468,-10.01909669315657,10.03601307617763
10.039024876034393,-10.027227059047753,10.030707384701886,-10.041847801984941,10.066188103141764
9.960043189957176,-9.982362519568724,9.990619542767787,-10.05084472571188,10.045045788089265
9.969293409556661,-10.085003608248915,9.855899331841599,-10.0437522347214,10.068795420964948
10.062886923375183,-10.035929920117377,9.981277254264931,-10.023245653777801,9.933328392727521
9.952558406418833,-9.95094252402996,10.02519439356897,-9.986345557073506,9.933242669416957
10.005035160701699,-10.1151922484744,10.042140134563027,-9.987071254963142,9.932738377395008
10.080821277874502,-10.089808232958429,10.02651530911248,-9.972241411551067,9.938016478032376
9.998107465459494,-10.081841392107643,9.85768128418366,-10.053393811346583,9.9691687528869
10.032212809040539,-9.99662959574696,10.004677272969307,-10.050721081164179,9.973499434797931
9.953503669506542,-10.06124870035149,9.970315028650637,-9.996274380745183,9.97136807402879
9.983824866528751,-9.965254259454431,9.974962279065466,-10.066698331549395,10.028172676080063
10.013292482425415,-9.983567025091384,10.031291932876785,-9.977167923634603,10.001436434623566
10.119572633142605,-10.064248437315097,9.970679136075573,-9.951633281766092,10.007129314604779
10.037896151700561,-9.991512178523157,10.068702827557999,-10.050375542781662,10.067122994470335
10.058549824660213,-10.06051445571152,10.031533270494384,-10.002151996611829,9.969670899044047
9.905569040514115,-10.050540683555866,10.03540560700923,-9.959307936536971,9.989464475971191
10.040849257157165,-9.952736996105292,10.007731997931318,-10.03611668119251,10.022052705640782
10.024349235382942,-9.966302780482485,10.043270163500113,-10.068108228596062,9.974503537731714
9.90506893271561,-9.962650198082233,9.98938442760098,-9.978459296465129,9.926216062590493
10.070049042484653,-10.059716958230963,10.038728165219123,-9.994102491455372,9.990527861123692
9.986491994669391,-10.031903150465807,10.064759808845038,-9.999369358282388,9.936538923482338
9.980801989898257,-9.993583048639852,10.044890264072267,-10.03023098602586,9.973111172209773
10.00117160635737,-9.956328759002634,9.931562273220198,-9.974732268450413,9.976796873493567
9.983778370912576,-9.899921212743513,9.990176538772424,-9.96226531248457,10.035945691860167
9.940998804295075,-10.092269716261145,10.041049104620846,-10.054177309622427,9.916790852271449
10.05130811074221,-10.05097133668878,9.96137412621578,-9.901281342245536,9.917013231930921
9.937185697929653,-10.022984907123696,9.987987158008279,-10.044687264105884,9.942067245133854
10.075499716221596,-9.986850693794764,10.029258437210459,-10.006861258827927,10.014472747442957
10.046645083055479,-10.049814950727267,10.013241799825899,-9.965197884329605,10.077239867319213
10.097394548990088,-9.996507010150912,10.056931947484356,-10.133508396668578,10.077614145468836
9.96370581691396,-10.012054872449395,10.02205522421835,-10.007672118365775,10.009822668978407
10.079384648411308,-10.019211002267298,9.945653809174972,-9.909326807135072,10.026338210850234
10.096111948765673,-9.956818504471055,9.933820280399328,-9.967730766412156,9.950802596705872
10.000371590121983,-10.003785720180387,9.919116809768347,-10.04064052447809,10.110259365007956
10.011918870242058,-10.008779806733148,10.090644510997047,-10.019811765503459,9.995428981901544
10.049540142806142,-10.020036789930817,9.962673963032374,-10.112687820768036,9.953175084330862
9.95269861270052,-9.99207166522657,9.969477086713612,-9.89209904945714,9.94711855348826
10.070032334342871,-9.989012352243623,10.04033870178562,-9.962699020263207,9.889088223484379
9.999422366051173,-10.013111406861691,9.943351095265436,-9.977018698139206,10.085827015793873
9.866349817805796,-10.026723483792086,9.937711691794318,-9.996411108688115,9.9837189358425
9.969716139362141,-9.965524658583547,10.081809065052855,-9.866934067412108,9.96301854757657
9.908956222409097,-9.972040178296083,10.080524236766161,-9.959315501647964,10.080317351976516
9.988725666469895,-10.030478721988656,10.005771795370066,-10.016527659368345,10.033154701067017
10.048488388900175,-9.947595816771406,10.02552963354022,-9.987708883666235,10.039721334462543
9.901850404617363,-9.989471462383303,10.002623902858522,-9.989345980201422,9.99561882268729
10.021592774673081,-10.0287301460767,10.056476171472681,-9.976317511129325,10.007534292894192
9.965124171468194,-9.959234155739605,10.010332984924725,-10.037774169676846,9.997166922879337
10.031454130962063,-9.97242132305901,10.024350448390408,-9.995373430412947,10.051290976665095
10.06188982519058,-9.963133869216223,9.970627436257214,-10.052903085864527,9.97280301165142
10.097682837398835,-9.985915204308633,10.106322091376319,-10.006009917179371,9.987059316475355
9.996297173167797,-10.004608704002665,9.961317454406613,-10.057442413408333,10.025066831359043
10.052745035879868,-9.87775093496668,9.978314354665448,-10.017632774343204,9.961438535277448
10.056286371468678,-9.959250627260186,9.956153270906274,-10.045109904348648,10.047625737929796
10.01915980756042,-9.962080564349442,9.955861576083054,-10.093886243195511,9.956251749165991
10.03438833650056,-9.894447101068256,9.97852680052362,-9.886207205906157,10.041490988374584
9.93034838491456,-9.989298308109449,10.043198713920592,-10.121274144927634,10.032222557895668
10.058636058991155,-9.980056593793442,9.996913939465928,-10.00864632915007,9.988433883615409
9.941201009811644,-10.034376191595248,9.979170297717392,-9.994325282688713,9.972159262117147
9.956543537875103,-9.962011457043708,10.018530698597393,-10.026961476839478,10.02531392357438
9.977342105315703,-9.996846748525593,10.048752202736143,-10.030187054658313,9.941379419608312
9.992743270848933,-10.068173250809274,9.986127574532452,-10.014031873965672,9.876815793804722
10.026531758187225,-10.009134488334066,10.059094822638597,-9.989223401010296,10.036780428515778
10.059501937660352,-10.006585854138537,9.999958840556804,-10.078677161169512,10.061976887261713
9.992715130013922,-10.050286527517398,10.036986124324372,-10.108989059598212,9.978536288856342
10.045415552060591,-10.021886092598296,9.964103902452571,-10.020807739855648,9.899503536776571
10.035773921589152,-10.006144302098846,9.986383769500263,-10.013433430820452,10.00070398992323
10.032671868533603,-10.002603177059962,9.93191817259101,-9.971224193922797,10.02492848455021
10.010276349910823,-9.946237934651935,10.001518933820648,-9.944431195550537,10.07036055107392
10.029115644276224,-10.037396681093897,9.993460714074878,-9.93805719829708,9.925118606696525
9.98040231659107,-10.017148241822337,9.956739469982313,-9.956356052504061,10.01884075355204
9.964447082169976,-9.969724353988209,9.992079188266588,-10.044509728661117,9.964354079487856
10.021802553738796,-9.953049506073908,9.97566158835226,-9.97277793331655,10.079087707878875
9.937056472181487,-9.98221650635807,10.04153278456477,-10.004757490829942,10.061914160542782
10.109941851913064,-9.982832232580686,9.9883205133861,-9.951150859616902,10.042103443018895
9.87405845225409,-10.000136777804556,9.980270026663044,-9.980164715424305,9.99031708598531
9.99574119538645,-10.043160637973054,10.036726460921225,-9.917247888926564,9.957616402539248
9.930147248842651,-9.998999839008627,9.998567216948237,-9.941453360693982,9.938540252381074
9.973102241248796,-10.107385161963343,10.068749181810592,-9.987472768583832,9.97682835430096
9.93388642607044,-10.061523802908862,10.02071334498957,-10.055371252280036,10.00520027115743
10.102147243056752,-10.017379381147242,9.95192777780128,-9.980899639727362,9.938710412960914
10.08599922651647,-9.929819016573584,9.991791419052317,-10.04486465907121,9.978711506361233
9.985216719395728,-9.980821643414647,10.051981616465056,-10.051825631537929,10.050545478267138
10.030884280640565,-10.025389474540331,9.94566440521615,-9.994188364135372,9.947020575814896
10.05118404245813,-10.05619413860661,10.027385309658158,-10.004030818240754,9.97196875578124
9.994858424684036,-9.94600084151829,9.940387129550311,-10.02060782775959,9.962412821765641
9.998069143322564,-10.034234044625633,9.91159593788067,-10.052756877346619,10.081887750926906
10.012336410564314,-9.989381897309595,9.985869380499569,-10.00258127120546,9.978509403858432
10.026346426552053,-9.994959557287032,9.941436589492069,-9.98731377484479,9.877062903836423
10.02069295998389,-10.070467842841826,9.995197245691497,-10.059731380159809,10.000141159976655
10.028913925963812,-9.92485864573752,9.922932117249426,-9.951226352216443,10.006557635268873
9.977466642358769,-9.962007174747027,9.98820375744574,-9.964123474179965,9.9503865143436
9.968350148385186,-9.95281999736027,10.074270026178521,-10.001751594957643,9.86063555373221
9.990047535869577,-9.998378694108878,9.988361331165342,-9.983183071916724,9.976154503620133
10.041943543033902,-10.058335663636552,10.061842435367707,-9.922496058801945,9.954347013096985
9.954320008719847,-9.979465234311123,9.940638979512855,-10.024630143555116,10.055126347822801
10.036880338223849,-9.900990182915521,10.00853920738001,-10.03054190011391,10.002562175582652
9.992470583029569,-10.006827855460157,9.998809814595214,-10.046588335442312,10.014110887748533
9.92956683661207,-10.035841330395407,9.99405606184301,-10.11297766563278,10.038449576817246
9.897342274507626,-9.96652061545509,9.935359535503592,-10.020245934535176,10.025956532347472
10.109906975973974,-9.994177401114632,9.900868683590025,-9.952315243368211,9.98840407975705
10.003495332722942,-9.97210684850562,9.888731102154715,-9.99967315761324,9.979515305502366
10.061091745300276,-9.963644311833063,9.918649903860922,-9.936868707382548,10.02247625440801
9.92263792012734,-9.99721234482536,10.051741305692794,-10.06070219362867,10.068878866792272
9.924368561293624,-10.03956135883235,9.952856458230515,-9.931153313420566,9.97544919317254
9.94185914986695,-9.977739456054296,10.033059049529635,-9.966623195260293,9.9864330417387
10.012726715051848,-10.032511654311465,10.083740083896787,-9.942789742067104,10.054147841452034
10.039705796728677,-9.974013334700249,9.93778187579251,-9.968334938187217,10.005713261503166
10.063168204247546,-9.959629040880879,10.02751902350765,-10.084211239876508,9.995549973169576
9.972105387004817,-9.987381703790847,9.979222586427868,-10.013797288804666,10.022951695245336
9.97839309432156,-9.993920423021299,9.924029405456285,-10.041620073838002,10.032802178360148
9.938490394165177,-9.93771374611985,10.048719967765066,-10.01341149676699,10.149936705275124
10.062155178892414,-10.047463975335287,10.037308702685003,-9.996706846684011,9.961164395457029
9.946504542841689,-9.950255333255582,9.970102726768793,-10.005093817751852,9.953948703588674
9.962592103135071,-10.006346460003574,10.019409114636208,-10.129417958177573,10.000845989958338
9.962693949370749,-9.929881867327488,10.147137632300272,-10.017963951747685,9.91388857196434
10.005843848495928,-10.010271466474661,10.098567532450064,-9.916670532831223,10.043268748529828
9.970665295939368,-9.96611167169096,10.013250317953416,-9.98793383983503,9.922088507571607
10.053089766922682,-9.994609583584438,9.994957932622771,-10.030007824750442,9.96031917501733
10.01586292906395,-10.087458140092904,10.039474937982503,-10.052705271849785,9.897065965689736
10.091094765796301,-10.042904352467279,9.963892041923915,-9.943273083449597,10.092721545025832
9.923349921069828,-10.047808403012533,9.95586605889197,-9.953259916865218,10.081956606396476
9.945987371921095,-9.92926273310159,9.964548294423565,-9.983193854852722,9.93642731502861
9.9939034793209,-10.005555635703637,9.984242084684237,-9.980751450934015,9.949648456757373
9.955813835090657,-9.978106392752533,10.067101766548786,-10.001140684702396,10.025183538673108
10.037904000514867,-9.958474740568326,9.952323763708169,-10.038850511510246,9.965496270302824
10.096431690044698,-9.974590353041405,10.02316578601925,-9.981688212340813,9.933960329819024
10.096909523538852,-9.976040623460651,10.036158005632748,-10.08827606444579,10.038982192618075
9.982189377493619,-10.066139148736312,9.95231181670641,-10.063244710422667,9.93591079024427
10.003027391018211,-10.019338139436583,10.01670346810807,-9.9162012064466,9.993524814318633
9.887755535302079,-10.01209791057739,10.059669721819894,-10.004296973624841,10.076466532684584
10.02264707965689,-10.09191348671987,10.005479112521918,-9.985149935286763,10.054017790063682
10.090981828580578,-9.954613724014566,10.02202398986936,-9.966190586421083,9.991599659677522
9.926856108159628,-9.997925195688858,10.018264516372945,-10.060182881295596,10.066331081974997
10.05027055077412,-10.068588070764394,10.068291614439493,-10.015415718460492,9.961075421744082
10.053963884637326,-10.002552720638002,10.094959266041844,-10.042644402194338,9.913417123801366
9.985978085941692,-9.960538875046977,9.953642850723222,-10.066505019139994,10.011446370135138
9.926815639491624,-9.98466536501933,9.982968847438592,-9.975276675582382,9.93080855980377
10.064908157572194,-10.009151724249685,10.038176133395242,-9.952006226935756,9.942127752381703
10.044112875480403,-10.071253338757217,9.931493112862006,-9.901800038200578,10.05559266843983
10.103683208771688,-10.018510701530396,10.0051214332039,-9.973632262662381,9.999390221670305
9.962693198965205,-10.044804234894002,10.010693111641448,-10.053342992083115,9.945256825381657
10.01967860055773,-10.00475796757428,10.046860313529084,-10.021245570504142,9.970937202501224
10.021177669801773,-10.040601243727691,9.967093613722167,-10.030922719518971,9.989514894685222
10.088621827164795,-10.068839441247858,10.064775379105873,-9.963110662185505,10.0783489423685
10.156834302416113,-9.928427348960607,10.046283347395393,-10.06562481758125,9.940688886924448
10.018009509218261,-10.084903807395978,10.030771962564561,-10.106746094538051,10.05761166927823
9.98391498440332,-9.99367015272649,9.962581385178975,-10.094926320511128,10.061734763959713
10.066785069747736,-10.017574388260185,10.0330964782367,-10.01954457101052,10.014424492213312
10.037956959946005,-9.972245753771306,10.067048480670467,-9.974055966214733,10.00140423085193
9.961929051606129,-10.023925269016196,10.040502569836251,-10.075091325945706,10.05529036517064
9.985942813699273,-10.040930295220395,9.945063791160926,-9.96628161071758,9.999267932309834
10.07943826116149,-10.063153782526296,9.971091818846906,-10.00461105790637,9.962407162801503
10.00030593320709,-9.984024961679225,10.024224211956486,-9.924691643455777,9.93482637856092
10.016888015996766,-10.03234714097941,10.02150066900118,-9.978433390682348,9.950654030838383
9.954942382868296,-9.97441784682652,10.001170225537207,-10.01098109203658,10.032899341488749
10.036585923793107,-10.026481505635084,9.957397343117876,-10.063095948841882,10.001672706010075
9.928841986142572,-9.995028577088549,10.060841839571221,-10.017672988514315,9.973189785972991
10.099892238681358,-9.924514909040617,9.96177010647223,-9.993049340947051,10.016433912117405
10.010183021136308,-9.909266327614361,10.004361494620971,-9.988138256218448,10.03443311475732
10.059495985802384,-9.953155040284795,10.026904239315583,-10.077934990269695,9.975593113797078
10.040971060360263,-9.987480065136035,10.041306431691147,-9.905641696916437,9.941151839747034
10.05689550874023,-10.016518173124682,10.046767490963736,-10.002061037168406,10.10635022694465
10.006504346813086,-10.032025711217798,10.020993731139589,-9.983802860964087,10.056904854705522
10.022402639930247,-9.876246768041534,9.994429793229886,-10.004980997489024,9.969805697497348
10.004283416917708,-9.988447043945852,10.014060526497794,-9.9966406162253,9.969508939163635
9.955916743595882,-10.018758686241778,10.057076883011757,-9.932160015725426,9.996151773177978
9.952920851676629,-10.00405868051584,10.104583271763504,-9.950051608234169,10.027537134576628
10.048134245852628,-9.922971669432934,9.942356689922644,-10.019601993434856,9.97356391835816
10.02935571985355,-9.99199445546802,10.03781556453447,-10.02534436749336,10.068597602533957
9.996533314592535,-9.96527272240209,10.059770324946147,-9.944243784225252,10.01804142042009
10.040967345319128,-9.912916966801385,10.025680061698734,-10.03648232010308,10.029152536548194
9.99813593909902,-10.117400056720218,10.023099901185155,-9.994167467499219,10.057820888574872
9.962495317125585,-10.075285483118966,10.008434042970526,-9.980991130619728,10.00469164726928
10.00103543418427,-10.053436347710317,9.993054143151253,-10.01742029147522,10.053635437038372
10.018966268201531,-10.01389985608726,10.086194243821138,-10.013445383810751,10.027889336194308
9.991653933320537,-9.918442374248599,10.00434298879068,-9.994179288605466,9.993006482061364
10.009825596300061,-9.940023108067605,10.042292192234234,-9.998596190944191,10.085066255322833
10.043649282067129,-10.021909055959867,9.930982582313304,-10.020750690089828,10.020667438927513
10.029860018531572,-9.9320431158349,9.94527270124405,-10.02195776669734,9.941117866506275
9.933060039421028,-10.031390937297665,10.018330612214701,-9.961430278255484,9.952582294668916
9.959536204030638,-10.088991158766172,10.01071761041385,-10.036606945098537,10.083151568910592
10.02049043998248,-10.00857228717284,9.967944378622777,-10.074733511009711,9.931606411152728
9.968892952271393,-10.034945144101215,9.9500414078577,-9.981145263627882,10.025713279620742
9.977068380134913,-9.903242386586735,9.912663531674195,-9.997091805051387,9.989070989795604
9.972464955901637,-10.034883142300654,9.999652005854383,-10.011276391366087,9.980406173644372
9.93506401825053,-10.080905590890525,9.985574176240222,-10.020104805224827,9.990148156986159
9.994568910105524,-10.026125117094141,9.98937962880909,-10.042676415405175,10.076197290458165
9.960012992592501,-10.018549035473267,9.963810560544307,-10.037029077010246,10.001232078331897
9.99488828950585,-10.02297301951876,9.985826200422284,-10.035990677549664,10.020086281886307
10.102759637129536,-10.04374206386166,10.01969816118673,-9.997752552148965,10.033431487906629
10.034839648024803,-9.989729365139066,9.998008971194245,-10.021722509982423,9.961751982344568
9.995157716952411,-10.064229441570884,9.970307200494126,-9.944657318776372,10.004925611053984
10.044633220946778,-9.926517805667078,9.99114852720426,-9.989633708290318,9.984907705292363
9.959369711976219,-10.04764841296662,10.042157518629825,-9.989568635975717,10.092330153604053
10.048602600646195,-10.036560649476819,10.042017109011338,-10.015253776955113,10.06084298545645
9.97568330613785,-10.052621298012134,9.960212246146929,-10.037233245120746,9.957987411769066
9.971369586219744,-9.957165406483739,10.089802210413309,-10.066509475777675,10.063175652141657
9.976114814201278,-9.982605873439889,9.917292698471336,-9.973798249132757,9.899734380159197
10.015696753615508,-9.987137197648533,10.009550381714773,-10.036745507531647,10.027476333721483
10.019554075470836,-10.010497639182056,10.033592515358759,-10.004780207328276,10.026438857945438
9.993706033630296,-9.989164900444523,10.028736147053763,-10.019895628680901,9.938308170687291
10.013803950277408,-9.940530431069353,10.014957548647873,-9.98409288426518,9.997891194675168
10.03695593263866,-10.009296770806897,9.977305060943657,-9.944735087356257,9.973473084085366
10.044473547322587,-9.944703226902115,10.028340846603102,-10.062461775978631,10.001357745461124
9.989900000147069,-10.024799962766766,10.00713757936732,-9.961539682625123,9.97707236699344
9.991430866286317,-10.012052946691599,10.058193552277215,-10.01285503089053,9.938279717111913
9.921328258050474,-9.981863521671702,9.961965913005704,-9.966563774736375,9.933439000574644
9.97305439166947,-10.066528442476008,10.021730535777445,-9.967557622968767,10.01693125788183
9.945703183979807,-10.037288187205533,10.011715699430578,-10.084387070406219,9.987943252780605
10.075845267666795,-10.008997777459019,9.925572768048402,-10.030370462383807,9.96846538371612
10.107015438991828,-9.916716045974304,10.036546771705078,-10.01715379653707,10.060031483048986
9.943327018047476,-9.946171234237788,10.046398676871002,-10.007567286732463,10.05695931566754
9.977638943526808,-10.063254279904912,10.048898250649996,-10.004262146456973,10.030089030164934
10.09104432957797,-10.036112703619814,9.992831024758,-9.921518274771115,10.033436586542765
9.96501086278977,-10.047750885176974,9.973595967994832,-10.036920735240145,10.011867405974476
10.00392172535988,-9.986038112286233,9.957959359922011,-10.003541695376263,9.897215011302189
10.007250315868069,-9.941227967752207,9.92876270453269,-9.975828588467627,9.969449282411972
10.04012505768467,-9.992067627439386,10.020235205633021,-9.996758805062228,10.066416590319218
10.017370523884756,-10.035271185700122,10.004935752616051,-10.018444052148302,10.008119995325979
9.979011514381659,-10.033840536777316,10.009963610637422,-9.997210518569172,10.053197792252293
9.979252206043359,-10.099042692374766,9.981806460076834,-10.08132153794583,10.02078359870483
9.91630510358256,-10.049418553120706,9.981883277086256,-9.922802469761942,9.946355494214254
10.000620249157329,-9.971001171152137,10.074203027661035,-9.96111026241393,10.054695347581623
10.043215352942577,-10.060456148569807,10.017984605215853,-9.957566952391389,9.952174985516299
9.971012006163798,-10.040159614756353,10.038631149298402,-10.003464056016456,9.983957705283245
9.93591650416735,-10.003369712659689,9.971620582250763,-9.987833021736792,9.942851640067728
10.00889531297531,-10.021947538524941,9.937535153713243,-10.066364201893908,9.941148980598864
9.989680047127973,-9.993950228281825,10.013491181618859,-9.984622354113577,9.96207383695104
10.052920145404759,-10.022111276300407,10.022507488002987,-10.008207771674691,10.018781061585152
9.989283596692754,-9.980318256171271,9.999630556505984,-9.959307971467465,9.95906574783944
9.911505433205472,-10.048667870971705,10.053445920761902,-10.007727940994387,10.004603114777328
9.94731816929768,-9.996722313742486,9.948859367796365,-10.043789063752637,9.979875815858806
10.022254862892106,-9.972407620967875,10.028952244896892,-10.079404205752219,9.999666774980486
9.990160908330862,-10.076609120804072,10.00079918833611,-10.012521360871839,10.025576283605893
10.00406235381199,-10.027466026514162,10.04628812252285,-10.111061675038757,9.99678674357852
9.911837453400404,-10.045609663560306,10.026240685150468,-10.06370987402204,9.928814109064803
10.119097249170782,-10.067964452571008,10.082526045154399,-10.008610108228963,9.973758543928051
10.02833931952941,-9.933170296222775,9.942696602894584,-10.025512489486427,10.042343486734213
10.01439971562135,-9.94490410846793,10.02575559772159,-9.909588799542542,10.008929429941682
10.011090557416548,-9.98391393139921,9.992875557413672,-9.957595642059953,10.011852061193151
10.039409000457256,-9.952775007318792,10.021422734078016,-9.97491418378829,9.949483510620173
9.972482320609009,-9.957830827350463,10.071181559090926,-10.097021511275418,9.97160684263743
10.001181030120733,-10.043963723104033,9.958874017790915,-9.97625400631031,10.079068798458572
9.898408822183892,-10.008523807449086,10.023164017089519,-9.960989301389988,10.015956367153452
10.088070127496806,-9.99855467033371,10.065599639519604,-10.032318383517298,10.002899147329442
9.939364246210058,-9.95495677797255,9.993977856867941,-9.982108946874005,9.984331568435746
10.029321425082951,-9.980128301307213,9.950267428501439,-10.04683837162915,9.998611563482932
10.032978697870332,-9.906855222344308,10.015149542833287,-9.949623429875572,9.919357453261792
10.1006477924717,-9.96971568944354,9.997519774442061,-10.008234802372897,9.944640010107051
9.958935660213992,-9.90447821839333,9.9505497780857,-10.050413387893316,9.964888975696221
9.940090962351936,-9.999234671257724,10.054445525633263,-10.0305246163136,9.931333786011958
10.014593065650732,-10.002788716883991,10.050136227504082,-10.022725414965114,9.986992161018666
9.992523481772837,-9.995549794472327,9.980371916132121,-10.0277322054023,9.907481115755909
9.971730639543994,-9.964238836595912,10.042512275968445,-10.023555651179565,10.064974299909089
9.998564796414982,-10.066892318590797,9.917380797177287,-9.939087103869014,9.981349813736946
9.93929677384637,-10.112963808571777,9.980214194456243,-9.979762457050182,9.96511544279769
9.947337741993307,-10.027468788430337,10.062159600957242,-10.06964908088376,9.967914948478874
10.06053788698088,-9.975291185528812,10.008956390688947,-10.032422306770812,10.001525240725021
9.973108546577334,-10.042969306553537,9.945997126234912,-9.960795220181375,9.996979693389193
10.015725687190136,-9.99241634070993,10.022045941390418,-10.012735939499295,9.975917127447271
9.959235983530444,-10.070698456670355,9.943898341468854,-10.018270886055012,9.919848025778226
9.930885704793198,-9.947893005368242,10.01120897424269,-10.022591836410175,10.113578722945228
9.917587514064348,-9.95121943617691,9.99442669586103,-9.96074764885436,10.00544768586354
9.906387746887738,-9.995226976622059,10.01677779273198,-10.10959926492622,10.097202414690095
10.015560379708639,-9.966400612993175,9.941723530521184,-9.965469123892719,10.054475222978153
10.012678411406892,-10.000468577926037,9.95532059375508,-10.010810345889166,9.974398524287036
10.028599781869634,-10.04249379625587,10.028232536075178,-10.041949278136483,9.986882372292
10.03080221985064,-10.035189835999303,10.03252682444888,-9.972350292116431,9.986452466331153
10.058089160067789,-9.996110782901145,10.055113826329267,-9.910326753756141,9.987934948914935
10.03224774920137,-10.031878396266144,9.94835927952459,-10.009772982869322,9.931869986012527
9.953119611017634,-9.970428370033947,9.974317549227559,-9.964474295643907,10.014970596900874
10.092557703100956,-9.973783135721197,10.055710903513965,-9.979905766843622,10.015569675053904
10.058236652105666,-9.966560126706737,10.010503180647872,-9.989717266703513,10.026911465591521
9.966431324027006,-10.035689973306935,10.071270296618646,-9.906779316807,9.953555877079491
9.966550278378016,-9.942873859024793,10.02667599965712,-9.966178594733954,10.044830064742653
9.987963391912796,-9.98350150375049,10.012609607534905,-10.042924580012272,10.015754547160785
10.061885534807484,-10.016706661942168,10.007628462437047,-9.989664554199457,9.985766772478236
10.033845061884717,-10.03400328156275,10.066632275934797,-9.968689721918388,9.953161569966355
10.084900484244313,-9.991594926936921,9.963852624138248,-9.94477227375044,10.024733575972402
9.911402014788298,-10.026283015862193,10.013954866861077,-10.107978333882134,10.00425350426937
10.007898968635264,-10.059174594118792,10.013532244312998,-9.999626808043748,9.940435294705749
10.045978027343141,-9.95810731026161,9.985513145657382,-10.00992906616959,10.036313196879767
9.98996684284441,-10.096545410026009,10.024346827869996,-10.040662966036926,9.98050784727912
10.072893528397573,-10.00669892370044,10.000086746793693,-9.97451663622682,10.025266697193702
9.95404011163111,-10.00301492577672,10.00180762639629,-9.986398655168559,10.014461097045832
10.129372061438874,-10.058792988529362,10.049004581009898,-9.940831209708348,10.024639198696176
9.967484230256346,-9.91676659848662,9.89040085676299,-10.03416333486089,10.05858410986114
9.981494419828874,-9.92017677375999,9.92440976276608,-10.0556050946974,9.97341809149365
10.020869963876827,-10.011101007519,9.975480037371879,-9.928980178445073,10.075672248769457
9.979281011714622,-10.085488390366484,9.892125808540632,-9.988035494260982,10.03279778111094
10.003149889278927,-10.003545405354037,9.959772869265295,-9.967251010304308,10.083909268944945
9.889156116133222,-10.003875059439386,9.95148258252932,-10.074523299702692,9.943501206460779
10.018983642784221,-9.979751890120442,10.07301438805874,-9.999560922642727,9.912088918506521
9.988091522881202,-10.06931895361079,9.9396602056789,-9.970972047079675,10.00970904527972
10.029378279771766,-10.017874642363587,10.039526478171268,-10.020670144914506,10.055834141637112
10.017231946973578,-10.010349843524232,10.010604652208805,-10.000893035048746,10.079805325765646
10.012271881128939,-10.000080633619726,9.98807545714746,-9.95784078903775,10.035395666952676
9.986307918484368,-10.05778207573114,9.954901593081082,-10.009208126977109,10.067446375305954
9.987491168537654,-10.029706180498279,9.911964034337569,-9.924322928219885,10.028451407299073
10.039800498500293,-9.95191559740353,9.991763488562052,-9.995770468312623,10.074430097097599
10.008979044465956,-9.970623735496801,10.043527535860026,-9.967853433378869,9.993591541486675
9.998305807859303,-9.961117978101203,10.038800142996736,-9.941588370049027,10.027554849165492
10.029830280679603,-10.022311668339222,9.970942524446405,-9.960968466282425,9.97129074659918
9.998964949844156,-9.931048837951435,10.061028514617254,-9.984910558460141,9.985193021008314
9.993831054482825,-9.95661699294722,9.99817503612769,-10.027914119650513,10.060788737820399
10.009080006956465,-10.028862791049587,10.023947009446632,-9.951439079340375,9.949616346760612
9.989977304332353,-10.01233416837942,10.022614358289173,-9.968399583857007,9.972426304436025
9.9253624412047,-9.94841006227003,9.94400273647114,-9.986440789747807,9.993400955063466
10.008122195260205,-9.917438301414657,10.151914080681092,-10.08167187056993,10.049195307766647
9.992187611366118,-9.947607274314372,10.047863153808958,-9.929512759640092,10.014248245758134
9.95552117575225,-9.95361752556452,10.005899878807202,-10.011692160756706,9.976188805964751
10.050316778455256,-9.919831525399632,9.940232372065019,-9.968902387876053,9.981380640728867
9.926636380090395,-9.992614708961849,9.958343110990523,-10.07888766139001,9.960912976388773
9.948611304104308,-10.03233434265317,9.933705796152315,-10.01975700543131,9.964337543595802
10.018780693857282,-9.970323050680085,10.013007428838922,-10.011772222893676,9.986878620215384
9.958146250629431,-10.040649732970497,10.035180193403937,-10.087985129932523,9.995963753084354
9.98382354692194,-9.970043394931256,9.928749400828883,-9.999375964725703,10.017149217067955
9.9047634390688,-10.053716398643086,9.99541050765936,-9.974292654618285,10.009124965555635
10.028022712647491,-10.053968625632033,9.9205624825136,-9.99577470971216,9.938532338089294
9.95673388369761,-9.953386082258682,10.009454977838342,-10.028407245262771,9.965098424767952
10.031046077844458,-9.9894014532175,9.939272167883866,-10.097391186655047,10.094090091632008
9.938876038734122,-9.973615174834993,10.075534646616909,-9.992620121558343,9.96997816617664
9.928697547915215,-10.072000526816002,10.01883474243382,-9.9274511838525,9.980227045164774
9.972213976892531,-9.965125945459441,9.965702637304762,-9.98627585461858,10.002090072504275
9.979526597071096,-10.000776907936826,10.0881576057325,-9.969773352794952,10.054625040212798
9.954065281953996,-9.945203192619621,10.031951023773448,-10.074979804827969,10.026989536668555
9.974336293160267,-10.077290183816281,10.006488786616382,-9.97304787044687,10.007580403432229
9.994543070757713,-10.016529266922916,10.123329400467078,-10.059128469426433,10.04364609911786
10.00077114854445,-10.042723325313352,9.99758004746857,-10.069646631879431,9.970225479659657
9.99765328370822,-10.077555852929956,10.025319126924403,-10.048188052045576,9.927413952099322
9.945979113208582,-9.891202291908225,9.901096792906557,-9.97819384556151,9.962418186449035
9.982493591424122,-9.969803453565984,10.027740935741946,-10.03403482095809,9.932108799668335
10.031107048685032,-9.972381140349533,9.985751524560591,-9.97790278080958,9.977708525951224
9.958648121748261,-9.999801890943946,10.025951637054575,-9.984537486522377,10.025458134003834
9.961971056335544,-9.920905943762087,9.98288095723307,-10.00594578257383,9.934067204539106
9.990307242185136,-9.973388113157425,10.038125530634634,-9.921902963140662,10.026011744791273
10.013845659789984,-10.022314755575715,9.966912979588349,-9.951487574266592,10.047553517586945
9.946149364957561,-9.963845205642325,10.032519184569793,-10.05569044425071,10.027022840239459
9.94752267702591,-10.121464648383675,9.991994879315397,-9.987109264737251,9.994246459755844
10.143355340859399,-9.981057438538251,10.007357090964936,-9.978520434834296,9.977934049779995
10.046473953104677,-9.981949902691145,10.015758585194625,-10.031206011143347,9.921783483677546
9.974930695546135,-9.985868307187005,9.977765026012753,-9.985413641646632,9.988381906157185
10.021528974231327,-10.048841206293766,10.009644500594254,-10.03204770731757,9.923085852893468
9.991742293848581,-9.923184121309097,9.927071179607701,-9.99403038748029,10.039878853163211
10.115001534257223,-10.024646649122335,9.968399969769784,-10.058334609796963,10.05702581674231
9.956629283538046,-10.018529821588768,9.907553106131438,-9.955801407866074,10.057912914038901
10.042288753179218,-10.080266264067687,10.030357552038966,-10.0836335192362,10.002902015103212
10.01025387899919,-9.984490839094587,10.026731826631874,-10.000401680177964,9.901878524363573
10.026756050439976,-9.995119592943613,9.954869010431437,-10.07846987105683,10.077001109296218
10.061565026914534,-9.964702129634627,9.966185004438264,-10.125849777610576,10.038233958771762
10.018334338692753,-10.018733115453609,10.056240315334893,-9.957600123301857,10.008804774411542
10.001752920893555,-9.997451614120015,10.033996993641738,-10.04287381732715,10.021299156089253
9.95397045277652,-9.933172241412388,10.026606428578761,-10.034411413081946,10.004029791201487
9.957310680998598,-9.92479435811496,10.081143799223561,-9.965188815871858,10.077832828382729
10.007589797443625,-9.96182437164126,10.061236226095488,-10.000287179775796,10.003555192865868
10.046682830071445,-9.9676751017202,9.962226963989947,-10.109341468563574,9.991223596870148
9.895154291038741,-10.049550866805278,9.95628565213998,-10.028432115547007,10.041021907208178
10.051883977036512,-9.974562964009639,10.03162534880309,-9.967193977181568,9.875158500438953
10.000509884100357,-10.0898229360585,10.025456973783577,-10.104655407365986,9.990978073232466
10.027388488800979,-10.055887897415815,10.04808579802566,-9.974668891502413,10.019041234791896
10.034900079375527,-10.017960004388332,10.007595943187841,-9.99949742138829,9.999372552769193
9.966398446167647,-10.062126605736136,9.983157082535525,-10.019597395359714,9.963163450624155
10.0426026890905,-10.058610330892781,9.991424542055437,-9.941683014421937,10.045456467629977
10.060814694254864,-10.029539028868712,10.039214406286385,-10.053148519848907,9.986206302209172
9.99091220946099,-10.0287920106099,9.981909300595774,-10.024668796374868,9.950880309444916
10.04282067530029,-10.009122500143713,10.010071827195864,-9.991811156440358,10.002736321255501
10.004640227302822,-10.015270861001552,10.070919843425743,-9.961962761918231,10.000919101638551
9.977647278201697,-10.005941042136454,10.020881075818588,-9.925002995373184,9.931347622766747
10.032988737932088,-9.943663818161069,9.925664076504738,-10.009057543836564,9.946774101345849
10.021526480583852,-10.017917546617777,9.993493046655994,-10.020552790363924,10.036008171638413
10.011451648029906,-9.988453661798017,10.008031091254074,-9.971375455977393,9.986901407257184
10.085038739377046,-10.061739737560925,9.913704077591518,-10.090434028430428,9.896020594035377
10.033658490741013,-9.972431615035868,10.06038882458878,-10.052831910735277,10.037273072737275
10.002841203107465,-9.991670675042206,10.03128114476748,-10.037814087553123,10.129362456770224
10.066594015213768,-10.026585297699768,9.945463097113832,-10.004395208090235,10.009112922179103
10.053280762985416,-10.058436045578416,10.014274347159958,-10.07645075122074,10.021817879670555
9.994624788977097,-9.903166011885713,9.922699872789016,-9.931469580925494,9.914808433241689
9.933639486279676,-10.083854727923608,10.012517630422552,-10.058684940537686,9.932583424735974
10.01013838008117,-9.977411230706265,10.001992465207517,-10.008110957451077,10.091445481621859
10.007291813312099,-9.959715426303887,10.007146106284498,-10.054893814412734,10.027494384095101
9.96721013442651,-10.004549306901962,10.01527013409467,-10.097070903344331,9.919524893805413
10.045472958624877,-10.033187322329947,9.969183900544557,-9.991678080131459,9.980716370143906
10.020879419082139,-10.002556089436652,10.009930147509023,-10.035092919512113,10.009679741164046
10.055254454341773,-10.02838741080571,10.045765915013607,-10.002578015916132,10.036724082798896
10.006438565917655,-10.001670546004897,10.017486484103818,-9.939320121884888,10.011804864710754
10.02392654154542,-10.018424245678835,10.07854432369975,-9.967983144453516,10.00388542300125
9.993867316387266,-9.951104586536344,9.969689796147737,-10.089143750813566,10.003619979971223
10.059500228655716,-9.920434559440766,9.994635302828305,-9.99782061680291,10.025976521625799
9.986782529056812,-9.974179702580443,9.995729912446587,-9.949431587140491,10.036149025654892
10.040511391615121,-10.010265882240104,10.096296366025113,-9.975804402881026,10.012364702674342
9.96195285097165,-10.004853591007429,10.005718988035131,-10.039383864821215,9.985384142711546
9.99170999909485,-9.997203966953839,9.91186465049792,-10.006763527035213,9.981132690846003
9.998955792518755,-9.948236171690986,10.10261977460606,-9.966081140017769,9.938278891396683
9.982729652408374,-9.970201834558445,10.024164524821451,-9.950633713227345,9.995132450285471
9.981824987781724,-9.912378799804198,10.002933530168482,-10.050833718801055,10.073756682851647
9.925195225430278,-10.17475226112443,10.038469337901878,-9.954464951448768,10.020700647097234
9.934877195800398,-10.002943492762116,9.986091571322307,-10.02686445054462,10.070603471540464
9.947666697068415,-9.98419477734468,10.059702349183128,-9.980927923734049,10.062055918624768
10.028185736121447,-9.978532516475399,10.018341743441608,-9.969327836667492,9.980723045129388
9.934906307406361,-9.952297829426834,10.058087115025288,-9.987401059454697,9.97258121901828
9.922114144173518,-9.995709645003831,9.932552482764102,-10.074449375131897,9.998963423599216
9.961811524940599,-9.98273452219176,9.992035219871907,-10.03033172831113,9.914754245963552
9.957355593708483,-10.040806824502555,9.938734616324252,-10.016452214762118,9.942637400441267
9.99181286263544,-9.987979439316566,9.95869150228054,-9.97872956852907,9.931932106437614
9.944391130080186,-10.00566086488124,10.034352054594432,-9.956630022925538,10.080619531107878
9.981170556259125,-10.006375065933915,9.948366223549101,-10.062688316599552,10.011428604316377
9.961206425027688,-9.938381039999136,9.92688071340663,-9.975682339708765,9.949713038059148
9.958977576661395,-9.973044396737398,9.966205978194605,-10.025789203375995,9.959392081822422
10.089251489580672,-10.030874315554,10.002577610871638,-10.010095680014054,10.011070853086213
9.969263152651703,-10.010040861727083,10.019697600449696,-10.04315035690015,10.054466067831408
10.059274025952082,-9.969675368692062,10.003493819179825,-10.149530072410228,10.021214556632723
9.980433479738556,-10.012313720570877,9.905131133473859,-9.97532057570629,9.927570947658653
10.00592122729957,-9.954767125904509,9.976533590934123,-9.939197413738578,9.962650481089641
10.03002165383655,-10.065239287572926,10.051556521734026,-9.956200480871036,10.023417896148187
9.98033579316931,-10.070100031171405,9.980467984239027,-9.944484641212593,10.006498093578456
9.922348153524377,-10.056236381970997,10.062657570042614,-9.975604362393605,9.938299993963003
9.91170842519127,-10.031252106730003,9.907432064600505,-10.00779172450035,10.122581268591816
9.920152196215042,-10.00930128316031,10.065596328766562,-9.962545607084996,9.992562964260044
9.99268256649159,-10.05779548912123,9.986617211499722,-9.987827964287993,10.055255677163705
9.968991218824263,-10.009491756403174,9.952539325962166,-9.988733741022974,10.039188972515449
10.031482400671495,-10.058509353772118,10.007343160472821,-10.03386562641251,10.050552500782642
9.991934363861324,-10.075975666912054,9.989009864719613,-9.977076371540056,10.01220030315714
9.9744101993174,-10.029263669493558,9.950624780089184,-10.019737481016765,9.95721605167371
10.048504299308865,-10.04505686953658,10.00611422311811,-9.997284804833683,10.047283372394245
10.054468414447918,-9.965201502835933,10.017646417164507,-10.052432307304702,9.946556495613088
9.957715459011753,-9.962403950018604,10.003666496412531,-9.956567137963221,10.050140136716005
9.963702404985037,-9.99839628362214,9.99935031606582,-10.016389384481212,9.973257857273765
10.059237775170553,-9.997401413664225,10.000657239427989,-10.04013888374343,10.033760621520676
9.949744624958099,-9.977254723557765,10.024111468002758,-10.020625752466179,10.01588260405916
10.009283477952224,-10.001968031240507,10.000647199007261,-9.996910908840324,10.006495583633603
10.003012101567185,-10.055193209510607,9.99238945244972,-9.986752569940156,10.004864436426965
10.047687512969757,-9.968995670525027,9.956479523247344,-10.008331355402719,9.98443316732764
9.999782575668641,-10.000149069991934,10.030576083461993,-9.991133581842943,10.061527250260427
10.012050156883118,-10.041529526016864,9.976635968991589,-9.969810546463412,9.919291586774715
9.932705979261998,-9.999465139643739,10.047546105926058,-9.934648228402256,9.989144712648912
10.053041434349295,-9.996386604511555,9.923429250887839,-10.000403826823918,9.969054593768922
10.045911544023888,-10.001283763017724,9.936104344672177,-10.074985740545428,9.998951002129278
9.878989126427015,-10.025908264491395,10.011551516287142,-10.052850825202768,10.049699357845267
10.059550327487534,-10.050835047637598,9.985097791290176,-9.950265342433926,9.999934623287245
9.930276071095049,-10.007166053428218,9.957353583885208,-9.944590105178706,10.030296604716229
9.984312152736718,-9.992892599373498,9.934593921151375,-10.03768887292788,10.077663959384624
10.002675732628983,-9.953495709760432,10.011600654420402,-9.934285907848524,9.900058123370039
9.990589120799049,-9.917760917689181,10.047808671778032,-9.93373138706049,9.999661770317175
9.97314467922933,-10.051358222984396,9.945153595416924,-9.959646971889574,10.025660552521042
9.996671327533482,-9.974590467257416,10.007122587952603,-9.951889114930026,10.047634337745409
9.946706294975758,-9.986317700626511,9.916556662490295,-9.993348963095471,10.030215213985079
9.934314032760343,-10.020823136773041,10.00047631886099,-9.988304254181331,9.986069814838759
9.941385592379767,-10.002700360095963,9.917387821652952,-10.011632071834107,9.977931319315154
9.99328671632803,-10.027966098873785,9.92461595809219,-10.018317166029476,10.046541006251866
10.06307304019944,-9.878033286064037,10.084582520419882,-10.059846896333406,9.979578119936367
9.998860718258111,-10.004277991711685,10.00347666649481,-9.879620428922623,9.945897422710381
9.964323443189285,-9.917808703495545,9.969200932845757,-9.980320967483214,10.05173286849341
10.024324950836602,-9.990411718344875,10.0469305384847,-10.04465342782525,9.975181843525199
10.026781879423257,-10.103471962960713,10.070829191167235,-9.98483038124011,10.007651587639058
9.918474356117947,-10.064330456269987,9.980070816784957,-9.95962850748522,9.896169199390071
10.039418240038868,-10.018001566205418,9.988828826362917,-9.987320352915459,10.013465861892321
9.96437857050317,-9.968754495576558,9.884030093005178,-10.022520944328383,10.007684088158845
9.982752534239276,-10.091345515198299,10.037901368938023,-10.062419390606353,9.996624299623585
10.00765172985338,-9.99900864231173,10.05845054629319,-10.002663127999684,10.021372770234848
9.997204798342437,-9.969352195791686,10.069674764852376,-9.99312290852639,10.03909251787915
10.07276644674411,-9.932140787651287,9.98073552981944,-9.948178382212742,10.01243855800236
10.055861499886696,-9.971568270821853,10.01378340380181,-9.978301395982681,10.012761897801946
10.014716652256826,-10.007941618029095,9.987413782969623,-9.911841253531367,10.02387639555556
9.97133475388843,-10.013870871571482,10.052812922672398,-10.036809335504431,9.92589861590945
9.929577542969898,-10.08644878001024,9.935059257086778,-10.05904329699004,10.069261868980407
9.997691039367037,-10.018163176956836,9.927829346849071,-10.007156319873568,9.91313359687179
9.981529141435681,-9.896775280507816,10.033190178935318,-10.010489908017727,10.034906180270317
9.973922841093621,-10.04003388714396,10.085206481476643,-10.057113732696013,9.982293938216133
10.015301664118175,-10.046811710287873,10.03253024768157,-10.015329726232112,10.033195516378342
10.029299208987526,-10.012150606531291,10.08553293362955,-10.033266790171671,10.067443523527437
10.058746662131401,-9.911455889616978,10.008702801967152,-10.0394292855964,10.103839829266477
9.983264926601182,-10.040677128635277,9.990510662704759,-10.049084535807854,10.026307441256167
9.969716580912074,-10.014374208495244,10.048388943083248,-9.96881533949119,10.000779228628483
