x1,x2,x3,x4,x5
0.15707480695568793,-0.04372301107924299,0.1448275599440611,0.24081216453442766,-0.02617914315211801
-0.07303960583701892,0.5003919417140642,0.17260462326900536,-0.07322941713216735,0.061661057967674286
-0.1445435397287602,-0.14527467753709278,0.05610641072319368,-0.3005141667641403,-0.19084967445303488
-0.17480792622799723,-0.317282319532683,0.07327084274610478,-0.14056820944278553,-0.15489735105001062
0.4674828399653958,-0.0673927311183995,0.01910376961207577,-0.22126846402740763,-0.056859834886738514
0.04008180774975825,-0.3589711226829782,0.08901363580829356,-0.08996431054314696,-0.0276073476524741
-0.18427033177685595,0.5917477983349917,0.002987934803844803,-0.16123277607165337,0.09796932290647202
-0.37905765307917183,0.0730554750576064,-0.4311885540400542,-0.20299764654193367,0.02901676228390601
0.24153164487805118,0.06219941673485769,-0.017851734082111746,-0.0396006664897994,-0.15729577582648485
-0.21862571689180885,-0.13665776047234648,0.24538872484414959,0.06333983104538975,-0.18810487271363416
0.1124943596535953,-0.11176369925871131,-0.1413543508049157,0.10672452318281889,0.1252792608635485
0.30550764261502117,-0.2543728715598678,-0.058130978177742,0.06338835844892154,0.12008027197922445
-0.139516186754625,-0.04669851141935912,-0.23537200876428216,-0.17712486220177498,0.10285516062937938
0.4418937674305768,-0.009758586864936853,0.23740979074740517,0.07019268916902431,-0.05911356823323903
0.1282973389922422,0.5003838814797553,0.006003068132572243,0.26140589795925473,-0.2788823928093325
0.2749234078572364,0.04254171494228715,-0.051845061126363286,0.029523667700911103,-0.20720194513563853
-0.05345033433154178,0.12894492672170388,0.3464831707744306,-0.06592970064285122,-0.0743763167561284
-0.14165249195893415,0.30649258370502647,0.09052799990477123,-0.06674542586392077,0.07440206057093154
0.04871663457873818,0.3243304594376347,-0.1389658261543621,-0.033789916295428934,-0.025821006228752056
-0.44378504356104925,0.112660472707437,0.07739275246691324,0.019827527504353706,-0.007208619824662886
-0.4275595078241767,-0.11299971068350123,-0.056613275562963146,-0.1068311542660009,0.0019877292657886556
0.14879312082867174,0.6174853748532831,0.06005780670654372,0.06174331336853278,0.012697714606002358
-0.584746712889407,0.013637598420267483,0.03548990639474389,0.4114947972169314,0.0005154123486203754
0.11838066543749595,0.012046197634642979,-0.23830133056980998,0.2037191758166031,0.10709169180378295
0.2741702894853964,-0.26354953924945446,0.3376983677943335,-0.1976280909135425,0.08963664176479276
0.7177079141339292,-0.2882100642295808,-0.10160299686453428,0.04078128930612157,-0.03126526435597464
-0.46433680662402205,0.04770754238040479,-0.21151230563817866,0.1009075641971499,-0.07676872836934763
0.5171593213983604,-0.2206594118337945,-0.044988117290227045,0.15565539315954954,-0.11058778710422973
0.09995717500622792,0.44138286107985675,-0.33141615048898637,0.057221204335397756,0.057083807734131346
0.2762631291920366,-0.3621291309448864,-0.26623404579052895,0.11155523667221022,0.06223292491027734
0.10924282449809668,0.1395865733597921,-0.1220281203529573,0.06675256393121771,0.06279652866152219
-0.1948667220424076,0.6210407365814953,0.1369832931446349,-0.15733059075318892,0.10443595601993283
-0.27618937512151415,0.2809300379397558,0.2911018793411604,-0.09772923603890837,0.13974075767657834
0.16356582341252152,0.29299128095953497,0.45716883787891355,-0.005766234832301181,-0.051237231997132
-0.247255126886187,-0.22394782987414646,0.016793567690896783,0.08797489746828396,0.06496900583656783
0.29661334596424654,0.03914659425757804,0.3600551354486535,-0.006810884532929801,0.3391591933747019
0.233889423689444,-0.23502098315393674,-0.20342280618988484,0.11232162305458637,0.011052137114533782
0.26282381821869777,0.18668791385104416,0.020751997094220802,-0.09685280583389486,-0.1323280314591875
-0.10316238774723152,0.30885511558646317,0.0859108545812963,-0.15893055747827997,0.05740025416851772
0.16088709323815073,-0.24046122348821508,0.07341301771329478,0.04824264553747987,-0.08874892507158363
0.15318233771203904,0.21737567803027735,0.2822176603255975,0.20666077440951852,-0.11398807782352126
-0.2555252762459701,0.2039094930103207,0.15592707225344793,0.12247723065739238,0.47178951664894364
0.22257347287875395,0.40113942760183324,0.2553633214245898,0.14503604214371463,0.006793868930500838
0.2830501841151699,-0.20134574807165678,-0.009911207257701928,-0.03369967217495899,0.05219685010639855
0.7760033516749438,-0.5464370563702451,0.19749648763697994,-0.210948724539057,-0.008719542588629989
0.3894014596267373,0.06537217188312291,-0.19594601353948932,-0.06805440195637372,0.12102638324373356
-0.1849161622751067,0.11449626226470955,0.05623621923451256,-0.05698101508354525,0.28574628223056153
0.24750984331024978,-0.5933592689972487,0.08873949929930537,-0.05759058061989703,0.1423519911916067
-0.20256901458853963,0.011765199482248884,0.1609666364053433,0.18493596353299369,-0.08614916991822563
-0.0567295294908055,-0.10114184567955209,-0.0970398085232099,0.3281918742535716,0.09432738081669245
-0.348676466035798,0.34030348307904706,0.5245786015893185,0.2132971414670909,-0.1198206762921857
-0.10207720804067834,0.45168353350016166,-0.10718865202140333,0.12122506418982723,0.1376577711087611
-0.2410691002280192,0.033228481683272165,-0.6727173585123853,-0.10991785562514811,0.02381407427872382
-0.3415306350530729,0.5692668329159876,-0.26673628080246636,-0.016524089435053624,0.0676702939645163
0.5098246864751721,-0.4000054263215513,0.31414537593227476,0.055672043066923055,-0.05568194915831286
0.20118500438994855,0.11800325789024532,-0.07915751880191552,0.06609173375491062,0.011975685293162786
0.09195339254902032,0.2654401600710687,0.41070019749193537,-0.1396597589114601,0.29453643725641554
-0.5602473068546687,0.0090583955393011,0.18860878366028636,0.10148577235843115,-0.012562865736709207
-0.0077559762308201385,-0.09784252615331773,-0.07372790794893178,0.19239194463014778,0.09797360283995646
-0.16005819430184898,0.34353751797634163,0.12777332087238047,0.18758384501913794,0.12945370361584238
-0.20209118028293102,-0.11708473884641613,0.22715999008070992,0.15656807280062454,0.057723190812963336
0.09816323737739843,0.46509417677437076,-0.07121832283702652,0.14756475238159283,0.03845523529140229
-0.006774778538339105,0.40952581131698496,0.24663076866975453,0.19068922947488853,0.20801902986118298
0.0697050609803619,0.2787155277042143,-0.0063146928270718244,0.11431826379568649,0.04851262724478338
0.09473688138635876,0.2522692406472057,-0.11889564276657263,0.39489954098009944,-0.04841209851491958
-0.31889508747988293,0.43129187939180036,0.24208622496023877,0.16374707280168538,0.13531622866864776
0.06219329644777058,-0.21767067937774043,0.08301648057861713,-0.04100260156574072,0.17508776657224429
0.020563439838359898,-0.19397806732779094,-0.0047969918271406065,0.13235726271889944,0.004040746034299214
-0.19194085079538534,0.1451287305650282,0.12284425858948207,-0.012086685854479168,0.015404384499623523
0.14244970236402157,-0.3888554072465936,-0.24564939846837136,-0.044526936478113274,0.04520495202749901
0.16838767497686058,0.5366186706350802,0.2618485919737272,0.04478156805489425,0.06794399339283602
-0.24595655027462315,0.06521670343423168,0.006525037179271484,0.12209735576501315,-0.0214161600726432
0.2363038600591899,0.5567666744179538,0.04775256355282183,0.1355882723031346,0.149232516058527
-0.05380398043160646,0.14393733797715008,0.07588881948787456,0.08851702029174185,-0.013352048125589044
0.08182487172466293,0.23155496119482527,0.39855964928847476,0.22574810924309988,0.31480719122186873
-0.1675815304954779,0.35092708127564076,0.11607159387128618,0.42131331986934684,-0.015295420532457
-0.18946728615229447,-0.11346852115960965,-0.398841445591712,-0.007053091913044554,-0.008797535682644408
0.12463576819726155,0.1851498058199928,0.49660163046603206,0.22735228063643875,0.012577287550613839
-0.2060255863991648,0.23363657874443416,-0.21713504162699276,0.3676571351171168,0.20994349234424586
-0.06928728925548489,-0.46266162594163673,0.3818141452283684,0.060968739387004235,0.21747114994061645
-0.42412221653591975,-0.10945894443488247,0.08125260698242548,0.08750836418626456,0.029761230652426002
0.2780435237510692,-0.25653014225651405,0.049244060370178554,0.10010149052000011,0.13859709124213593
0.30711446524447616,-0.2735609741883108,-0.26095627501897495,0.28410052562231153,0.11923591811518439
-0.1536091422658762,0.5736004070551753,0.10894871763820911,0.26954634007630884,0.09063187879161105
0.7357497966933494,0.6391715972880129,0.028414008088128155,0.23770293975765938,0.15623930879987744
0.5178843850236851,-0.22005050523139777,0.2384908551470339,0.2524366905720667,-0.11154796723267252
-0.2880931099946183,-0.5587757498766419,0.025844886543979796,0.1995394783726059,0.2540547108342317
0.11051791397274073,0.6021005427633904,-0.2215129805544212,-0.1822413246477092,0.0808766655507606
0.20954024701041918,0.07774910093780975,-0.37420601943532034,0.07399697258685739,-0.057756035797114316
0.30085814316841397,0.2050176334779864,-0.12107442020150529,0.007839595439418229,-0.02933458279244376
0.07026921918344287,0.39213261233033525,-0.13032495458974824,0.16978684187547977,0.030805486076694137
-0.15963731339067305,0.05724511946668324,-0.1403961295203564,0.0035514495977343186,-0.04283572873755173
0.7133927317113768,0.10324340635393049,-0.06437128805410727,0.12592528666407482,0.07953343434765861
0.023216370275066678,0.2873096566097589,0.2624769664076905,0.009213496703970148,0.028714656654801246
0.007115110364689842,-0.6338372933771175,-0.2447129273035134,0.31021589210403605,0.27800707550315756
0.01634298464850069,0.27741841550367263,0.16469274545176127,0.5819088950400529,0.2202673754886461
0.05564500190787879,-0.20607232277372156,-0.26311622133393686,0.12826652161407376,0.011533512031679558
-0.352659016198136,-0.10736720165398064,-0.14474438860400043,0.36385761220359325,0.1956674185073653
0.09557692754529064,0.5660975269690038,0.11539817761851723,-0.03808289134771857,0.2683885468451779
0.2695174182975352,-0.22890693509311255,0.05653807680485937,-0.039348302976614555,-0.05550261078613471
0.39298315689098473,0.7039106587113453,-0.2126291165185554,0.18911335212753194,0.02735604941952456
-0.05294147077690359,-0.08623030616290445,-0.09209310819254218,0.10877304410534751,0.008198053790778898
0.18762805992246567,0.08621541698209213,0.048671694513692326,-0.04139631258063539,0.03761710697091239
0.3419787829147027,0.2615070263049983,-0.11548489480999767,0.11880891962269625,0.18711073736697015
-0.42380819852161866,0.27592968388289024,-0.04406307274683065,0.19432367523480254,0.018769136180193047
-0.4656487295118133,-0.4095690041242856,0.11585722604803528,0.14617083835694938,0.0039994327592725865
0.30804677274047476,-0.41931267137736455,0.09133021393461625,-0.08537236762443512,0.03322861374438066
0.12209588304966308,-0.16497948924766673,0.021117873304875454,0.26621597061545244,0.04260863531107212
0.37237715778436087,-0.24913656679417912,0.22657592376630464,0.3360401203434193,-0.16823014781679718
-0.14289129727773714,0.29159533871799587,0.06370678053812724,0.1677924243103977,0.04158151236413522
0.13749220516253802,0.0608806457423954,0.37123411738772816,0.1503375775627414,0.14785523519936222
-0.01913582175958961,-0.04308351582323924,0.014388159892231717,0.17347947100353336,0.06404361528178289
0.20374696775631368,0.7684114702573206,0.30690151748737293,0.06056326548893456,0.24641191138599822
-0.0159316504639799,-0.5313984555102859,-0.11230183872671726,-0.18268506182106442,0.07381271084690544
0.11993851701887706,0.6442501402421988,0.187217297258329,0.07947127873494661,0.2068444771363142
-0.5841072640133991,0.18962298046683138,0.28748581261709644,-0.11866989756797618,0.24299070462266137
0.22315807886279992,-0.015209453150527213,0.2576104428703984,0.4751441809830529,0.13644938157232162
0.19561135860226214,-0.02814555393997939,-0.07291386092475499,0.248404737271894,0.02140403565860098
0.14074934943623768,-0.03293042919372141,0.22522126314011173,0.17087472919780144,0.23411861035471837
-0.04216222732267012,0.03377717122735763,-0.09973910112083319,0.04887018657401575,0.1613025966387429
0.3595009392620563,-0.17149416024276348,0.31456991521937083,0.3344652859289897,0.16634354751408223
0.7146160681961145,-0.12357250867936,-0.15719213139079496,-0.1601192442188359,0.28838396001320526
0.32905071178910766,0.10454470581532779,0.1847250101239576,-0.05583332142967032,0.3955655062485173
0.1639864488212046,0.15771679463489924,0.285409473806923,0.19917736051591128,0.14815411799134068
-0.12584584701472334,0.27321550944886874,0.544957595067923,0.3368537118990539,0.3022478040245876
-0.03653546618549522,-0.18781539642474032,0.09699831472281034,0.1339360073873942,0.247459455910363
-0.409078182791106,0.6098124066594968,0.09079448590567485,0.058630302573951035,0.012969416955791568
-0.39618450129504457,0.3874365219441793,0.14352152298766413,-0.07683359965996475,-0.017667081400432938
0.02194368280897517,0.6559190765044083,0.07008173732612283,-0.10953964090611751,0.10065321831336518
0.04288636392768601,-0.7237013091689338,0.11698842789281859,0.09261517383711003,0.2069673670336702
0.7148213854979131,0.4863812726967105,0.07000479108397947,-0.044826977950434804,0.4178405026617387
0.14985764422654826,0.13553595999495852,0.125736597657024,0.1624510818209304,0.1149911464150408
-0.049275722752340906,-0.04079984918265034,0.12480827826329297,0.04620913144521116,0.05243355075512304
0.16678932627280507,0.052502257282946496,0.4694361891485288,-0.28602199700997044,0.25516730907340424
0.5281808708243209,-0.5215294271414275,0.057506858593182705,0.07540417650352974,-0.023230457291614853
-0.11083209835234412,-0.2160597834687849,0.5269547177810271,0.28307887912275825,0.27729931661229223
0.36434888074528876,-0.22090138319324226,0.018849839038349664,0.2135130482574235,-0.0005019067576269576
0.3626070378840638,0.06113957336048299,0.05332465663091049,0.24954977837333325,0.18680728535673452
0.023990613913507,0.5047504119327544,-0.10359497071141135,0.23552610863524298,0.2044488746560354
0.04125196015640929,0.24227145618708384,-0.14061836129790214,0.2852406391506372,0.11846645182556591
-0.025159392884169463,0.4718659841575923,-0.017355897017528404,-0.08255714449497384,-0.03389629224779808
0.3327783142391454,-0.26376617254114476,0.5335250488849588,-0.18804080168877266,0.3308107291590884
0.20887172438615753,0.11155877083083142,0.02029453010795007,0.2052511030312404,0.13793445449539526
0.4920378325354006,0.1792650972968962,0.17675163871981478,0.08565100436072912,0.13677642886007157
0.24147960989691106,-0.3966585861782671,-0.15731928086611804,0.2616645161508102,0.16324748087711227
0.08696450570601294,0.15097446661731834,0.2228667772375451,0.059801646200049144,0.058128031484701234
0.20807785365068374,-0.16324249165074403,0.23743423752406362,-0.12305595866636806,0.2612092443705091
0.2965955932358056,0.2281108580631086,0.3668835312449795,0.4104817786124145,0.26055716813321816
-0.43398739754382176,-0.2564896174892845,0.008434466814920966,0.1522735054087507,0.20602418609489384
-0.08035119558491272,0.20820998584592854,-0.019759609429366276,0.05245969478931484,-0.008120342543702863
-0.14180183677997465,-0.27729005304325366,-0.06806174295796635,0.3167455459117825,0.044004127490600634
0.9835834508174703,0.30715196888283064,0.19248176487908092,0.01543286951621256,0.2294481759348104
-0.029880511673807814,0.1907350432695833,0.7246044577236708,0.1369637484052884,0.2806448162672555
-0.06921075688011255,0.14208882096699757,0.5491162127412368,0.05402095712796544,0.35579106222328327
0.37796496759733245,-0.02371345784558354,0.29556482355666347,0.3079285146217522,0.2236746213843655
-0.341393500160219,-0.07478580954373573,0.09980830567603907,0.143386196654515,0.22454840524818998
0.21235014670023505,-0.2661168072619262,0.24117098013102323,0.2526982392525709,0.21874263089259924
0.49893003155335247,0.4208664971221054,0.2598329442640095,0.14606298406438217,-0.028543920608506107
0.29401536783458815,0.2238347714989527,0.2188850322800785,-0.04371351679025981,0.037292362564477
0.4921953332428818,0.14665072122061681,0.31154734776302917,0.16363668756963928,0.16248599669218178
0.45687155201372615,-0.003027511408786293,0.18165341928917347,0.08706801924416797,0.11158200513486682
0.06339235124199134,0.23140602752178463,0.0541097149437748,0.3597136382871983,0.061141024114635706
0.10306815959712212,0.023106991955899853,0.48571625329753976,0.19324020110025922,0.2775258887853538
-0.3066122748854589,0.24761187215320152,0.3620906565522859,0.17617340421692357,0.282287490530068
0.0005831932026109099,0.6098389567155992,0.6782134119401,0.10679435046786476,0.11435546806418012
0.6247656915276458,0.6646697360720115,0.048250108821955795,0.09872779592519085,0.13366068814390097
-0.2589864154583994,-0.12433708661755158,-0.058366535177472284,0.04476671178314305,0.16228827786672778
0.24123236880542234,0.6574784742177691,-0.056071582903185924,0.3228022037224601,0.14324248706142462
0.15252636976587378,0.38156482864063035,-0.08288010783676025,0.22863245803759233,0.18677809079663527
0.3248959322586342,0.260612323434257,0.7181909709697195,0.06833362390946564,0.1098019048076961
-0.026884166415689442,-0.005487118295346066,0.02764607570610156,0.35817019086478574,0.3289873732117969
-0.009314654263615663,-0.09204277224324389,0.27658289414425963,0.08385704135317672,0.2419350996523627
0.2363420657293669,-0.3071482031665716,0.5182048547430238,0.45612536447342916,0.10366031378386387
0.05057117499337371,0.2635717470636404,0.24795998496790905,0.27729816525842943,0.3979208730411816
0.11821854772085771,-0.07826958008361842,-0.13425098147712736,0.05860398735145857,0.17047046601244406
0.7426641993433547,0.011492110415893209,0.22521568241617643,0.17257848730686862,0.30804158234684575
0.9752623720857005,0.008300730067483136,0.06673418974214163,0.3412725069350436,0.25241396238032743
0.7611573092816122,0.3618314827370729,0.09683702329938808,0.2705679059756185,0.3011340058312171
0.43763742539484307,0.33859231179359495,0.4166938897581617,0.36306004436816547,0.3327082511617998
0.3843192577246859,0.12633180197955782,0.211985356788629,0.36994499675828996,0.08784299450058604
0.2967649170350934,0.055795526270182624,0.18660771798852485,0.38232116841636593,0.20154570550664816
0.19586570706613343,-0.2488430883851769,0.3480485513900305,0.2832411914819063,0.42304041187910657
0.08485415851438927,0.2514836007212076,0.23794606910783775,0.431599445509951,0.1715278177637193
0.27141753694814713,0.3754169384202774,0.22491025164310788,0.11259583088111536,0.20488310407683655
0.5236963539670885,-0.1404284557306809,0.21391710721802532,0.07348536355913281,0.31779445911207993
-0.29648880694068996,0.0084385780444865,0.2695323246416278,0.43271626839041233,0.17783408252030722
0.01061668016639028,0.7810602837821657,-0.13759956518334707,-0.1614755615970562,0.23538129725625803
0.028423701400844603,-0.13575498515714024,0.3455805040333473,0.22573546472177555,0.12412127903807084
-0.21667961162503982,0.4640834200552374,0.3335775914847886,0.17250710726531596,0.3946484808346178
-0.14920132591478008,-0.29322422761479583,0.034473841345675466,0.18198140713233615,0.2163953667038344
0.11390465053157431,0.30151988174407834,-0.08966253271088759,0.4184694178903259,0.1810054092243154
0.54451115599423,0.2995704618335595,0.29332431588816316,0.2812793082798509,0.2412465299065542
0.39543897471328215,0.6125071274915989,0.23613566163921812,0.30429552937207166,0.18215943657047326
0.6485982430371693,-0.02070083343799592,0.5958957163348415,0.1868436636831556,0.03322767375068525
0.2347043671383272,-0.021173249991152082,0.3821678062327404,0.09100528268228712,0.14430936983906995
-0.4023300489495331,0.05216337830376094,-0.3468006991646811,-0.05524183053413095,0.28021213830648406
0.4446880249020257,0.33073769049442636,-0.02002624266955244,0.18865236841299018,0.19579342008129064
-0.16910988069894944,0.6726134835985312,0.3933813694594096,0.16225969366724174,0.20020312537839147
0.26409462803176853,-0.4474550580422978,0.1429276552165459,0.09036702059668969,0.08621367671074605
0.11030748155319485,0.7676775935833922,0.3424960192680493,0.10888787123181513,0.2632159002921127
0.6427152437753085,0.49259504413162636,0.213533956266697,0.09791051421621752,0.27826393983595726
0.3256322055933955,0.4842861533239906,0.3432299337963911,0.367150056442371,0.14136008535115563
0.6187987845415845,0.26468868375989,0.6662446404257648,0.09323204016196072,0.3962888557200303
0.26578808812823845,-0.002793256822942264,0.09500304137373863,0.15255184639330452,0.2506263976979641
0.36953930257999346,0.022784333594856238,0.1987583518182194,0.5429268890581642,0.3973494023247378
0.34318286452649316,0.21722296020720486,0.2320450258023571,0.3022109141690647,0.0908535200719542
0.12481659875167268,-0.3214464078873783,0.2954752102397199,0.30853686929988916,0.15218431743075422
0.7049455251024879,-0.1804139300641714,-0.12023697046201975,0.2426961557880255,0.32427635639547836
0.7407129002118211,0.06309626290087988,0.4494085751660587,0.20211948456674012,0.1889078893362123
0.4886470171591983,0.4154918157715583,-0.1432827930122209,0.44267073732297957,0.36350811336088107
0.012389914608393726,0.3353742773706929,0.320678718156719,0.2514263515230555,0.14868422359186825
-0.0011747460365436335,0.20313030442895078,0.4734413918362711,0.2971619424581137,0.16977526921220049
0.4562447715186125,-0.6885760571133857,0.4690840318374301,-0.06286068867364275,0.17169008307189113
-0.1408574962407206,-0.1962010175573918,0.4727819738813196,0.1392631601860878,0.2519535249140846
0.199376624375033,0.3650677693058063,0.23139211127129566,0.011355331778151484,0.32560023081477996
0.0590756739660063,-0.27701920122020585,0.11948575500341073,0.452506173175308,0.3102728957809185
0.1059627306354166,0.10577123261543016,0.14429643236934683,0.5445789039269251,0.25891789792656006
0.35320832660265034,0.5430214522498182,0.27061209640454637,0.17625905767867275,0.1952646367209254
0.19557591190971668,0.20644751352056062,0.38092113041916187,0.22643158392952226,0.3001298690029547
0.1936943954109631,0.24408584978318543,-0.22759203711082127,0.364103345974504,0.25795780849562966
0.535818727723357,-0.6956561478402222,0.6871950004582964,0.19814916208490438,0.3441188257063341
-0.10762590698135405,0.4149973442925716,-0.014329659560030683,0.12259468874548161,0.4352164321368257
0.16192315261010173,0.2909805339664684,0.4167752813071256,0.30059641026651485,0.2390395670723287
0.33863402571638335,0.983249964553174,0.2103392685283372,0.25501977436861817,0.3406899557398234
0.5738222202772081,0.5995961659458677,0.36704864379830326,0.043499279174708416,0.4068474213650689
-0.13728101749276858,0.3209269623152311,0.0565640177822532,0.2150840621956674,0.2619819801194882
0.32784830056145775,0.35964928377418964,0.5870630355934849,0.2979362957161127,0.1989286845428505
0.5320983587005537,0.6033708226828223,-0.04727422520840385,0.321684471980689,0.3056207230160828
0.13413038631255414,0.6632649204959048,0.19467477892739166,0.2480836089010398,0.20887821002379664
0.23415575664258673,-0.11744339243955532,-0.09277593722471184,0.48134261625231417,0.13453607177149632
-0.08327555768452208,-0.45073151475741735,0.08735403994465063,0.02103136542576381,0.4138131061377364
0.5505634334796781,0.013618984891963754,0.734891188801667,0.38646198458312364,0.19491397849370204
-0.5581492533519556,0.9566918840354701,-0.07848561730231457,-0.027928152746308943,0.3465590821199763
1.0047506863241062,0.6709787341886462,0.3593271457901498,0.3272721516300475,0.32864799335767003
0.4742285267488122,0.3231547700591635,0.2575343094109259,0.22433739173239814,0.14993843056755576
0.146477982701051,-0.30012471608075453,0.21324582619573318,0.07892525657601168,0.1118501986083831
0.2931237617749961,0.6764260095373196,0.4415780718250426,-0.012081712469690142,0.1255924469453502
0.5347352083477575,-0.0734525563610883,0.18700773789791186,0.32420811047094056,0.12897303590173398
0.2715608991396687,-0.18361766382925218,0.10376834510385782,0.28880020156145725,0.06013612444283831
0.3785295816113083,0.23302922195516698,0.36277974873548946,0.2746431724366706,0.3917547758531046
0.2798397049631576,0.10445028525495006,0.26758679326610757,0.3261432012420043,0.245702962171925
0.2540774610694903,0.019251978043721474,0.0930120898421509,0.019469875388912816,0.43684986772217566
-0.15110184991602008,0.02312637948178725,0.0816014941079953,0.3837422104798179,0.20926586571210884
0.6378139314500771,0.03026680770531906,0.30562823444904574,0.11116327699270243,0.4830782068220272
-0.1313073507305872,0.34221815530508726,0.3859610630774405,0.3096716263276798,0.22352845421212683
0.20419233538580117,0.25909964915510836,0.2123745983982617,0.3976479151524138,0.4923892301145021
0.06995186450047972,-0.18692348986925383,0.22650578011561334,0.6541341066558471,0.1563926979578416
0.7655814928734807,0.7777828277272705,0.12346115324688124,0.33721137126331785,0.4293075244295731
0.12835752968076486,0.183870485768175,0.11818044176791095,0.08780112124947059,0.1756568118966595
-0.13779464704703182,0.26002738827497013,0.07707800069902171,0.28621404755514807,0.07529482770888557
0.3548837669025606,0.5138352516901752,-0.1955625923451495,0.30939378697365977,0.3875078163021982
-0.13127082577180077,0.7801650806423887,0.3449467501319611,0.13977908917031784,0.24501607881699647
0.428810724506075,0.27628726738383447,0.3727217544917967,0.10668097546716057,0.27118736801575477
-0.19380252388862657,0.218080484350102,0.051133360083575524,0.13695575796142578,0.39145267156795804
0.5993568157213459,0.44688064142442535,0.010005694804392506,0.20422568565633512,0.38988270027935923
0.3000700782624035,0.9886916543405269,0.3432037978201713,0.28562088679183034,0.22069498390919662
0.29848559824742465,0.20804106051268406,0.41459416990956716,0.40752417444779854,0.16837996309154818
-0.1637155656943159,-0.3234018658273127,0.3708475711529338,0.08279967877328509,0.016556771559178174
0.3811376022910254,1.0466139263370846,0.2569007611693993,0.3908352904735438,0.2674070586716362
0.22798760514844432,0.5498967622730937,0.19435189796490016,0.30153769632377453,0.2952261674026012
0.048991508607543144,0.57397159624829,0.22113806933048452,0.14076645852802971,0.32024388430132034
-0.02285926145817546,0.2701729256998696,0.2592221916229581,0.4329564257165163,0.31433413713719127
0.25434804300808983,0.520862672182226,0.5731221205058705,0.35045981578167096,0.26341972034801286
-0.15157577787277327,-0.07355525096507282,0.19501294452833198,0.16689092223884655,0.24235923609740495
0.2821785434594981,0.4317678206497989,0.2485002582571844,0.34118692825960384,0.27147272298051167
-0.35943211385377305,-0.031778667862586096,0.2330463083347332,0.07399573221978692,0.3323393363615968
0.7503321823067289,0.6516726039350534,0.21853898939500038,0.5019707642657519,0.2828877932835644
0.16067132366499332,0.07329231330693778,0.19963298925521678,0.2058911231938591,0.2863203801522828
0.319046219576097,0.2692315044166248,0.3659706132199863,0.4565259740642457,0.3744316480264104
-0.20029669805658484,-0.5383515058039634,0.4781895526955278,0.053146770661313375,0.24413973338816425
-0.09975195794768305,-0.2995659779117035,0.39134501702511015,0.39030324047160053,0.20581444798224086
-0.5480882444288607,0.09853360970128841,0.3588813102649501,0.0374348205063213,0.29177153352002627
0.26743087287024114,0.4554603290636684,0.29901125552712376,0.11841656359459982,0.4060530331553125
0.22314182054735138,0.26463881974192904,0.06458821350225749,0.2031841952686702,0.1743493225112504
0.219583928103276,0.8155640230217645,-0.03249214712614251,0.019147816183490207,0.43875611721209107
0.20908131647511086,0.06369589782608223,0.5078050323891048,0.17951905067724025,0.4794293676285687
0.4906552600949116,0.12198514166423108,0.7586650576043041,0.18050433780407293,0.3592450611563165
0.3719219013646371,0.6889240171557374,0.6264417956281063,0.2823375775584459,0.19304259859941786
0.4237342414698927,0.06396586090629447,0.7284853533283506,0.29986640964361,0.23743408715930064
0.3376803198302456,-0.14671945780124868,0.06201977547898774,0.46908138348168316,0.20583626618874168
-0.05078204099172201,0.44998478133877096,0.5454117893833188,0.39395677993129213,0.3916417969949382
0.04196166109044569,-0.16833472956140283,0.6169896915493291,0.23026111899342033,0.25323729749154084
0.702294148595861,0.45817765554657774,0.38422188713082284,0.6245992097569251,0.21033475688776382
0.5766920942071897,0.3013124164031273,0.34334234266026553,0.5249553612391366,0.340061046906714
0.4545084508177729,0.6234408835984302,0.20267837310108552,0.1515935851231104,0.16747106521689437
-0.3365312661655765,0.9355150724542074,0.03860039537527207,0.2503020157304558,0.25433661750390224
0.38349681959307136,0.5442450426643906,0.47869400756716274,0.19409364837954854,0.2676015106591523
0.37664691375135095,0.20864424802605266,0.6467006844187133,0.36491724335068193,0.3694491215253842
0.4979097510133915,0.6593733047200339,0.32876593935373405,0.08324115338761748,0.3329747597836164
0.08331215388583238,0.12212601694032987,0.42040426983892426,0.4850790339772528,0.2916675238678111
0.38795186393671055,0.828577919512767,0.344124337803855,0.7016525098307884,0.3535161907684878
-0.2655107825221966,0.5295188291806807,0.3765208971704832,0.49521910736011665,0.36655525442253084
0.24850866578544042,-0.09486480390784863,0.24555327107529423,0.15781320069917568,0.22738779747748997
0.47941812724897764,0.8213634641657934,0.3815445302400954,0.1042075787309123,0.3430013827491943
0.6727023960616562,0.1014640087061168,0.2643271448110379,0.2966167017973114,0.2065399951204542
0.5002995686421654,0.257048132457184,0.3891056016295684,0.15497046092340708,0.2463859704530621
0.5247333392943825,0.17839610151330082,0.6824571529005691,0.23310826719809824,0.321416812310652
0.592208412668309,-0.1512293298229503,-0.09643152259966875,0.05606985326430569,0.43845849142598753
0.12378542966453562,1.1072719434310403,0.1721286996244043,0.32747842146104583,0.4707114324343356
0.9336815717441251,0.9512039699747485,0.5694982026314446,0.46121780169875887,0.3655458261450198
0.5464396845709381,0.12600007256533763,0.11734546805562984,0.29976675173600814,0.2812730810657562
0.15797800776636783,0.5215183480927065,0.5149140398636289,0.315279657377589,0.4664941863033183
-0.058731495745878715,0.24106180412624825,0.14201595863660033,0.007176949999482374,0.2930583206037733
0.2648033607091413,0.7818981345875193,0.44435708406986696,0.14136514758255123,0.5105971540483174
0.6904290620715705,0.4883797606757165,0.2536609202192037,0.15260364107532126,0.2626903216552585
0.6495978490682759,0.9012638226969318,0.6503850488106286,0.22801142502025712,0.18012827082390206
0.3508584494295329,-0.25292332360186853,0.37856880401134574,0.2829682882445385,0.2542018413976264
-0.1969820811146707,0.4697219216338587,0.18819177839178233,0.12232721361623111,-0.013821370597781046
0.2996073313519802,0.8687434715429556,0.6797771615060028,0.23603504427084027,0.24097895311635092
0.45754874507411925,-0.006407887748943686,0.37679202961482255,0.4304372368208833,0.4464846139322234
0.2786388104475753,0.24590301529557684,0.11398743560543262,0.17956904674969182,0.28498920042227827
0.42748248484343476,0.6002121367323796,0.1317150381294911,0.5473260970717815,0.28099877119952543
0.3055553805546822,0.07602323227370583,-0.22976428926389564,0.45209216268667474,0.39469396444753935
0.2243497284068463,0.33449763816520023,0.4286808296177562,0.06625312050226473,0.2541634258020844
0.5654828595772042,-0.08232682791304569,0.37995586348019983,0.0998198975667394,0.36646277168758423
0.3040444889908534,-0.1954342106512027,0.5757589525788611,0.19916618868249852,0.2247263389103642
0.3797418654884479,0.6795473392896609,0.08917165228999813,0.3260687568791553,0.3642594585469524
0.5364965551158852,0.37311303617517066,0.23524739753480106,0.186463813990754,0.3269484962341916
-0.020721806301389978,-0.6054938188293908,0.41593605815237233,0.4612429660290548,0.05413444071278378
1.4434290288356522e-05,0.5151130880967992,0.7793892926866411,0.32260709318202,0.2379261160989129
0.26248338733730653,0.7550944188967805,0.17587833876508918,0.19395696887955852,0.2663479537554852
0.019852345251727466,0.3601130813049351,0.6846104687930719,0.3724046397132342,0.29310734206559547
0.2300434966546211,-0.17200201496987583,0.5197916716518961,0.3100151808601369,0.302144054554226
1.3330725961543624,0.41779728812683736,0.15521773403444514,0.2559102682371293,0.45172345703491823
0.3601435732044917,-0.13049910767019063,0.5298701627838105,0.21868146855064477,0.5337653828104054
0.6668665123370756,0.18386972157074136,0.6117692918382426,0.3360542235783317,0.4206683206751055
0.4796123022544061,0.05868485206507873,0.1824242091292827,0.4891774305406096,0.28889730633731164
0.19968247554018098,0.0252910477874414,0.4220469579145645,0.6534411511104867,0.20797351910277692
0.3359871930060962,0.7749116796904076,0.31051997186352076,0.3998545895968671,0.20954912093871536
0.4647719258484607,0.2701491164840778,0.5497452571094041,0.517071548572267,0.6188513461101068
0.5136264338049102,0.4333561716996233,0.3737959815389046,0.2744898364263441,0.3681739744936173
0.23791720332484234,0.384603369518087,0.625955096991891,0.17218297792171222,0.45877362877029104
0.748840687664335,0.29499578580504476,-0.14212884692508454,0.23622723777493848,0.47734073096019014
0.32610181707942393,0.017326220839074424,0.22046222961299372,0.4662470298586083,0.3944600045372984
0.25877737038418835,0.21833427006573514,0.24673454913418635,0.18848847833676396,0.5149388268770475
0.23340865341513434,0.720234655264341,0.6755119460713555,0.4931821478911316,0.28707871734997165
0.4640070008772585,0.32868501377991416,0.13426245713777488,0.38762204185916066,0.2045156802758126
0.7129145370947819,0.19041244735988547,0.3823180038235507,0.3821290827166881,0.3083908812915817
0.5238672085147906,0.1881606159313699,0.5331663369109636,0.12552026464409474,0.3524680048800193
0.9524825251768044,0.02300679928265409,0.18779095678912344,0.4205953049574172,0.3594171929362136
0.4512193133318801,0.49503489367112413,0.4822683753886017,0.5157992913258677,0.3861594591073313
0.2650489721868578,0.5540278203543574,0.7661678569062945,0.32037010468283883,0.23238565277588347
0.6924319891913875,0.3042744757947893,-0.14348133741075686,0.4763314742621023,0.2824908316391114
0.3147142057301268,0.4483247416407142,0.3859403667111368,0.45551752495857567,0.29465448694990165
0.5066026446318534,0.2622684783148897,0.5095473901197209,0.44164248671876943,0.23975911801655003
0.688763043877614,0.17585882243024178,0.5260325620158907,0.4034185686469614,0.5508605281675651
0.2756801979601375,0.23588267627772952,0.34200399046022384,0.29840941363276985,0.4357825698859911
-0.16377494554787092,0.014143709849478325,0.10857935542495206,0.49760417076666963,0.5385997365630153
0.31531860530803923,0.2949622319688583,0.364012488217546,0.5320574383569602,0.2446671159884679
0.4247282402472767,0.6577339172403625,0.4613974120607819,0.37932483489679003,0.4612697049288831
-0.5044867586893728,0.5647133482835595,0.20409458136009714,0.060901874665425404,0.40750453849097323
0.7857403243581732,0.3078863146283037,0.5644205775088618,0.6062749272119856,0.4983632564918975
0.8709546718223229,0.5870336709536976,0.3692198267897657,0.09905931738655654,0.32484172984378734
0.08669536631520941,1.0398657190582103,0.3140240900657051,0.37283374375935036,0.4150112928245293
0.36814265856358436,0.8903765581542883,0.21512572445584527,0.3851244947643019,0.2713436193086084
-0.06207241445990486,0.16189698242022507,0.34707367576844406,0.28747671365277927,0.27794033635310755
-0.0883602734910533,0.33007606678043416,0.019890652010133347,0.4765317560790253,0.3655734009368482
-0.10356089717292999,0.2595768616897507,0.18917007209611267,0.40782327855704503,0.5072242732462405
-0.2346232426139923,0.39473279840082204,0.32255157672694984,0.4645065446651103,0.3821944660240195
0.12156577747041811,0.25846564604462474,0.18136256659334787,0.5294910261879617,0.36174207411651216
0.9615696436880541,0.34117772672299945,0.201955791707096,0.12102109997861582,0.15876321590859752
-0.13958640896224156,0.4458342254542823,0.47511573474109053,0.11135315968625276,0.4614296869984114
0.209605045138764,0.40878238860943555,0.7228658543130171,0.5041651090284756,0.3323397232243872
0.08154363682871274,-0.31710041387962834,0.20255579255629744,0.3299807414818217,0.25299333692805603
0.32285726688661925,0.38866706362660314,0.31408503831733237,0.2615899323448735,0.38322052992639094
0.5051192696907298,0.02055090103879309,0.6808594366421861,0.34977721295135306,0.3674728172781113
0.5903234312936908,0.4401157825549131,0.5794941968939011,0.41176468303197755,0.2978937862834901
0.4816848195505046,0.0056893838914436334,0.3916420555407356,0.3621132445142382,0.34409919536111633
0.32772123827667154,-0.2267245512702688,0.24566974890275933,0.3830484362053228,0.3862408563255704
0.044389955363314526,0.769621332316009,0.17568678526855075,0.5226540117551232,0.41713115100685594
0.16601535183939356,0.9317729679256348,0.10346506074487344,0.5157014058432421,0.482238874381791
0.1593026408093192,0.81170756246668,0.3154592709533562,0.4170178420966026,0.4004762377473809
0.329900219100608,0.6287724612616603,0.5498018442257806,0.09590519251931068,0.5182020448155791
-0.15235275402403958,0.6998931528815011,0.6253123010278412,0.20087643486021506,0.3274429396736422
0.024719857184678506,0.30641037709613045,0.30549581449039376,0.4976495285598904,0.5208713457661722
0.8167293489273503,0.1976022362044245,0.3285919421681111,0.10920042599864771,0.28527636288948766
0.6814892528484832,0.8872685234822091,0.10036757782900796,0.28269955181800605,0.3734241229985014
0.46597211475559014,0.12135826491318663,0.4722003095805039,0.3024567982898209,0.37576156437172376
0.5511286257347766,0.3804092784134486,0.2807995268144595,0.36104754666387384,0.36849909920456986
0.26237161799816466,0.297540878628208,0.7368477539080038,0.46806853134830734,0.3463436755230564
0.6007767147344059,0.2748173888819566,0.6426990239527338,0.4388259427125653,0.368383635974134
0.5229619046382918,-0.11537327487636673,0.12942851584961085,0.19260526259877528,0.3973629052216735
0.930251730260216,1.0879814429259225,0.5250549459763971,0.46157284709916324,0.18101800613401892
0.2117748600176248,0.1342642874130781,0.2445576400476859,0.35679751132307913,0.3306020522199873
-0.2415251729283019,0.6208943738575132,0.14451175159008298,0.4222126350665858,0.6162738764101438
0.09465044987770777,-0.4147617853129655,0.3214328971877993,0.5594623883105411,0.6043352869454306
-0.00243133507421045,0.5434564721327704,0.2823398051862187,0.3696344806890078,0.6820329603753567
-0.08789356195060521,0.467626913691685,0.49196675985538674,0.5590652793409885,0.3983422369779232
0.48580252231605237,0.2645382368489005,0.4485670019084536,0.3341249250909978,0.45788223831944547
0.27250833852557826,0.5086390045171474,0.3828460253281371,0.5674335670015809,0.3836433964113549
-0.17029170610599198,0.7894450074497915,0.18786249097577964,0.28702085600642846,0.3237934331380534
0.8260268791232415,-0.28396809423485786,1.0930132931477947,0.5583686341503054,0.41635026075219334
0.3750333852097772,0.48269251956163417,0.5089189098379889,0.49440993406450817,0.45451086012170144
0.4217212921050072,0.33098950559031587,0.3595676588505074,0.36257568835633747,0.5201527437659573
0.582093510685548,-0.5354381347667913,0.5410582666759388,0.42518489030366347,0.3923026918350187
0.2725350729187793,0.7508710495876837,0.6072687533740544,0.27319270624531355,0.44090522461575654
0.0891315578971898,-0.039877173811056876,0.2562581647110799,0.5327527769959481,0.5029590160223215
0.5596492535705752,0.6266928182205608,0.5128183712472425,0.2959702514982615,0.44568780594267843
0.6515101144597463,0.6369262605512149,0.6642475101959745,0.5103910700291605,0.4376915025300701
0.73781061856459,0.3910126408351157,0.20220623262148985,0.37361624853985703,0.31611675187906935
0.18689028284214937,0.35469958401230917,0.22320991939230772,0.3517074071319594,0.1886878444754359
0.46885079398939494,0.4017826061821859,0.2186948291303293,0.5056372938937297,0.5062249294717422
-0.10595266224532934,0.16120764959072106,0.23041694455257042,0.2537906734344252,0.4951405090116665
0.34211019654361013,0.31975646605745056,-0.04467384303329214,0.503871815493345,0.26485010277442145
0.4233567661850385,0.4921186938395144,0.708656915850868,0.1974617289390529,0.06681268243928928
0.46354373622607903,0.97477703402292,0.6824422319702083,0.43855546966375114,0.3504388088418073
0.6616409820427325,0.0985440665596799,0.5129232417954737,0.48632825601712537,0.5249414775857194
1.2800885364781975,0.5315002320576857,0.2935996808917347,0.4033637536014616,0.20961870837295635
0.18872082694155287,0.2789819373339768,0.2912186800083375,0.432497828820911,0.31645906466553936
0.763910432973792,0.40947488908591134,0.40732979438155736,0.3575647025636072,0.42676025533857725
0.6713293913906262,0.13619975945045365,0.2632510897418333,0.36238710862980517,0.25993746671908413
0.15233932863994615,0.2608171484397968,0.6069307760978121,0.4529260026677568,0.4330554214902108
0.6814899740970701,0.3689716386531334,0.49972300713893747,0.39609162024531974,0.44208082500874335
0.22912894498993147,-0.35780828827187483,0.3833876799523839,0.6383696457551655,0.5169674434743889
0.719699904284955,0.8053132710759761,0.4342388544255289,0.44561276709086617,0.3453588331832744
0.31546440225541983,0.6101393504851633,0.6846121592717702,0.39336702329643014,0.3650827254679948
0.416583371666187,0.6065346835445163,0.09356066456491047,0.05335832982591521,0.3548645254373288
0.03139425402158824,0.25672937789205375,0.38437273355617163,0.34575255149940065,0.5798082245268227
0.5217441853863076,0.5134367539034906,0.5575481654351234,0.23835309206751687,0.53459464806307
0.3954606483444513,0.6314440071671986,0.17974485589415728,0.17374858766624998,0.5108622630913204
0.5394515639656947,0.13516667255392867,0.22595784369520633,0.5983672842569825,0.28744012813551834
0.9408802197258364,0.13662013847528248,0.5641701956161547,0.3694622781924415,0.48885982637510084
0.25035846707537024,0.3709427854117919,0.4315722281992293,0.26396267228648557,0.5052491022097317
0.2611310438085801,0.3511337828838111,0.20108014392251977,0.018282899068127578,0.40206587028523993
1.1873604094588484,0.6725380855936485,0.4201176725885678,0.38285773461100214,0.4269361875995724
0.5984396809623911,0.052019626756256376,0.6745953312336618,0.5385371430415111,0.5057210305830734
0.565084629762809,0.43262975826571387,0.5768827727310599,0.5200004571315395,0.3868434716031023
0.24603862020094278,0.4596372161328769,0.7737988631534536,0.23150739623258235,0.2633531147813824
0.48053038117970703,0.4445205327040879,0.467188802914947,0.4670008158220627,0.40347365772369637
0.9005656162887302,-0.07682085929166715,0.24417186277293362,0.41310341836316056,0.24571533534904028
0.3748203849726551,0.9558334292422273,0.4351007911945329,0.46690744644717064,0.289539726541633
0.23652084030811477,0.31278391826398894,0.3603881760489452,0.6340771084931234,0.4937831875426985
0.08095856568859594,0.510384087828461,0.543838202183194,0.6127058241213453,0.609142253250986
0.112432464855039,0.17701777410541503,0.15223047548026125,0.3964316448089455,0.4855738847903487
0.7466570229267206,0.4104166119012674,0.36291435399115685,0.4584294798664443,0.34106261948587685
1.096205597402653,-0.0729516196824434,0.4767446846967857,0.7553956724378197,0.4361956811690648
0.3763408169419182,0.32340226890815094,0.39609963013681115,0.6535028395497278,0.18914275690766696
0.9223517511333057,-0.012857351785569848,0.37781216398475687,0.3695679353843182,0.5032396934167925
-0.06693285517486602,0.5845902681475772,0.8910878309560777,0.22290170335613282,0.45964823276482913
0.23010229421185652,0.5741167992290155,0.4437210126314051,0.33801145335137517,0.4939852191049326
1.0110254123150064,0.38007136085837306,0.6013832090393101,0.23595603128164733,0.33350760270450686
0.5908294233478827,0.9107601376551513,0.5209590036005493,0.39194262062845736,0.441362218159348
0.04702879811902211,0.6336069736187397,0.6397381130575126,0.3709606844476356,0.3898901327084302
0.5275215220388225,0.3053405369398628,0.42865574126012984,0.775438608765946,0.41582513049056496
0.33112733869663924,0.23967374584592854,0.6108508281027889,0.41579038672193985,0.3718423316223302
0.86327846780018,0.894363332193584,0.3111866546169896,0.15031956594547297,0.5580889003822953
0.22994748609786336,0.6964642134254128,0.005917840532894625,0.5875784775679296,0.3110333081308767
0.6785353523051171,0.4519609878035698,0.23414010862868953,0.38308935548516426,0.5241801836458448
0.48193521479065377,0.633256059694504,0.8903939984950529,0.20112013325746653,0.6292583110333143
0.4824496944430078,0.1652289777166569,0.15198227959478994,0.4195468901076231,0.5524930645361185
0.41011587705605007,0.9283195981478998,0.12595770142540536,0.4485390199650245,0.31042860663630856
0.5664419493464421,0.7319098695304246,0.3573662541508938,0.03968908639580515,0.4736945304631799
0.5905613090005694,0.580301679626315,0.7287817510822545,0.2831039962526861,0.528502925011321
0.83055744008266,-0.10898532490221247,0.5249297746421296,0.373735622638302,0.4443389415153148
0.5643994121403725,0.3003792540852341,0.30336153465933713,0.45985442579761066,0.33289666307656407
0.11208740066314815,0.6702921510163157,0.19857729997935164,0.5608087122712616,0.5071747342865028
-0.08929154996582084,0.24219170011637675,0.7234674362350184,0.30132056445394356,0.40453448147823473
0.6035739414942494,0.7051872881266856,0.4012116526394509,0.36298280043764564,0.6164832424526994
1.0083468144685974,0.7680005531047822,0.47753617510739965,0.3306604267072097,0.3656119512287109
0.6246929276799368,0.5917685941565074,0.7728664325590868,0.5623046492935339,0.29140997294066695
0.7931155055797137,0.14484597793545978,0.3746018739112088,0.5000205866004231,0.683582868842626
1.444904058921347,0.6533241390429984,0.42049745219077167,0.5459742250326542,0.5607043551039825
0.36105845559858785,1.0301581390706747,0.5139078481811584,0.5411625550193082,0.5369150572354364
0.5967808555206833,0.7287597437480169,0.32544145501873556,0.37518820525664565,0.34046248093052095
0.6034469567851497,0.7107858148390671,0.5668255891615174,0.7292249651692597,0.4638388105392086
0.6769401452558874,0.12023933624530542,0.37890734058519504,0.5754396410931589,0.5603979674384767
0.37350595532383335,0.44382479500291305,0.1270595785824079,0.4100151931795409,0.5660143304490441
0.6493632647125263,0.6257918700610561,0.47859720227021113,0.46858425090447287,0.3936413197253301
0.6894574186181921,0.6015918022262557,0.578487227500772,0.38529505689657456,0.2277174110834692
0.8164196204866564,0.31804777047074595,0.2765469436954958,0.5791181130166444,0.42564112392455344
0.8056517853174989,0.6655848835242073,0.6233212178714497,0.25449390895502744,0.6059699272827707
0.5540861433342659,0.3546957866865558,0.5035341074881496,0.19062402166155468,0.5171602447548308
0.14695662003867277,0.04472056982281397,0.13206260981702594,0.6484039520204573,0.4021186862700081
0.9584807608584889,0.304038173783892,0.09169662796317024,0.29693545879939065,0.6116414129594562
0.42517514193946665,0.3010908075698401,0.5102556375390492,0.553813291316514,0.5994034599912582
0.9335311510216258,0.3617066403346898,0.17896219872690156,0.41010089336157274,0.5045757207723462
0.17170914426210843,0.17379878091824447,0.5533497837750954,0.46878386425218166,0.48014329203637923
0.23762019225108075,0.40461837433550374,0.27081266371324764,0.6182302049083425,0.5932218717826647
-0.10533738484447575,0.18454133567144326,0.1438443640086245,0.37570067016099395,0.46914982986068743
0.021061410137225067,0.18796181019416203,0.2549877864308515,0.5122513217515315,0.4872324120528651
0.2522470263381824,0.5363961498622712,0.35823909737223447,0.4375280361477477,0.6675781120303127
0.9053724853217241,0.07051781017046826,0.6670152904327911,0.6097745413717993,0.35310174299556524
0.7414027076316124,0.968819257328074,0.23147383302729851,0.33741254878073884,0.5962604933796934
0.5693378391099252,0.6578755940137647,0.5596415475109732,0.5452579326169825,0.3351793910253632
0.8156754231592631,0.8543413149455696,0.43319115476994785,0.47761017512805254,0.3133014616557581
0.6481071181445395,0.6663859323120567,0.471579151325455,0.6632613610881729,0.4481345155751832
0.665030557111688,0.1640403105748423,0.4812200654493737,0.45891865775041774,0.5116766779641249
0.37063281229945144,0.44591220226580097,0.6721972502839506,0.4184289979785426,0.30786670707017677
1.041755497974386,0.92534262564763,0.19952976538416367,0.5975408677170205,0.43225419959248035
0.572811462967628,0.5825313285156766,0.4370743118931402,0.3655652567349464,0.4122846527778198
0.20076516781516957,0.22744521185858396,0.4754689681742349,0.37731889931012585,0.566746229646869
0.9618000207105029,0.3080625508022171,0.5450239652231402,0.5704986445629785,0.54426294965698
0.5165116571828072,0.7273492945103701,0.6003266365196954,0.2968008810447177,0.5896670946440224
0.774079492769565,0.2521212339374052,0.5019766513914974,0.6015372939190837,0.4700914970330145
0.8337999455246485,1.2420166126166248,0.31874267466077566,0.27613216968203014,0.5284624461245455
0.723673594533049,0.42248913784615605,0.8204544587167223,0.28384333468366263,0.5729661526942071
0.3049064826307838,1.0402115307151383,0.9420364740860878,0.3752774464680866,0.43505414082591276
0.7693230546922545,0.3750760369579125,0.4873432404737433,0.5015117592529087,0.2828715139055209
0.4941226189644096,0.2803874253464185,0.38823288328425387,0.726756760202176,0.35801675700822055
0.7566575590181179,0.4112836752391609,0.4369432240841514,0.6244682690049621,0.5375183900241417
0.680944173871405,0.8066673727925778,0.42641769386915473,0.40369737308708564,0.3791769833403542
0.2404837735594823,1.4340870433895903,0.7798203167748408,0.28787788722721264,0.3536462070682965
0.6548819307190729,0.6755628267969944,0.6252366592545452,0.4621904519882345,0.48847628983083163
0.6071881129510809,0.5306652570001136,0.007252853908092494,0.4671689915993594,0.40831337032916515
0.5599112200865836,1.4485262898794347,0.5866759029530426,0.45493110838537565,0.6075650455136316
0.6581448177610623,0.6383510477370732,0.6412014233671368,0.8306735941166805,0.37906833468764944
0.6562821200705082,0.21355907129229068,0.6307229104647132,0.3612494149079817,0.4598434781678339
0.4141918831539541,0.8160878487077645,0.7128801645967082,0.3105422959865093,0.5136493278314666
0.2841196562306253,0.11053431208442727,0.4599820208059693,0.45973309698449416,0.7798236597879099
0.6464234278583627,0.07386860482029745,0.3832222029844118,0.6710043883897868,0.7430045098722747
0.008978550741515878,-0.08397377808258732,0.9288710420771226,0.572113920969755,0.4134324318682828
0.6805760730636329,-0.3219851077817273,0.5122662977324867,0.5633445900821058,0.6148480545905017
0.19189046054552883,0.539609172139421,0.30558127532035645,0.5528922297794522,0.4124097505021044
0.38446069683628004,0.19860903585382383,0.6591120034466573,0.6492465529410121,0.48728213634628736
0.5266064302376874,0.05642968759377781,0.44750477889326923,0.5065764675690936,0.8075280898397554
0.16388066707056415,0.9785290127789013,0.7384199136591766,0.5598880271429724,0.7121352629797112
0.6341865988416244,0.6395794595874952,0.5046383774008755,0.7099797436439974,0.6391055036184289
0.31966098664511544,0.10033492434556862,0.472129667184225,0.3910203135441246,0.5104152541634329
0.9098308154337269,0.3739070377346203,0.5089429193546109,0.5276927184218416,0.6133759748595752
-0.19100927505349308,0.32766404066413257,0.5667639893669243,0.7092686632368618,0.46452315397339966
-0.07289754952395322,0.7164904866534563,0.37844917134444456,0.3324177055660905,0.4507165838786522
0.4631694798965542,0.33028446724400046,0.028341958267551426,0.6633601412269409,0.6640568842773752
0.7285518663546561,0.16275472453471418,0.47746764584278684,0.521491412049271,0.5894697705028186
0.7348713432094438,0.2913573832677043,0.5418582873228874,0.5958259039209002,0.6862894072976119
0.7473090537575491,0.7740461580339313,0.5432687283619878,0.7475376967973859,0.5703373978453151
0.25322561934722976,0.9693100760733312,0.6815814414372083,0.4554741150012372,0.4719165820336356
0.6203119486216155,0.6729984195869613,0.5706424182651588,0.575748749698781,0.7165875389467695
0.866379224749406,0.5878117946765652,0.7380109721811174,0.36427116384177805,0.5720171242158785
1.1006814335447097,0.45957636213945696,0.33899182008578066,0.42542422228643534,0.40670385142717114
0.28136602446719483,0.4123645812212583,0.21523518934801006,0.5319990049564234,0.6304071842861962
0.24347282159469164,1.0109702916490633,0.6447471137622098,0.6934796286766407,0.45698239151244935
0.8017561350918386,0.18623171357146928,0.730596924398505,0.5587017167998899,0.5933868983575649
0.16077687665434004,0.24948659588035832,0.6660768219420974,0.3825855471413596,0.5843205703694957
0.10120659915944985,0.8017497699982044,0.25793294196595784,0.6208598212653507,0.6034811983564894
0.3141959389690602,0.718587495606187,0.5927711950373077,0.4493361563244365,0.4217746929035232
-0.0851012024693355,0.6461045888807995,0.18563499872097394,0.55061077713153,0.5060811295499874
0.7513003392198321,0.44102136299741684,0.4628697720056442,0.6522554554516653,0.573997163008496
0.6375148295903625,0.6859329791267936,0.19417317235306042,0.657196334347095,0.6060136304131241
0.21703510404178317,0.4613535156202142,0.5297491618238865,0.5172727297046343,0.5758652175491911
0.9921774593087254,0.8816242151828633,0.2461184077502825,0.6378974412098384,0.6881188015418207
0.662860134914365,0.8855388431651989,0.9904978911106116,0.7024032319483016,0.5684140889020363
0.8720275349913091,0.587359097324792,0.5468864245069696,0.4859780721884075,0.7163364689055348
0.2837326738675625,1.0271197648338082,0.6543155585622262,0.32129280972695007,0.5836469830929703
-0.12054314754727158,0.7413465463316447,0.7414873207221768,0.4498838432722345,0.5573565958745514
1.1625033842645944,0.38461339408541384,0.30776560988966095,0.7788160984193718,0.7639684630344039
0.5467142195979217,0.8653982416413399,0.8455086792761272,0.42814848046637577,0.49128670365755184
0.9357832440885314,1.079394847609012,0.6724105332048878,0.40743568278779496,0.7687067326068592
0.3796398067125153,0.44156767569985944,0.624096614466434,0.7932818864847585,0.6430249642836745
0.6797405389254532,0.6950532454490218,0.5582787242590653,0.6367981544495034,0.265735134203843
0.4557540353839766,0.625862245919144,0.2921749761462651,0.6106326294254308,0.5266889720711821
1.1056807089257066,1.047983064155665,0.4463932588659317,0.5267010142706364,0.542282961377001
0.40872428440525876,0.6132238665682356,0.38199452633636855,0.37278557075571506,0.6211727829012061
0.7516272866125246,0.2982055767031372,0.7527601132734304,0.4526913453725824,0.5808572866421946
0.8129691080272792,0.542924327307202,0.6552367127233371,0.47189885725783454,0.5315879217609356
0.48945608661376694,0.3184657518715902,0.5150266500153021,0.30969650202331533,0.49964189625388017
0.46547001469432003,0.47454440472519505,0.5015550850195919,0.5457897780847626,0.6091587468393622
0.8331031372530656,0.3510827504349051,0.28751266623295446,0.3917948682695739,0.5020856140251401
0.4462702654107412,0.3140634217021824,0.267737060754254,0.4854385224046005,0.5778416703327011
0.7467233972539316,0.3822859117478289,0.46620943807134985,0.41203469056937514,0.5550435524528486
0.2912628679446813,0.7407984875829399,0.16022767208918437,0.502697115603055,0.5932243835074007
0.618694138974012,1.4121725799292528,0.6387782239070543,0.4018055895014177,0.5498873332649604
-0.00013684836613381268,0.5360736828999296,0.37528456430939794,0.7062974724985254,0.5001210910430858
0.5256379378637215,0.3615815262007642,0.9513815451137079,0.5117696214232942,0.7674486686558392
0.8210209564968951,0.7160064478198809,0.6460148018595053,0.6258283835027594,0.34804321727460646
0.4763738918530776,0.8318269817235058,0.5536308219489267,0.34238454152244596,0.5587055688738272
1.10445104602801,0.9598673472340125,0.5517010475835675,0.7160029052467727,0.5245888349768724
0.027755061084788535,0.27422475238180893,0.9160391193320929,0.5232444564810917,0.5393554104407192
0.47275040459304385,1.16970842747916,0.9311430339047075,0.9183875258203783,0.549785772470054
0.6620532402249323,0.08896408331915001,0.8988211460795787,0.3839264092197663,0.5928048133902725
0.22257204261160574,0.3833535284685674,0.38235199848618356,0.47345605171936117,0.5092938189468418
0.3971927543746696,0.8340938918389298,0.3235157394607628,0.6054412319599509,0.7067425434892329
0.4092846316935375,0.3445456845691711,0.5200246983325015,0.7581025051483996,0.5932734644597291
0.4045878629126013,0.7255878050054752,0.32609255476270993,0.6803049704934224,0.6182562583787888
0.47623598838426584,0.3083894599171593,0.3753056919157717,0.658135619323445,0.7109777709029431
0.37304016946643476,0.7195291778104831,0.10790114612728025,0.4821383951047948,0.5711020803141776
0.28790842084084667,0.2794262568153341,0.4262555273506667,0.6217753024380825,0.5546315546098275
-0.13121428616689135,-0.09404769508277766,0.44087739748996213,0.6489431798983706,0.2693961967344019
0.4195490203619465,0.41116339353992404,0.8880193423580891,0.5167002838847203,0.6203970478032949
0.6232480084223646,-0.09516569968121102,0.7503549342980257,0.6126357564427163,0.635404740035765
1.8211649583370129,-0.07947479940484437,0.9652334745227782,0.5341301361260515,0.611703927686863
0.5661883449225584,0.44642527260694287,0.4531620642446182,0.6326804862472234,0.4109554046089545
0.8189355549457675,0.4499693546960104,0.3288903954433319,0.5104283012001473,0.7221351369198484
0.41329476394501274,0.6959355694896633,0.41913579047459487,0.7024205492909302,0.6592246777344358
1.168165025175901,0.5280653893052647,0.7330993432756364,0.5990894230571677,0.7284664533020575
0.3572698245105261,0.8201759503464426,0.541048945669354,0.574435542658728,0.5948428242011373
0.6653510026467954,0.5488307349328541,0.6335969129090516,0.8351079595124462,0.6957622098576568
0.8614374016951554,0.44253233993968877,0.3877462925579119,0.7376328672896679,0.6845315955649504
1.0532869454588276,0.3965921435198867,0.5362589478346468,0.3283623805198853,0.5437079839697555
0.9037318548273867,0.4410697969580779,0.7318042246170071,0.5584674027741101,0.6248192657730874
0.2266577053114212,0.6165351834908425,-0.07924874649829539,0.5600387123032425,0.40729713916750787
0.9719595423867466,0.8364283810403759,0.6949413944708642,0.8310827912467456,0.48449849831374403
1.1441563520884666,0.8863764474573947,0.5386962213257366,0.7711489026852791,0.46790421675062055
0.3318583212434501,0.40013962399169645,0.47430958121127487,0.425536161073547,0.7293374366002967
0.5117366448410136,0.7050654522469257,0.4660591509575055,0.30573093632592385,0.6237869241529557
-0.010113524336984758,0.5728906035282901,0.2886300504480518,0.9088105194424135,0.6964880445416912
0.6290378807571868,0.9952147351708918,0.40635358998983906,0.6815272304921269,0.6179350812160336
0.6800870771003269,0.9989501015190644,0.7603868100763367,0.6422478160422745,0.4115745564707557
0.2940043023686312,0.5587936256563132,0.618476295207912,0.4188966980988254,0.8672312469148005
1.0781245030926494,0.7890051299341243,0.6147065304702162,0.5650454143583108,0.4921708793162668
0.6241010908806458,0.681108109554107,0.32193349374398256,0.652437530540032,0.5822411102348948
-0.0027011214170059583,0.3285229707274257,0.5081155917405148,0.899070226009724,0.6628251315779701
0.17928524844848154,0.7552997716072543,0.2556139114893248,0.7727900882301642,0.5489282642345668
0.5729922398192836,1.0218563146474824,0.314784078851043,0.38169882133271243,0.5373542143359651
0.931967827940573,0.12314418834911162,-0.02968564041957711,0.5322691246469112,0.6652901003316499
0.9841606963599756,0.4581401217670231,0.5126068184782566,0.7870523303040466,0.3955611275603567
0.4827445488183525,0.6658229269128428,0.7060539653614925,0.5249980897615134,0.609456227775012
-0.1802715934817739,0.39845018169014335,0.7080142375726267,0.4512922825945943,0.6132012430603191
0.7489211002308024,0.49928403906950347,0.6457244655725365,0.4553862234118013,0.5845077642916785
0.8015759047051605,0.6582478173807049,0.47745622964118734,0.6440603349252114,0.6885044120711272
-0.03863874138064671,0.9761410118186684,0.5344207642648792,0.6768854751352154,0.7434658849657712
0.1768493016313638,0.38626566729220146,0.5460891607309117,0.48668829806410635,0.8045824166217017
0.34067648639519627,0.43593229461663086,0.6573143884635725,0.4215350820869906,0.5673731631679862
0.7130001482325151,0.5073529105392698,0.591730676142066,0.5289178569123516,0.44328968455094664
0.7153103164016019,1.1685721783696883,0.6177283433464758,0.6492309978940874,0.6910623721137256
0.21321706735460833,1.1529970215658603,0.6598567088753248,0.8726338454436714,0.5326590342275177
1.190537275866354,0.8607413058099134,0.7392791382404349,0.6526181308123183,0.587829271397188
0.9962580610082987,0.6610023046970787,0.17676645924649315,0.43997392711168604,0.5958384298549885
0.7156479035315524,0.5997227661905349,0.8901877724741414,0.3091213257495063,0.6336712369563406
0.04372310950941727,0.8588607406351011,0.5974970079626627,0.684964780644406,0.5220335673944942
1.0242219566546364,0.9490418829395912,0.7501040925613512,0.5991411448014811,0.6844496349780399
0.39708156303207554,0.891171075375804,0.989455761350164,0.7898990134487476,0.5390485846685653
0.7359118124626937,0.21269436009525933,0.7496119861667284,0.6928682769261634,0.4125697995899343
0.255234313067761,0.5330862418328689,0.5553483379925941,0.43138752795443247,0.6661117666542714
0.7031465611910738,0.5621903300120262,0.4546235065065594,0.7894387795199475,0.8087037653887291
0.47170905685604697,0.43104044798334096,0.7344619977176442,0.5680152091617329,0.6090395437968161
0.8595244894228318,0.021834215542544277,0.9204069869522835,0.6371174255464257,0.5796192934498164
0.5984083093847758,0.6147457454969535,0.23951824690271722,0.8629971146269808,0.6312469727751397
0.7677172016797009,0.9285340858300918,0.39928876051007006,0.7024901080794577,0.5977044439865324
0.8964010592036865,-0.04405974631888576,0.6064704694764036,0.533314313984945,0.676957095717259
0.7782706529302762,0.40585867373439444,0.4703827124199961,0.6121318984924725,0.5293819810409485
0.8968892536660584,0.5138770624358039,-0.019391696188795104,0.5713660598209553,0.5145179015796564
0.11577692475112122,0.24032297021678156,0.6560961096649208,0.8417081921094813,0.6666467202846117
0.4408394210955262,0.7768021977891684,0.5299769184865194,0.5228066711251665,0.5035709627897831
0.07965672363059462,0.5103289309913353,0.6689754683878829,0.6183560899770553,0.5871271172695312
0.33556347064126674,0.8269789690194216,0.34011498380109717,0.7573354214153494,0.5225833655082671
0.3976947214551362,0.1717974315806583,0.5235187071855738,0.7898460755920762,0.6932846084790837
0.9460408753447385,0.8017526074796694,0.3898485605056924,0.5843342679208635,0.5494077222019975
1.0584023670599718,0.25917983758392976,0.837474516118492,0.7788260413879304,0.84219539483984
0.5090843626843624,0.8638946838469629,1.1488314993874478,0.5409809147908204,0.4670159215546157
0.04512826652774782,0.8650189723397865,0.21855445193345313,0.5807708284616075,0.6885327403234495
0.6991982869733331,0.7751781196049384,0.6903461634685742,0.842847080230341,0.5341684324697146
0.42755698140264037,0.3973052713718397,0.8272781742104929,0.7840071587080844,0.6920901659999033
1.0168962010183202,0.27011341087567164,1.015445287358146,0.88348781586996,0.7248876822219252
1.2070979320555555,0.11977338754805311,0.5263734753080075,0.5273819582856919,0.7243074842577436
0.3125609845569882,0.8841856434882287,0.9511058430043537,0.7545658746556397,0.6763689735242581
0.3332526659450115,0.3778478564786207,0.9250689274668675,0.7688715428718612,0.6412831307567677
0.5144920445919876,0.006029948553313957,0.4071967664417995,0.9488685405707158,0.5034873617001554
0.7075664282176598,0.9662294046782924,0.36703840843179497,0.6768529380476134,0.7525097925990015
0.6526012812921038,1.5557173389780226,0.27553851164290727,0.8160483275603837,0.6293288270762206
0.8937522357570231,0.789203224358756,0.48571094016333094,0.6858571584563158,0.44192995260854506
0.8414142601115837,0.744936636269842,0.7934594058113963,0.8179538477125445,0.6917517982799768
0.6984816380451901,0.37303337984107987,0.4923942474010427,0.8392908705484107,0.812238831934067
0.5773555213123972,0.6671999986471927,0.45037472906169795,0.8380817912825919,0.727048515209993
1.2675205069395181,0.3759035091160701,0.5691285178299927,0.6902484671706376,0.7259333813085156
0.5864545594308378,0.3786001192008582,0.8517433697099763,0.7686761670014206,0.5522120959105064
1.0842843046128516,1.0257049792606852,0.6856852653542734,0.6682411827551005,0.717601197639515
0.38416221977966974,0.6661534442228956,0.17536906471684882,0.7952364620517761,0.48207640706739674
1.1330807513871777,0.5532645178253784,0.6103274816386245,0.5584042122705942,0.6254539325450449
1.1072376569596825,-0.1280555150747803,0.9441967994794038,0.7121048638036727,0.5237095359125313
0.3196160238354792,1.1897816816199138,0.44823789398509173,0.47729893195958983,0.7868152910859896
0.7677204804071303,0.3640625509025005,0.7090994777235554,0.49847492084399003,0.783736234558627
0.9972966307986284,0.8298967934222344,0.7425315334379661,0.9401299547927584,0.6616265919975313
0.2889212482677385,0.8047987940004699,1.1291169633654483,0.5022150988753923,0.6222498967795177
0.795355463959049,0.6466174536851038,0.4440139056371533,0.8410449654957641,0.923052101913578
0.7266868777974179,0.3787731690747859,0.31830656181633105,0.7054542487784525,0.7880819035885159
0.8159269006231553,0.6649055044220367,0.5339005186042183,0.49297943281602774,0.758993701164193
0.9556266251470142,0.17786398935577263,1.022165469515748,0.757435296525601,0.8231461050412011
0.2432496080550111,0.23575614622880892,0.6343571173475777,0.7471648657202293,0.8685069132767753
0.8919504262160232,0.5919261106482856,0.4391655368333154,0.8631488353238728,0.560811323156595
1.1846366427739896,0.579739347235122,1.0253346334862716,0.7770181322368573,0.6543531083194601
0.5064231163308437,0.5628661341999777,0.7664451946755604,0.6828701838869783,0.6042805369578461
0.6192944208047085,0.696519910239997,0.19567225755837414,0.7441144113715599,0.5621355087983653
0.3079569433320889,0.13908753928471274,0.2715461157167227,0.45835760474152254,0.5934017197359839
1.291348447185676,0.5073759185716746,0.7134198057359866,0.7369953407667847,0.6883272069667891
0.650184902096681,0.29668959807782713,0.9991119375126172,0.9604175533600428,0.4865477135252071
0.35184940204230536,0.5871918761973884,0.45999846804698186,0.7556758540010863,0.594252368140442
1.361327520300358,1.0531611990004386,0.7242096749511522,0.8390574625664662,0.800320102937117
0.4993418233782121,0.4195671218517531,0.6951509977546956,0.8139143110623732,0.6932251028960408
0.17998860409900752,0.4248032982643937,0.6621378435299439,0.6667148961685431,0.8992155984680497
0.24139180892857065,0.8395610361475851,1.012655493320486,1.0388274189869626,0.6344666732714254
0.8360843186692667,0.8608547256025644,0.724391724691933,0.6650518820959854,0.7294242110526332
-0.11908484085222293,0.8973709927924314,0.7098959186663395,0.6465053118801729,0.9105278321918522
0.4692498057117799,0.5552188631256206,1.1280075391370794,0.5511222388718201,0.6211779242773012
0.6371901624844664,0.9495472707808342,0.7301497369173746,0.4793016707703339,0.6241854295516445
0.49262234908956426,0.6602652460643158,0.7799062215330359,0.750808820644603,0.48612053414014145
1.0221333673558035,0.7655549676206487,0.9952764632303805,0.7559196080394583,0.8088173356196002
0.8342212682721901,1.1124006501250099,0.8034654790295119,0.6712049268658729,0.9407526121541846
0.9688259107722964,0.8691216042065375,0.4022973441513951,0.4839883677812029,0.7204142734944783
0.734706531967034,0.4944860818955785,0.7202133786870887,0.9398726609333978,0.7664370489294905
0.3288711176443798,0.6544275023911189,0.5096937126101788,0.6283889504642927,0.6434460524443545
0.539645895156015,0.2937820359628311,0.6621462361386148,0.6020508403845889,0.3631683703185517
1.3408984486949176,1.0359908871515549,0.6075482916002176,0.6946672447207063,0.5606967533549309
1.2289273501264661,1.292668058129796,0.7277304754934035,0.8545270972229461,0.7122903503553544
0.2709839943800809,0.5634637097327884,0.7231936838772367,0.6218233888705491,0.6692475141013007
0.66579161680866,0.6691186679959022,0.7063800484100846,0.5269983093083261,0.6145298521739351
0.2894744830930142,1.0049081225494891,0.2248587258387445,0.8780943442785499,0.8506942703379746
0.6011388047415255,-0.12648752922250728,0.6159051989419455,0.6865482897276828,0.58370838081163
0.5347713360129337,1.1815879070039463,0.8463799311969706,0.5515112754831364,0.5190806804970677
0.595286742902142,0.6311977382235605,0.8096522100311517,0.6140576946353244,0.7558860897472687
1.3116491386864046,0.957583766211696,0.6889467825668892,0.6707410675466422,0.6598224310109949
1.0740521389135236,0.5023267710951957,0.7108128058457659,0.7087957997690031,0.6445995224426283
0.26768998755923695,0.803835207461114,0.6880607989050895,0.780796664762272,0.6420433738010669
1.0887602947321273,0.4254424885679452,1.0855265482309082,0.42637710804647533,0.7513114736492618
0.8540480863349584,0.45212646936985273,0.7986010731333083,0.9060133689612493,0.45585582277381004
0.8636865720540903,-0.08373675688324467,0.48877549028901757,0.9622985247259039,0.6396594959670704
0.334492266988731,0.6431122998584334,1.1681036200293426,0.41609131316237413,0.5881656843134621
1.1802361826414334,1.2941637687278882,0.6835787818557965,0.5107952726581437,0.9410291337190309
1.2119146632931002,0.92240959689162,0.5260490199772503,0.6999554882464625,0.6897789056030269
0.8133330776510492,1.1675556519762003,0.9053523371642049,0.5383605937162712,0.8626056903602501
0.8087307868141416,0.9269789914407556,1.0376382150225005,0.5339534401836549,0.7057042882436637
0.5426500251949052,0.2149100271989493,0.7882374185509138,1.1078226694769584,0.504983764680743
0.7015036861938792,0.9142691731082757,0.7392328342568765,0.6938245960512676,0.5664549064044648
0.7863263443910167,0.4734029308589487,0.2230313329392843,0.9015943273097882,0.8198635048046464
0.7300503490135782,0.7861534906160067,0.9539385243021616,0.7491849279596723,0.8147859489786856
0.6206425829026049,1.129600401414373,0.7864445836544245,0.7453970210235702,0.57271756821784
0.8064591244669983,0.4526284707297227,0.5729913591775535,0.5867935090122244,0.5965070263301394
1.388628430789233,1.1377230941002618,1.1461239443743207,0.52336003666313,0.7246831281393429
0.30867469107368123,0.49771968087233176,0.5124182830280894,0.913713158291326,0.673417892970798
1.0565699286713355,0.9097585180374006,1.233828003249628,0.4847980479037231,0.8595052749032475
1.0822561550369412,0.411910304282365,0.944921579995735,0.7728689050775182,0.694287100693558
0.46016944233356977,0.49331834536735086,1.1790726394485849,0.72082868387748,0.8081655132540385
0.47161737711289287,0.47511056671640356,0.9636608801322231,0.5083349864975174,0.6752994112102213
0.7334831349094313,0.7579418317980853,0.6826762467617358,0.7853073252833416,0.8001863511532539
0.9560365135564208,0.41198518757780656,0.6601847122115337,0.9126323190893377,0.8237483200884329
0.29058844732776634,0.8358724284129222,0.2823801114838698,0.7321457843381096,0.9369015274697741
0.42597572932012395,0.461889612913558,0.8965679785688487,0.4817873874446562,0.6549815627293327
0.9153379752247458,0.5261479300958104,0.6739622335213779,0.8443928190640152,0.7738570116485545
0.812103113120418,0.6204878469476252,0.8104759086848047,0.7081638732221167,0.7789119509414681
0.5715850245634473,0.6709953498167012,0.5073674368285349,0.7231935395757983,0.6380560756844721
0.37743730955601396,0.8115255666713901,0.7772997897633094,0.8535129358677523,0.6815284257093179
0.8597683709027288,0.9049082165383291,0.8301851776230181,0.6001834209226825,0.7474300757164538
0.8468830040698072,0.734001762285456,0.26518114396649883,0.7571073693607396,0.9791002220527566
0.6188783190953762,0.5024945385899219,0.8162160086143653,0.7821240645568236,0.8660845781840107
0.3359608968469465,0.9650164771143542,0.8657561201711155,0.7112583928218643,0.7716001270332328
1.0602777743499032,1.0105850786232606,0.4791478465955444,0.8644131303237884,0.7275023288236174
0.7587805489516742,0.7588826566793562,0.7021403821261708,0.924161235513578,0.7263757832777139
0.3827051656053273,0.6122916695225015,0.7766940901375665,0.9310926593332995,0.8041647723574573
0.4687748666210515,1.5236237932166752,0.7969432971487787,0.9393947196757351,0.7207755484054097
0.907401741176371,1.0042019885640898,1.0111353572700665,0.9059233472721216,0.8362533278354671
0.6401005666326788,0.5589377661630052,0.8141130400309267,0.8872802426017471,0.7148388083930955
1.077577691882365,1.2000984890444848,0.5358451543154157,0.608411958493372,0.7250463320378472
0.8390174086016902,0.5758590868520634,1.044103452672167,0.8087925998716176,0.7461520558106421
0.2886682818074969,0.3266452466242505,0.8055783213363799,0.405549767404631,0.855959046968915
0.6937311068509102,1.7692997885035993,1.2598095060191503,0.7150541268367554,0.7318549054345643
1.059575262805268,1.2833352143201933,0.37847031259006064,0.4622939834065438,0.6751991392652217
0.9300235498468681,0.9028709712647283,0.9849539151190202,0.556056911100304,0.48679298958237743
1.018074658937879,0.48484808952347935,0.29539913909360965,0.7696833389041314,0.8354264845946039
0.7091498935306142,0.6029633754108448,0.7121132693353128,0.6891534682085737,0.5970314987892237
0.5227468748486631,0.9135919285807368,0.820678257290832,0.7753213372478042,0.6374877660922551
0.6923534102625958,0.061301333639782296,0.789658345034261,0.9756719901986618,0.5849367669966075
0.5654641515700334,0.8548234521632528,1.0308948803197278,0.6798802162075754,0.6733548110664929
0.12912358496666132,0.7844617603038151,1.208373835850252,0.7956059751582296,0.7492608861555475
0.8546041223601375,0.7492451531234364,0.5709572124469559,0.8829247370233985,0.7779936583718414
0.759323553065026,0.44531593389883456,1.0452269882553828,0.858852485864728,0.6919353248272841
1.0715595901747392,0.5974090400970755,0.5798934579650621,0.6346351449163454,0.5567432708788964
0.9048705492976669,0.17669690162564478,0.481067364430703,0.42757647611463523,0.7461328715616077
0.7092212534183598,0.6534463430946723,0.523629297045914,0.571410326207356,0.8086748858363788
0.583657950317328,0.8577990430379694,0.5598101338411441,0.7863862910854481,0.9034686720088191
0.9441206603324404,0.6283420583496868,0.8162701969046394,0.720706253508888,0.759639790191392
0.6567925041484464,0.7077924047247054,0.8071852752647317,0.602695958548664,0.6461810540571428
0.3216650509434019,0.2547106043622547,0.4885680759968661,0.785973996905818,0.6609440820556107
0.9241809163794965,0.7727392129798543,0.3215908382375375,0.865322494658761,0.852411806142153
0.4484757893722181,0.8956389956716143,0.5712439346171906,0.7782058052853373,0.621387542993188
0.1967337160483773,0.6427063390996104,0.7360971302982685,0.7008850832127603,0.6313851229826305
0.6383055777148066,0.8499232427734273,0.7547263780577709,0.7936207113658447,0.6898436077161866
1.1362955043383647,0.39382709909847696,0.8747875625073552,0.9526391557667295,0.8195329250815809
0.7027229828777688,0.5997045719072397,0.9984430086055177,0.5417746759100289,0.6583035771252373
0.6420489637236748,1.159148250608132,0.852686392751952,0.6147062939598826,0.7330743116086367
0.5745027332987576,0.5443137814114152,0.9876551283085406,0.5518771361107964,0.9486359364848859
1.0316789944456708,1.1147305188981729,0.6662533479338638,0.7460620604550973,0.6095385258020485
0.6048579498710187,0.9268781404243468,1.0605792816977417,0.5957139073668943,0.7299059647068302
0.7239267573575517,0.3303844705320177,0.9040014820732458,0.6572988491593945,0.7499264664028027
0.6298538325403666,0.5231620204779711,0.7711974661292709,0.7386819050915739,0.7311977976355623
0.543413982520796,0.8748163466027333,1.1435338358854008,0.795891887341271,0.8851431758821252
0.33514800111586757,0.8246633222862445,0.529395759017377,0.5412524395707781,0.6921105383898697
1.1526874396143358,1.0761971589566128,0.8301132835124837,0.533434538762401,0.7538309318172075
0.8721826965990328,0.8322862065114356,0.36449199786268877,0.6360051647146554,0.7696126649526404
0.9473678540295369,0.08330118302391576,0.7415257547822305,0.8003957742429167,0.8727672858188289
0.9978795848100065,0.9630040054711704,0.5999066436846636,0.47709715208985076,0.7348341446021286
1.0965235742368507,1.220428792064879,0.9386633891887097,0.8476645244069915,0.8222247828170366
0.6049205918525354,0.7396521047028253,1.1539960726728824,0.6317492745243554,0.9613185380133874
0.6799475378922331,1.2009202166479043,0.46720838248143104,0.8744213700988703,0.6994083763932496
0.33523600036367357,0.8518893148130251,1.0085075368496712,0.6491858110120454,0.6151877034356767
0.7547399191377979,0.756134305093628,0.9063917798447063,0.9339278687459382,0.7771409645727453
1.371546452859012,0.8556940371125364,0.7073214631208681,0.5299736119074134,0.7554185576665629
0.6794108935211941,1.0894608262091299,0.88920026797518,0.5993111544642242,0.8050444116576655
0.9991435890333349,1.2699927299696732,0.9852387069306463,0.9070872056739389,0.7935046052095465
0.9105828257803635,1.1829159311651873,0.4897697018238124,0.7325365788856654,0.7014119758122422
0.908687532501868,1.1778191990992113,0.6553012801960116,0.4108484836762131,0.7427011084082726
1.078655547380718,0.9598032929434797,0.8855351455032916,0.7455189616140673,0.6467898062148375
0.953741162959258,0.5269677177750574,1.279169667318184,0.8809959007880164,0.7258723370142658
0.5984548008344341,0.7624002529701693,0.7382375339535432,0.9683787167157858,0.8126337531744332
0.5614305224507345,1.3906026274469463,0.8038184709064241,0.9143570193711696,0.7247910019746047
0.9086210375612461,0.8921754112785246,0.3712553667176584,1.112436766838946,0.9380922312641131
0.6691906072975974,0.4462264972224798,0.8725119342782219,0.8085029046971017,0.8345597921184577
0.8563778878135754,0.9558832529101626,1.1194231886020913,0.8856207995082144,0.6784407433698415
1.2276770037675853,1.3156046751033876,1.5016181095272998,0.6191567926644943,0.8239518313925974
0.139380376261789,0.9727189197936936,0.6752164845991421,1.101921281173786,0.7111932113302722
0.2646322203088761,0.6497721188717026,0.3570663042826916,0.9175580500764549,0.567915495268225
0.8087988771235929,0.1427380098032941,0.7281790334010125,1.059640701265269,0.8401214598594199
0.5277401471329137,0.7909333912016631,0.8048294958641306,0.8755302200097136,0.6479813900052992
0.989188027025231,-0.05340192229457519,0.6609553340955512,0.7245989286003471,0.8726098935552756
0.8099593067878653,0.3583247382860248,0.5825516441331179,0.834216870588493,0.7939628052423346
0.6206686803672014,0.6517508087210201,0.9594717003446088,0.7219494209028333,0.7939549033102272
1.4909990044517143,0.3545968250260407,0.3907201816608215,0.9287012093913779,0.7289302039291962
0.7051702633450355,0.5587824694395993,0.7477127282737887,1.0585568738463058,0.895486493813668
1.079465821778018,0.3589564887808948,0.5494010060582968,0.3579090557892291,0.7163152800255252
1.110343919179735,0.9712806496331032,0.7582759364199343,0.804281823356957,0.7307880627120362
0.8735592527628294,1.051000786169783,0.44748553874945196,0.8561872682672665,0.9130581966111028
0.6785435727579795,1.0313907990273328,1.4391856769110634,0.7933117656467087,0.8537828748019004
0.5774166680516666,0.8681274610484119,0.913730674968283,0.84161808980537,0.6968054082504416
0.8770691337493367,1.2741987669913835,0.9121298184710189,0.9639153416803148,0.785313067990343
1.0499520902612647,0.9011250574123766,0.600182709601355,0.8631754057013061,0.7019377551871996
0.6136794983308738,0.8736846814726307,0.8802796539338626,0.6257796509607949,0.9316530053979363
0.995699082349379,0.591960115973044,0.4710004022117614,0.7919033891505491,0.7649567918982013
0.8515939697958173,0.700988245255098,0.36693481556339874,0.7544127734465887,0.7816465604372256
1.0171980270930576,0.5960266934808814,1.1921798849936482,0.5145599064369153,0.9634097995655655
0.7468819307818386,1.0896424217008893,0.8356619721238872,0.9979973685225451,0.7745094335859203
0.47140453606437055,1.2680217161998877,0.7934437749865139,0.8538502893969611,0.9568682795764257
0.49348691898293146,1.0081305760636436,0.6879153423176491,0.7989220097841674,0.827900853816951
0.3464090130458341,0.5745309226785544,1.1229299038201248,0.960939950735809,0.8138175031715432
0.8987042099736414,0.728774171597208,1.1251630886076411,0.7901432977760403,0.8477425557247863
1.185229375092823,0.5769963748048096,1.1713786807354745,0.5808356265337585,1.005022352031115
0.7059734564616703,0.747075740983951,0.4012047017307164,0.7519144650875202,0.707569919482606
0.6326701784990756,0.781403284863793,1.0389935406488937,0.857649796840339,0.8592241204295514
0.47939217686306207,0.5473069276605607,1.2280329672121348,0.7095803354276013,1.0109955376506368
0.7499641268993561,0.8275503357622763,1.0661677527289846,1.0279306764285303,0.8144376059495853
0.7050545943411559,0.8101442293169888,0.9033974284913099,0.9687553146985248,0.8283007404401359
1.0245378602711217,1.3469236668968132,0.9140922501786434,0.878105472042408,0.6590094359957446
-0.0020800843327953844,0.9526450190594462,0.8086264871240105,0.7484355421935993,0.8570573343865833
0.8117294944878065,1.187466260046698,0.8500858063336912,0.7127318899189824,0.9415347817977444
0.7631689570687596,0.99833735103544,0.7250795526085037,0.7290851796825649,0.8412421260438852
0.8368896061216787,0.9845674643013687,0.7727618162061105,0.5424788568203947,0.7844472417033219
1.0848612743216333,0.7397952606279401,0.7787408301788116,0.9897936532908982,0.7542328071182909
0.3469576197262945,0.784038814754504,0.7265702480421503,0.6820578772760534,0.8152269273759137
0.9912635686493463,0.8328985347617356,0.904478890469059,1.1225607685254697,0.7975008137113132
0.9248584037443577,0.6758094327561905,0.6475850501283417,0.7443548165536107,0.7833100013001774
0.9515140662332865,1.5806808260704646,0.6777256580023061,0.7719635930074078,0.8307804704247698
0.9640014245583586,0.9221809233352242,1.1259713873277941,0.45519256686567944,0.5719719664747251
0.6830293932885569,1.1868366267966441,0.48975029708895457,0.36429141194916365,0.9036996388225457
0.9178920203662152,0.4960866718658811,0.6204674866678409,0.6875108958063749,0.8531990650301534
0.6437835612322707,0.9980785712089945,0.2035279149780823,0.7063616662834794,0.7159451816953419
0.7617808027818689,0.6726972021651392,1.0212461355700742,0.5488558860553331,0.8479289445164621
1.0204053236419133,1.4309673149887197,0.7361176977827228,0.8951452536535126,0.6421658525312413
0.08844187794482206,1.1119859584865606,0.8436015253876502,1.0311840624035697,0.6912937338332971
1.0102533379763976,1.4368179366534397,0.9396948729283209,0.8895772216631613,0.8468024447630573
0.35009051298264443,1.2755166479794169,0.710254926128926,0.9266126534262974,0.6720942988139684
0.47486995303358326,1.3016623301428094,0.7701886951627467,1.077630876445843,0.8391013942688751
0.26638963087499656,1.1309453930480136,0.7169449166582043,0.9593212501685737,0.8516675095284172
0.36187301992761417,0.9018044164712454,1.340940273811034,0.9277978530761398,0.8434191695681869
1.1909042925526272,0.9174700689722266,0.897704129098921,0.6782497560910413,0.8769958549543342
1.1792878102622248,0.5874657852420313,1.1703788008491083,0.8373518562790022,0.7525962030442538
1.16833181584408,0.7621605523788335,1.022685544687057,0.8067217626052302,0.8461640866646266
1.009931294665301,0.9458435805164128,0.4076393826187265,0.6765696523086471,0.9577650491018193
0.8130695965374332,0.68923647498636,0.5510684697967999,0.6841335524727046,0.628810895066278
0.8238280804402903,0.66661327664819,0.6397202328087238,0.8450845965787174,0.8965490094758661
1.5187841627906722,0.3787573406104841,1.1161023393213163,1.0107177232305038,0.7697516405557154
0.9221267097508979,0.7131415177647972,0.8993790867040315,1.0964724223556817,0.9255666930459162
1.0196949485039284,0.7227831039133775,0.5270137003356147,0.8258971406064983,0.9937617516829242
0.3769269802377928,0.5262113060132265,0.8880941840182988,0.7041722684048398,0.771253044784256
0.7269072276730585,0.4290147199000967,0.6430405942101213,0.9720825802006253,0.7146924756209843
0.35657032639000297,0.6626304700490544,1.0255320878735652,0.8307257901504354,0.8099201182755288
0.8768903463044165,0.310821701250666,0.9734824099323076,0.923489264559548,0.8171007842706256
1.181965125010823,0.5073182912992447,1.116071981998697,0.8882914572313332,0.8262361404153037
0.8585802695497106,0.8309447676001516,1.1377284156818999,0.6946269472663065,0.7796126222207043
1.1935736143427345,0.6775411837276917,1.0672311835559172,1.1345702880636024,0.8209438162027233
1.0823325532478107,0.5020373340678941,1.03563036280309,0.8983985676562511,0.9197541546103652
0.6637200537252537,0.34258717019544205,0.9803984505275697,0.5416151832175284,0.8323870042005015
1.1664967079024138,0.9295522611876883,1.3045315285900436,1.030952857491043,0.7957608065351917
0.8785071189626596,0.8548899384295948,0.5160843903436161,0.7211797456076189,0.8071748945132997
0.22696141013505566,0.8858896242364795,0.8151767132783242,0.606363120273395,0.9160632430778748
1.0982507106778363,0.9436664779321127,0.799408024960715,0.9653870870602123,0.9479228201571365
0.9700824169909312,0.6121075830877711,0.9347226843040208,1.0618949606363213,0.8061677162524961
1.537300544326564,0.7076547778703317,0.8811203023515025,0.7675445650220811,0.8988363121994191
0.3239360011067478,0.7022012966832475,0.6306691505100686,0.8962737465800693,0.9860574714590837
1.080160969260166,0.12589133443854672,1.3324965317494901,0.9225637338619368,0.7890606327452505
0.9265650876782567,0.9325929908418065,0.7277649706956556,0.908170249662418,0.8089594103985613
0.750007388267395,0.6608573599140812,0.5575228385508618,0.9009366484678738,0.9433163442400205
1.041699368224826,1.1381620098205105,0.9514035546218591,0.7946475817782096,0.9727561528347941
0.45059514092699104,0.5950625806726615,0.6642781895186272,1.0506517372571669,0.9852868401810415
1.0349803273599254,1.2198548674835377,0.6842672735890447,0.9359986088798857,0.8668859543354092
1.149689517673048,0.8454447802308959,0.7958060352878762,0.9674070281038915,0.9798405727633306
0.6715335749883905,0.8635690597731424,0.6462083621858142,0.4879047554151122,0.9052949510121654
1.0764366644079728,0.9667566854685402,0.44794863116088146,0.8284097181432016,0.6358650644234534
1.3180224062691561,0.5414442706093321,1.1656016658799775,1.0344400070675748,0.7841958224773282
0.5276678313689942,0.9966826766925737,0.6970892916680452,0.9020901306062484,0.8319041201630498
0.32363514055832654,0.18155096802715742,0.9375750257931242,0.798096811081095,0.8250495654727412
1.107939355176416,1.2589629175770782,0.8269450355005135,0.8340345037907232,0.9438055789136665
0.45978818505400687,0.9594560808715862,1.0122943437711758,0.9964427284814263,0.6723533539687919
0.6491282137730617,0.6121586634748437,0.9122252919023321,0.9659022821322565,1.057227200573921
0.7343690627786441,0.7335446513191514,1.1479653694951208,0.9377838222526667,1.0326186384307232
0.9831957032701952,0.5259794885352369,0.5937953294903286,0.6465762656580594,0.9659115372493121
1.2687602109524083,1.4777125514196237,1.0814169764196244,1.076753815698936,0.8280450954992044
0.5282031035784469,1.1627125821213817,0.9872901493839485,0.9108823411283425,0.9372033420558993
0.9970951180217273,1.3008734324611386,1.1844624746481982,0.9809436880156371,0.9894585308256599
1.0584567484420964,0.7500612217800046,1.065068900143977,0.6754068657224654,1.0137245534882144
0.5191555761988178,0.9872758318002649,0.7079147266475047,0.9843953778248747,0.8931039413305547
0.39359178390586536,1.0309348023789795,0.7686708836371552,1.0372194274258348,0.8980461144042549
1.0239419937443348,0.5960890074473604,0.7671202058185769,0.8263817632472711,0.9946811480146501
1.4303331091444593,0.6452822355863861,1.14069046518981,0.5568437785076097,0.766385465957294
0.5977085315958843,0.4732000995207,0.5467997721064546,0.966201762577261,0.8769674047055821
1.021880423201296,1.1202485369297532,0.9612956671731901,1.0059033917829883,0.8941279559684675
0.5275426354422201,1.2374131181647947,0.7711734253760547,0.7549721391772708,0.8830110796673529
0.6152477460989914,0.7719008267398304,0.980836699558033,0.9589815689100152,0.8035234508653609
0.7506789243429146,1.2446388309615561,1.015903345634104,1.2330014957713207,1.036847245837342
1.2677631466451678,0.46702333467024054,1.0767102730628284,0.8975089832754493,0.8443042675520579
0.9600380227000667,1.2058090389104434,1.0188962551833858,0.7680080030555474,0.989916336971594
0.7062850238370592,0.9764291265515448,0.8400767707221058,0.87330211498649,0.9935764768815205
0.5799707726667829,1.5240336017144607,0.5017016845268703,0.8144093507608375,0.950299856508329
1.0946862734137388,0.8781366972545875,0.8970769585911149,0.9748235780704971,0.8840755569538735
1.3514735077641942,1.1763364062125823,1.1060803690374845,0.7581481197841233,0.9020350152310231
0.816896236183834,0.5939128353741732,0.9924470717482592,0.8269026534663413,0.9851882877248537
0.57448862576877,1.456521285604098,0.7124868374064168,0.9475876570004955,1.001445475245104
0.7334615654728449,1.1834881686261203,0.6390601057629647,1.1435138819169197,0.9154958498286685
0.7263130677459593,0.8203053313872293,1.0957947623820734,0.8225044192756235,0.8311341782643397
0.8458598925710392,0.5437278163082112,1.3230019093340177,0.8263610677839899,1.0088934991723804
0.9831571735162122,0.6055799135654953,0.9155854034583262,1.0408786406431318,0.8958686597775245
1.295213359390157,1.2409494485291395,1.1233935259729542,0.8452398008027178,0.7971878620064593
0.7248854812194212,0.9809757531869987,1.040960538186374,0.5755633318821974,0.9180118354029672
0.9699121224752031,0.8321527197744484,1.2086575280805825,0.9866092052353044,1.066403828421872
0.8526282080227331,1.2173773340674527,1.2865328815098231,1.128317865502128,0.7988157787228417
0.8417025026287807,0.8127712582096729,1.0313225617949944,1.0304439476219023,0.828130869674516
0.9443753446287783,0.28416581515883654,1.2453516282018584,0.8419094421760407,0.9291687012720856
0.8260040866217264,1.2863296637641102,0.2894381949681176,0.9212975982006752,0.912093027170953
0.7814725034928587,1.4708056890902441,0.7265120260809642,1.0469566153987093,0.9647551975609585
1.3248533409424632,0.7149422121359167,0.7620290975425348,1.0992297950458558,0.9734782938111897
0.43837484115135444,0.7563837070015285,1.0133247148600304,1.0593890810411835,0.8509866312798753
0.006359266666927765,1.093385627081763,0.6550559262215105,0.6089586572132564,0.6112642627929524
1.1863322779297247,0.9696013379412729,0.8784706282460122,1.1485529645502666,1.0001839946778337
1.4410488816528013,0.4895083029141547,0.9222041755473205,0.6743051005052534,0.9042842055866179
0.8523116948979257,1.129083561598317,0.9411193244861314,1.0295002542595348,1.0095779287209343
1.6133802135064221,0.8322263749982197,0.7215128592258859,0.9708411678943594,0.8422342980482121
1.401570076060215,0.8433715251816122,0.8064662124295658,0.8584113741388164,1.013254442688075
0.8840499578307458,0.7310210688769749,1.3063179433605185,0.7985615959122053,0.9379103418954622
1.1412122520176788,0.4190614773429122,1.042324447740113,0.7681077633727342,1.026924846367992
0.6315189569829496,1.1550087392431487,1.183207726736137,1.07214100996902,0.964033991402826
0.86379315647669,0.754657062024197,1.26587029352968,0.8263370315304019,0.8209894250538714
1.1483460698403722,0.6861773752224855,0.725497281610392,0.7096840625187727,0.8839469765360765
0.9127821517161215,1.0158112929142553,1.1516574819063057,1.0222488155988112,0.9175987760420803
0.877264963964185,1.101265896651793,1.2244952789845664,0.9599119684993288,0.887489515922089
0.6269691434635876,0.48392690874008926,1.0899233687445218,1.0323273696090647,1.005492145434311
0.901256252645068,1.3868537735667579,0.8336897556362903,1.0929832703552635,0.9376103545998542
0.7505655396737609,1.130317478323309,1.0345403636846011,0.9993852920388662,0.9520301467840219
0.931961099365137,1.699213483666546,1.208751780090393,1.058232911053022,0.9564434698224454
1.263436016517402,1.1087492758916053,0.950804505798577,0.8969472107343204,0.9358981115663412
-0.05663070183306107,1.0125437788783103,0.8367193738950063,1.1977691837254647,0.9481086788107785
0.5709637009116655,0.9311734572384367,0.7130271610573871,1.0217992316902258,0.9794758511738213
1.2508434346957076,0.6978491657769813,0.955552389443097,0.7321190514819189,1.0263774488602004
1.1130304231900485,1.105736263128429,0.9493109753661314,1.0145303012781917,1.12831951420592
0.8597952299413237,0.9937934066635841,0.7070847262379594,0.812665837847014,0.9608858085729373
1.3000453902555398,0.8699078384249224,0.8981984112951779,0.8866167450035343,0.8911633375794816
1.0452301164294873,0.47847751166547775,1.2383787488016125,0.8467394485543172,1.0326632152836377
0.5513441336545699,1.1644587732579936,1.1032043349717182,1.0137006344176853,0.8417724642775045
1.0328680204641003,0.5798387395829947,0.8974343718930349,1.1167184565657382,1.043027937290717
0.9597562229560781,0.6466940491523516,1.0993127559409615,0.9580193977048989,0.6955357846101391
1.2034452375501743,0.948292861037086,1.2248322289679165,0.7827784812770744,0.6007896724215034
1.0452110220128146,1.0491574870857527,0.5789112882611333,0.8022425942380133,1.2649996653455218
0.8613153961730668,1.1891074821073633,0.8124659975355595,0.6274520499565308,0.9389225072796789
0.8749674222157994,0.832506356866112,0.9333244888399925,1.0007434415447742,0.9421753735800323
0.5602461132384611,1.1137050904669539,0.5240671841280574,0.6357699808334865,1.0426028516496915
1.1212948489435741,0.9428109528838777,0.648929189387683,0.8490304133068404,0.9315849815262606
0.45729597748002426,0.7282605804128532,1.10782745995681,1.187638755348476,0.9150677310084454
1.202185585266097,0.357684022819057,1.1104207432606268,0.835847557371938,0.9973252475402438
0.8856177702187514,1.381515536495241,0.7684342088002482,1.0631972326720023,0.9327140795564852
0.9149043773057414,0.9068252590577297,0.775866710125753,0.9627357227190578,0.95796068079827
1.042252830792973,0.9926888394053474,1.1444029718266948,1.1119854992409466,0.8485027076482858
1.2416969540056484,0.5918144488776204,1.0984155396519157,1.0649562726672561,0.7532752421519189
0.997370587383892,0.819816488652464,0.7983028983971019,1.1815564753457606,0.8948844182710223
0.71397019410645,0.9929058107455583,1.1222714967089784,0.9465723610122558,1.0993731603224675
1.1378792173621861,0.28115907041871147,0.8515775577457629,0.8811349340038709,1.023564153851335
0.140930937030893,1.777038616714007,1.0897120155719418,0.9945104605282801,1.1030742576675912
1.7131004574092166,1.2473262381568202,1.1841330301372328,0.9926358792105007,0.9561489117172036
0.8225132426343136,0.7117334233533628,0.8193519501300836,0.759431325230524,0.9644902869088111
0.4412353095466749,1.0343470798996393,0.9658502030493163,0.9972064845528938,0.9155978897858043
1.9479636561828966,1.405081387612976,0.6966868118672772,1.0117946525067858,0.9069978216577095
0.6551693183299181,0.5522079786228968,1.0726225661307456,0.8682403012039364,1.0841822149816611
1.2912385065852037,1.411446853710791,0.7863775017706862,1.0521388795321591,1.0476875080304051
0.8280296729709101,0.7339222560171867,1.3378777399645574,1.0139482342583737,1.0490813340824323
0.7190157182626018,0.5934073759916336,0.8516461384253505,0.9593694758426552,0.8599955650660349
0.9768667781336061,0.4460277564492374,0.7295297625133741,1.0860603625990621,1.0474858123555468
0.8570586669087876,0.6591356471899055,0.7512465628272942,0.9219620892114583,1.053040338984706
1.275519043270553,0.8249648605140554,0.7240532343786699,1.0243317796041287,0.8899079731735974
0.8190971087635738,1.4020720804174163,1.1679316153341759,1.0079609149086444,0.840778115564899
1.0508334482588582,1.3200257250912288,0.8999897428550667,1.19761387913917,1.128517301231752
1.5111035017425825,1.0815113369799898,1.1163297620035244,1.2085876284441601,1.0350051477853597
0.827481843828044,0.8441442868279246,1.039328495286726,0.7819303083012027,0.9699691523291247
1.3337456325171415,0.29405167685719746,1.3301076159739158,1.164449932894684,0.9355837402546859
1.1598232555599304,0.9889833866356067,1.2630221955378786,1.1433638354582598,0.8314553224707629
1.1746976700644223,0.9239637522005475,1.0075109148319406,0.8738549022290296,1.1844366550160608
1.3188864158171885,0.7560538074431427,0.691561985935637,0.9290097927360094,1.0385688626431746
1.0669507484062943,1.387266384689822,1.1676224105474045,1.1442933144974727,1.0275345357198842
0.5526571582073408,0.9301066826746307,1.2290352640605766,0.983845501698995,1.0482392051453981
0.8921959253410776,0.6673378927109351,0.965412421810174,1.0418576842447091,0.9196848773566131
0.9194555536079219,0.6969096317258308,1.2442647659084407,0.9474364507875642,1.1564170016735895
1.4784275125745894,0.9693660106263585,0.7694990032150572,0.6651855819875567,0.8304162469606086
0.561551278442159,1.4319063668102103,1.0218951610465266,1.0575978801378272,0.7477453802636155
0.6181667493224539,1.2775162529813224,1.0611216379444597,0.9737217987846807,1.0601482925170562
1.5152826838875715,0.9280982335588182,1.013509557430917,1.0284502446740615,1.2654439857032418
0.3351242574283164,1.2150530866569529,0.9733284357794882,1.088613477405364,0.9255025131352563
0.9845158976786867,1.2249677782651176,1.6960678817386565,1.1277617395176878,0.9051833836712385
1.9660752634756389,-2.0152749731526827,1.9701309469477428,-1.994479097652694,2.0598589265730958
1.9614478921429397,-1.9499589751115793,1.9609163963826557,-2.0423813606248444,2.040929730917161
2.0460968189003808,-1.9574295031618674,1.934210129589093,-2.0232975489036025,2.041149429600166
2.0020770920281947,-2.0536846423098734,2.022915896956272,-2.0357403629495736,2.089726242419611
2.077242073120913,-1.9697951286822217,2.0680503352384885,-1.9967604324938308,2.0382718747187507
2.0738860147651037,-1.9877250659102843,1.9872406414242858,-2.085231097908856,1.9958433237139253
2.0411711592281154,-1.9527183286216185,2.0252182532859204,-2.027064954748112,1.9011589215526206
1.9752392450997633,-2.0152172435526974,1.9843535516404993,-1.9690721821511037,2.099283820550742
2.0061764600920546,-2.0108365894578233,1.9870389093497953,-1.9937807616546144,1.95858531198258
2.0060099279373027,-1.97745938318341,2.0104843031787243,-1.977122903299761,2.021687380467427
1.9114051658876778,-1.96815649208023,1.9664492577168773,-2.054791958150198,1.9447774086072502
2.0216770805236264,-2.011128746361243,1.9159015608007295,-1.9760981092403858,1.9280195934600586
2.0069910679259104,-1.9880750537163472,2.044278854084752,-1.9109157606766574,1.9317661837049729
1.9973763071968476,-2.0138167647522107,2.021687484298048,-1.989216561453319,1.982372687863169
1.9779548905694573,-2.0558225427592025,2.0493930791203256,-1.9770397909200235,2.045888409889757
1.9844801931762244,-2.0328417734347215,1.9460842466685386,-1.982054120812967,1.9480103387735883
2.0924331534483276,-2.065382129054672,2.013683005960625,-1.9216572646393106,2.0299544879631903
2.008783685624589,-2.0484241823480946,1.9309115405716148,-1.9614974945541208,2.0753073620387474
1.9780575004760914,-2.0569530753808176,1.8770915284725491,-2.049038242183127,1.994317157875048
2.0799561620418365,-1.9663433153883516,2.0152542702353378,-2.0200059830650567,1.970841714137202
2.070282379875398,-1.9899630729620805,1.894869965403949,-2.033676982394862,1.9570891984114187
1.9726867995411268,-1.9718544669857458,1.9946277559102876,-2.003843270350183,2.065673658066262
1.9651769455106656,-1.9067900237056326,1.9664346204314458,-1.9955400901693714,1.9859398202298617
2.006170956675048,-1.9777704002463437,2.0216917620044437,-2.037655866531029,1.9438542661276215
2.1251585895452854,-2.0241992169800276,2.034960621933599,-2.08038206552616,1.986019364004766
1.993640030800878,-1.9763592465036084,1.863877292950403,-1.9916929693460834,1.9425129272316053
2.016217285559746,-2.051816459841908,1.9572258652037209,-2.0136813805196634,1.9473835265198403
1.9762232776632322,-2.0596687884271656,1.9083414774150635,-1.949102147378532,1.9351975653588036
1.9910659556196009,-1.9623554459253107,1.9692527948741978,-2.041258294987277,2.011311904433371
2.0558966911363576,-2.0584657632543233,1.9924926083991281,-2.086624729748366,1.9803399498158905
2.0017102342269038,-2.0427312320877533,1.9771504083087383,-2.0704113384153726,2.0038539305690746
2.0527847124441574,-2.054857193488523,1.9688664116723809,-1.9748726876772909,2.060604535966137
1.9253405093895535,-2.0084392368707973,2.0141565411159763,-2.005102819531442,1.8761603966561458
2.025054500465439,-1.9240331824454677,2.005833087558475,-2.0515553026647133,1.9743436376817858
2.08849565338278,-1.954501872956972,2.0320013309192166,-1.982179370823281,1.9669431443904515
1.9899714409672116,-2.0038961367839256,2.0274787158032224,-1.924554055286655,2.0559169068396566
1.929030782210198,-1.9888002515549477,2.036838167258395,-1.9690569834927683,1.968538311830629
2.145705460788418,-2.063854228116556,1.9458405776666976,-1.9883202459369211,2.1058401527481925
1.9581902574647914,-2.01329141828235,2.053864683650785,-2.000893107744387,1.9832698072734851
2.028281645094336,-1.9863741004885203,2.0515219392818396,-1.9354265555467318,2.015350153000268
2.0145866362689153,-1.9892944508856933,2.024456527832464,-1.9972414681064268,1.9999695758838856
2.059831356041362,-1.9241941909822478,1.924622352768329,-1.9994989424129714,1.9655652783277382
1.9844514266756963,-1.979874189513234,2.0334719185771233,-2.0056063221805673,1.9043329832638598
1.951747720971191,-1.9551750164899917,1.8629786788982534,-1.9406286424159,2.026061499532227
2.065808804076501,-2.009928459344048,1.8969297287988547,-1.9784818679246752,2.063732656201917
2.046236090275671,-2.033134574174402,2.0043380537731323,-2.0266418134389963,1.9590366767905314
2.0477694285589925,-2.059876615563258,1.9553091784709193,-2.0552012816736194,1.9254876238350476
2.0073207145921304,-1.9419248475759012,1.9907561621877368,-2.0752873900282083,2.0419972269871014
2.0842850877017485,-2.0323121162073297,1.976072286664114,-1.9742169684958304,2.0810936873892527
1.9740082927137388,-2.06662248904991,2.0315709303136202,-1.960046596342885,2.0003065725217613
1.9720933370171274,-1.9502810634503978,2.026401800227398,-2.038421775845175,2.0024547365652836
1.9324146233987676,-1.965705477178104,1.9868883215308573,-2.021785541619237,1.9983562757423783
2.0020153849665125,-1.955253496921722,2.029554526566261,-2.00782046393964,2.03818340748595
2.020036862684581,-2.021329981814302,1.9937640920881756,-2.007411144442156,2.02526306715871
1.9816488692639178,-2.0195204593210816,2.098437865471698,-1.9530132259126447,1.9619699667787431
2.02854704969711,-1.9940824967172412,2.0195775587630047,-1.9931329337717447,2.059482132274262
2.0172810172325724,-2.0031044349107145,2.052109528849151,-1.9883357479456063,2.006073928966453
2.0157011301243055,-2.0046804511683183,2.0004613496497736,-2.0293347294380935,1.962441639018806
1.950071480675878,-2.069599164339854,1.9560141319307722,-2.008713351723346,2.005155879122282
1.986435171842618,-2.117785174506368,2.078729317888117,-1.9456759938554808,2.0222879925608566
2.0953745336276635,-2.0488682058741854,2.0943812560313004,-2.0482607038375273,2.011936896264568
1.9363081337432897,-1.9992652952227816,2.0193083248999195,-2.0077345165567277,2.035693872204507
2.004950722474363,-2.0261207364188754,1.9716593341098831,-1.959454311369215,1.9673128985096515
2.0457701485242468,-1.9388644103584034,1.9165643068826934,-1.9433536806349483,2.1030211349222347
2.0126001880600963,-1.9700457907352589,2.051850266218458,-2.013774115758951,2.0091140111768935
1.9342900235188445,-1.9930682485734774,2.024905599782227,-1.9741918488536765,2.053271236179879
1.9612598910932235,-2.0266303378336747,2.094775367299568,-2.0075164186881853,2.0100016893656165
1.996649497913739,-2.0410840413152513,2.08117646054459,-2.0263850705960302,1.9436357238146535
1.9774629861348625,-2.1000853000862767,1.9674356267508408,-2.048406429892616,2.030871431546366
1.9663292880220065,-1.9556098032210576,2.069924199653466,-1.96094123318562,1.9892305855569963
2.0070557248352796,-2.076249247007203,1.993311031373938,-2.0430219234033418,2.034716319057465
2.1286376194622236,-1.9750089182013095,1.9004429925522666,-2.018061509645719,2.006124546268723
2.004367871263013,-2.0365406562804376,2.0122645871318467,-2.0621250418459693,1.9527545638657466
2.0322898820801854,-2.050783161543991,2.026910580274613,-2.0684731887328027,2.088241294189587
1.9612865038797973,-2.0111833285901723,2.01653066305452,-2.0282674976250545,2.0071702980535653
2.0287678362260064,-1.9519693383748258,2.039574871798648,-2.0085905231901338,1.99266841129782
2.117455427901252,-1.9525055465875354,1.9539088171839893,-1.9950005918117224,1.9832428430610904
1.9932332883038446,-2.0614747578854042,1.9794038382807024,-1.9094222113403043,2.028953815043775
1.875441929592427,-1.9391638253751027,2.054481476145458,-2.017964265215321,2.0358631771891607
1.95703003945914,-2.0235127858133177,2.0749273180334926,-2.0135865019934855,1.9065134169022504
1.9968348388609332,-2.003929419645718,2.059918428468673,-1.999283178891212,1.9789208844279853
2.0522528072615605,-1.9939604883749444,1.9624988659217142,-1.9422501219729191,2.00968308822584
2.0001462983339717,-1.9911045804294172,1.9464665814291702,-2.026382688808917,2.000179130091639
1.990266815248766,-1.9363785808591703,2.01087029263635,-1.9572548038681798,2.0004697677287924
2.0528144241873063,-1.9801236121713424,2.000671024269423,-2.000664154447951,1.9522780686854517
2.0253457860068154,-2.002010236726819,1.9749004019909397,-1.9446769114593965,1.93748919870526
1.9788752052283782,-1.9486140625610233,2.0157761470460125,-2.002392946382638,2.0125501771575074
2.008970708552442,-2.0758331273142963,1.9825369057326019,-1.9191739172743125,1.9670337932611417
1.9840849492947834,-2.0270810381654596,1.9956492388340932,-2.0291561415662147,2.024337075107903
2.0098656706145133,-1.9613226192446491,1.947452941690552,-2.017017024144145,1.9887138684193932
2.02278234550443,-2.0396610598603515,2.045782690212917,-1.9406792204741197,1.9505563826182208
1.9754563552553217,-2.0265965754146045,2.1316193102338747,-2.021495005260394,2.083881272107807
1.9366684002446695,-2.049482548308218,1.9656697734075899,-2.042284465572326,1.986605063292075
1.9645610898639252,-2.0409670796367285,2.0579235998236665,-1.9388103188743417,2.047464824918766
2.0261999477792165,-1.9953628467110225,1.9751484654667046,-2.0476578752377548,2.0181497851716346
1.9413184803726602,-2.0496960464587697,2.0576456628102404,-1.9049675479138957,2.019664756908324
2.0553228576147324,-2.0122924158721993,1.9331162906956159,-1.969391419069071,2.0284644661635034
2.003583427694012,-2.0121187729052554,2.048110528929055,-2.0492866516713737,1.961310971055467
1.9495946746619786,-1.9957513518682086,1.945605349394537,-2.0342121090257623,1.9647122218886401
1.986969583383302,-2.074368722320199,2.0043602496018633,-1.9376348174667661,2.006774568615838
2.077066057240066,-1.9333000907061537,2.0388867523623926,-1.9962657078681558,2.001125019412272
2.038189988618163,-2.0195835304752014,1.9058739624266268,-1.975399797294852,1.9434465685032514
1.9518929385904809,-1.9999888026002106,1.9952437561223264,-2.0706037803157815,2.008274578206657
2.0483069830430525,-2.056417078513289,2.063624166542438,-2.078008541256497,2.105866207218548
1.979436978475826,-1.9927191501586554,1.9053983213757164,-2.0031068033234654,2.0114241088859095
1.9956918947950253,-2.0281540538526186,1.9526717740736093,-1.9434736690231345,2.0015403567498975
2.077037618825839,-2.026324117739746,1.9782602653313892,-1.9592202877701919,1.9188512518998218
1.9393268319923538,-1.945125751432342,1.9414033035388403,-2.0909525507651274,2.0934263594036544
1.9303091176062896,-1.9907940300835916,2.0034542596362135,-2.140531415830904,1.9866341488416095
2.0224206624739556,-1.9822845309240569,2.0451760341901752,-2.0193745657452715,2.035625222104608
1.9655335465959964,-2.0705233708206388,1.9351135812159383,-2.0731055227597706,2.05047929839456
1.9242713245470722,-1.986298057967535,1.9867037902963784,-2.0051324286725314,2.068180364759985
1.9780786316392363,-1.969419921922516,2.0018781675690556,-2.007600945281635,2.1149984562193236
1.9279329127142315,-1.9355434082281278,2.0328203282744988,-2.0239762497315894,2.0814659258720805
1.9075944943805732,-2.0260883328649535,1.9395758897865463,-1.979395826756427,1.9443467949406412
2.021653197337066,-2.0093218207910777,1.9760323028671958,-1.9805676376983345,1.9865689188030968
1.9455682578470481,-1.859931350518251,1.9756416408485427,-2.1108804540076007,1.9578950655139307
1.9366361655813635,-1.9586927191979742,2.0160826329795793,-1.9800643599104828,1.9814988767081378
1.986032487647154,-2.0185465551803836,1.9959403407932266,-1.9582333282317583,2.0168037706252675
2.025005641481043,-1.9750220545875399,2.044222121869087,-1.9855924979229873,2.017942403633946
2.0594403120596576,-2.0332522959001555,1.9572128710024246,-2.059296079959343,2.009145728181013
1.9073133879390438,-1.976892295197016,1.9945403452749724,-1.9432680150089472,1.9664041344767504
1.9898340857291246,-1.9438898333353316,2.0691567823389074,-2.034007618287591,2.009089061629358
2.0147209488842024,-1.9813173297189426,1.9868712170342189,-1.9359308300938183,1.9055148258189227
1.9789434882599457,-1.9776034633613526,2.022861240597467,-1.9323620484692619,2.0599112696600645
1.9857229187346388,-1.9350064378234697,1.9642979128111273,-1.953455630860408,2.0905261239210495
2.0607472053427482,-1.9947114808237938,1.9834110614113938,-2.0764295648129645,2.01552698189571
1.9442391386014541,-2.039656733180697,1.9404627099631664,-2.023019616632833,1.998601529275651
2.013680729058285,-2.030025331770698,2.053464185319759,-2.0104102628994984,1.960613878336724
2.0113146133621718,-1.901822358322809,2.016758028326756,-2.0181427813686805,1.9236269321940649
1.9890293839513964,-1.9882535937455943,1.9806209554372214,-2.08326923191205,1.9574717305248284
2.072726923044388,-1.928299949813477,1.95566804153977,-1.966362160640029,1.9410713607614913
2.0702158140997478,-1.987738207605288,2.047482074930827,-2.0857546673591267,2.0338818550962445
1.999616296815775,-1.9574035464604578,2.0457433899048927,-1.9967107655262626,1.9699585180452042
2.0389848091089746,-2.0030077249702565,1.956360752323618,-2.0460076115728842,1.926141779184381
1.9744854420218467,-1.944865397696281,2.0088914899852717,-2.026488385296152,2.040242796909004
1.9583761689138306,-1.995232486283361,1.9910184813637242,-1.9610434687205824,1.921138581454025
1.9574901127092672,-2.0819122829547267,1.9870201639095364,-1.9394286248183785,1.9747276395173237
1.9744658030902174,-1.9564137787907931,2.053427477922765,-2.0044285533634394,2.0342357427024944
1.9461522729561027,-1.9311012833037293,2.1074353146968527,-1.9739392104405638,1.89578341893286
1.9720884868801107,-1.969358733916534,1.9789258501416818,-1.9363900722874952,2.029407863221793
1.9646762249617102,-1.9983867594614373,1.9553083389680455,-2.009129243920622,1.9722703379783724
2.058738090011652,-1.8941993971584503,1.9284405833382123,-2.0961608143104877,1.9877413789074307
1.924079215058566,-1.997689419816454,2.0374468056902963,-1.9252929051366587,2.010069727935764
1.9903422387575211,-2.0989192458286543,2.00130925745929,-1.996435636972527,2.0319478407106373
1.9645755949235455,-2.021752630011793,1.9260998872347908,-2.114564640344203,1.9445751454601607
1.9214837092873491,-1.9831643852289695,1.9740932971666572,-2.0269118565037396,1.9507793476912394
1.8383717283743783,-1.9245844625626225,1.9499864738611605,-2.0206210034924954,1.9272553917355344
2.0485965171720317,-1.9928285531481338,1.9586817357367066,-2.0196114805672014,2.0839089961062434
1.996351528405936,-2.0090866768807953,1.9529309256930367,-2.0947290575236153,1.9919980663210328
2.016274255616231,-1.9450207767836165,1.8875751732750172,-2.0562548163511516,1.9709629454721775
1.99982595757134,-2.007251684576421,1.9939155657156364,-1.9795951970715027,1.9548353444610445
2.0467070721116847,-1.9783273779150259,1.984008386793596,-1.9199546004055543,2.0778208017785884
2.0466447677596906,-2.1509278385283896,2.078947254635899,-1.9602620738764034,2.1003204318856468
2.061873229586677,-1.9210828661251358,2.043932742509019,-1.9325653400677243,2.099706187036722
2.0108277369189103,-2.0786115272039063,1.9846269549992428,-1.980502720030828,2.003744379218578
1.9376719016920287,-2.081553381259749,1.9629418665682585,-1.9596130222007924,2.0790169885411487
2.045828380688885,-1.9471286356442932,1.995959221341822,-2.087104122885298,1.9772389709558646
1.987061779406381,-2.024852624341784,2.0027347432687312,-1.9779290120053525,2.042650759412175
1.9860940067816832,-2.09518797028223,1.9758561140354431,-1.9978144801504008,2.0611403961066705
1.9716096078907948,-1.97437281858003,2.014504394981772,-1.9978049733438306,2.04652666596623
1.966957940162371,-2.0287593224821756,1.9994049588452887,-2.032007325254685,2.02540061455273
1.9643403847816934,-1.9886847896127433,1.9949913615606623,-1.9892537017611647,1.977012930246848
1.9830455852736586,-1.9951995366001476,2.0101037253080656,-2.0002100957695577,2.0852681178256542
1.9504631540629358,-2.0032101897476355,1.9213185488941509,-1.9813959260666307,1.9442376731811593
1.9860844872061711,-2.018603216266566,2.0140445563300586,-2.027639545877259,1.9702347151153008
2.071792823204295,-1.9857716604762736,1.9719474573988867,-2.0125416835905616,2.082267747613537
1.9882417560874452,-2.0344638311576193,1.9657501924936804,-2.0274563240494787,1.9702751138786638
1.936017607582538,-2.056210004847349,1.9585339812819316,-1.970421449077345,1.9809381356363562
1.989641915545298,-1.9364955987372552,2.064750357496921,-2.014106247156887,1.9684568244658296
1.9567784843163232,-1.9653612115145882,1.9897646383238856,-2.0193247445161395,1.9593167712431223
1.9615166795494305,-1.9839970904253377,1.934228086705637,-1.950256565310603,1.973307767809254
1.9925182027874104,-2.0668488979070276,1.9993817030878818,-2.016416047134528,1.9974959700571766
2.0735854449180944,-1.9911150977104881,1.9602670407927099,-2.035565995527328,2.0297565592956883
2.0649346645496713,-1.9859040989624475,2.0344356372277383,-1.9695131138331647,2.0709532206678762
1.9025204913636984,-1.9666390530347735,2.049186802195178,-2.0669361853067785,1.9557165907996792
1.9574608625685923,-2.036439509818869,1.9759141474532238,-1.987869859347253,2.0432837325583684
2.0540658478884266,-2.041891153058389,1.9577648500648508,-1.9342089079991889,2.032337196770932
2.0041432420934497,-1.9763331662222516,1.998509810907428,-1.9737707658476193,1.983196665174713
2.0134402467219616,-2.075527302518475,1.9656107852587283,-2.033850558839517,1.9812804983396544
1.9536743372610126,-2.026677181291154,1.924279296880094,-1.972564976180255,1.9958743240544303
1.9147396196111992,-2.041741495527334,2.0168300713781084,-2.0271510973192894,1.9651529269930952
1.9962703661495962,-1.9828201232410891,1.928182377148042,-1.972493575939106,1.959985335919631
1.99910360158751,-2.0017710070345753,1.9736466940880113,-2.051182987306536,1.9857156725953868
2.08126651545376,-2.0680837515231816,2.084615650955244,-2.012986058553827,2.001768570854432
1.9456644594307637,-2.038563470833874,1.9748545174980991,-2.0522847485438955,1.9895541021314564
1.9796492054096615,-1.9074609428782132,1.941701290715977,-1.9948654741625707,2.0123923140950915
1.9464839725674081,-1.965658625227358,1.9800836493559186,-2.1246194825791536,2.032992480605228
1.9441529557948818,-2.052388747306955,2.03439510414462,-2.0173580741209225,2.045888607527575
2.0605083047682657,-2.032246423016115,2.0396631247977517,-2.037773040069644,2.111655795856609
1.9653521497734392,-1.9486956279519998,2.0421895012940787,-1.9841956088945534,1.966472841929166
1.9924301254029295,-2.1076794056472274,2.0112210019191124,-1.9825192334485808,2.0066749709530685
1.851334691435372,-2.0632818222544906,1.962595450857567,-1.9854170533405477,2.014466945282149
1.991488810401441,-1.968237723169802,1.948687881234855,-1.9694882497153001,2.0237371052419943
2.0188777366418957,-2.0091020215542827,2.0915371912415632,-1.975340215575506,1.951583206837322
2.0124152737867993,-1.962375831146289,1.9705945700537846,-1.945536387653445,2.0191016852858006
1.8828760831167326,-1.9850164011331037,1.9796985422793643,-1.9731410092729131,2.0472107420125907
2.009758102357091,-1.9167373883027652,1.9910646557718252,-1.9687591088473062,2.0402471286818673
1.9951327015553633,-1.9610612846011108,1.9702663506418916,-2.0211284209510607,1.9343755654831845
2.0120704558185025,-1.9837374162072827,2.0589631579289613,-1.960442999782206,1.9857602221676283
1.9410910156332861,-1.9783574798740013,2.055537658620732,-1.9622407513098028,2.0542238762428644
1.9894055234400878,-2.0233309484087822,1.96315493238841,-2.00279482333068,1.996070460201559
2.010333881426956,-2.0064648728517755,1.9933186135136614,-2.0388347026486073,2.0470809506775747
2.0038259031121854,-2.008722196714264,1.9626285373375398,-2.066595655519554,2.065398209627467
2.0277319354065906,-2.0811958921284983,2.038157115035483,-1.9538759414883446,2.0062188061150463
2.079905544787588,-1.9891640178938559,1.9291588236025405,-1.981741549947584,2.0122448650856364
1.9698351575610922,-1.9713220581561288,1.916616736690457,-1.9504716586278605,1.9560939148197274
1.9507526937441484,-2.005691238615374,2.021648646402182,-1.9918037968203286,1.9628670417113812
1.9746955354404057,-2.056652117368873,1.9887660049185065,-1.9462489392744544,1.9997868531178062
2.0429707127379726,-1.9272299331136904,1.9705990740481516,-2.009328662652768,2.1085596430531246
2.0722171705989973,-2.0836202262906176,2.019357415803045,-1.9999720003830153,2.0413226555429382
1.9627510616257473,-2.0419804186020336,1.9661964642353196,-2.0285964273099215,2.0407662083404507
1.940939941342556,-2.031130694997966,1.9105493804749278,-1.9496441088293814,2.063551504971557
1.9836463284568107,-2.0148974682406613,2.022661095114145,-1.9262758996310871,2.020430537378196
1.9651229028762442,-2.080941128599322,1.9442436868668256,-1.9963390274843766,1.9672336238399604
2.009748385299538,-2.027646200811812,1.9470926784352793,-2.0588515815726534,2.0781177254686614
2.0444493874591823,-1.9134741024086022,2.026997545037755,-2.021499570430742,2.0661670461244968
1.9983465999319117,-1.9889579114854823,1.997858781046224,-2.147345210964201,2.0802367506147426
2.024550197297888,-1.9835088469565745,1.996911196886472,-1.9918286089806934,1.9701360532076877
2.0308289676153635,-2.0653549172199566,2.0093034216235273,-1.9719213264714448,1.990066543308855
2.0185433896235514,-2.0495667196117124,1.9517086614552017,-1.9881641439486804,2.0339274827310527
1.9062567172249145,-1.9738989682444616,1.9728399249811832,-2.0096403043653708,1.9330241038217482
1.9574191379906647,-1.9516937337234845,2.001643168699011,-2.019138920085478,1.9941755823684482
2.024460591233215,-1.9779752751918331,1.99624864998016,-1.9453520444551666,2.048523131845333
2.02066860145652,-1.9972694108544964,2.032866054755977,-1.9842866289099408,2.0530400035902976
2.0449780688369152,-2.0509126950708865,1.9457018414629146,-2.0350624772202037,2.048806934503346
1.9211845501614377,-1.9802621305446004,2.018127154554648,-1.9418675970656905,2.0090169345331943
1.932839530470805,-2.047967748032406,1.9409002239051087,-2.026897198316657,1.9908549216288036
1.941727923688947,-1.9264669004673856,1.9337359314023779,-1.932694828806876,2.0592581515719672
2.044915127484452,-2.0346883303748373,2.017122543958845,-2.063868556677531,2.0455453517516875
1.9963007609231866,-2.020466010729334,1.9388127576671865,-2.123875305931451,1.9480729571482123
2.0556399097806453,-2.0201416714237403,1.9915335571442476,-1.9672222820855774,2.0902834439058133
2.066250232747282,-2.0486167501908095,1.9028714714281296,-1.8820192870449948,2.1134495805829725
2.0094226798214643,-2.063524412279091,2.048161326694697,-2.0053991843006305,1.9943509438446694
2.0447229421552566,-1.983281262656335,1.9407092544492528,-2.016237096754099,2.0330576464330674
2.025512611120251,-1.9868991712820763,2.046671147723793,-2.018085849390863,2.008933488760954
1.83122104499112,-2.0224825096921406,2.0381951454287823,-2.0195197233558573,1.9766886304141444
1.947927352411259,-1.9498317053635428,2.0274231636770286,-1.9587292701088457,1.9136893019021055
1.9919774978367184,-2.0140055503875005,1.9859714146700724,-2.030801377185898,1.9826947864109992
2.0424822391353326,-2.0956425676673915,2.0888647384015226,-1.9758079437486769,1.9978834052169894
2.0453417073186464,-2.072591737258422,1.9667649547424493,-2.006053771619528,2.068278018521609
1.9976751709436722,-1.9774972664407426,1.9705210502031936,-1.9756578965516254,2.0838619796487228
2.0497763345837057,-2.004072799388894,2.0337745423632736,-1.9711241522696394,2.0253293835848636
2.0555976680430206,-1.9447761148081266,1.9936420701562558,-1.9679060469261116,1.9808452539420103
1.9538463801842212,-2.0134746877851994,1.9961860924130208,-2.0830790494588998,2.043016627970836
1.86163372886988,-1.864259153025684,2.075093956689816,-2.0130504362086157,2.000471318028189
2.0151485936793643,-2.029458019399447,2.009630957379347,-2.007199998885083,1.9952863641384517
2.0090730531740317,-2.0656763899176998,2.0019784862066823,-1.9918276126691261,2.0064424810677957
1.9892084622281923,-1.9431071112015315,1.9823173722559224,-1.9886337046588405,2.0648648766962774
1.9960311929989845,-1.9892768366266225,1.995180768184255,-1.93813151032182,1.9871137719206853
2.0641677288644105,-2.005179394732353,1.9570270138275991,-1.966031341471294,1.9847666083122173
2.031025044954958,-2.1364702192461866,2.0002602630947472,-2.022980264937874,1.9468370656734362
1.97233794990801,-2.0286851572146327,1.9976007102574709,-2.068366323064248,2.015813689012986
2.0683107392602893,-1.9859535751526087,2.0404494304614507,-1.9452718772693103,2.061824475609209
2.093506934641065,-2.0249600999137964,1.964075800741944,-1.9608267175837633,2.03541331098287
2.0387837649807845,-1.9055358772874873,2.0005684954399245,-1.9786921720176907,1.9509805874258261
2.106766056198798,-2.0168272460604557,1.9845892035919586,-2.017337494550412,1.967755207067783
1.9635281475576176,-2.0261852141444763,1.9317102035974527,-2.0392658960131618,2.0974481555723807
2.0367827571820682,-1.953704791163614,2.0588604393708456,-1.9082932717818806,1.9114288724278077
1.938505844235673,-2.0401861830447343,1.97651351017552,-2.0150284695292626,1.977651122359698
2.010965445656603,-1.998235230462739,1.9638582602410875,-2.1087774388493785,1.950356564731065
1.9725380673343713,-2.012353971840386,1.9435166270344733,-2.024540323324821,1.9434506305757207
1.9937090324225832,-2.053654566418131,1.9575547671814768,-2.065434206549457,1.9923249652215107
1.95667761150238,-1.9546607866662284,2.020292513334645,-2.0034925934091823,1.9601257251328106
2.019026015265815,-1.965464955532568,2.0071344206100816,-1.9198149072266535,2.022981865903741
2.0456803608784018,-1.993321729223201,2.0337832226628487,-2.039839061633459,1.9770800818393603
2.017468177674119,-1.982895025922131,2.0253805911471625,-1.9449803553860636,1.9287514414092295
1.9512773726194852,-1.9885213679462874,1.963781818409827,-1.831111587935532,2.025785980958507
1.996083457553492,-2.025773463654193,1.9759918858403478,-1.998492966934241,2.005599096631063
1.9771650427653245,-2.013657612325995,2.06721422876173,-1.9307747518674483,2.0126016989967437
1.9329370136381632,-1.9730748421680477,2.0777141220805513,-1.931510944901881,2.0367212926404834
2.0711211477642912,-1.997330786376049,2.031405148491685,-2.0340387783162592,2.0146132728077855
2.066476712198526,-2.0294711705743445,1.9569278285267857,-1.9951255530488152,1.9886668898138
2.032457386053521,-2.0226629762973523,2.0859219807801357,-2.0644838048980527,2.062686739310987
1.961757538584595,-2.089799136729201,2.011893757817443,-2.012730399300694,1.9445195316048485
1.9159311554142369,-2.0004180393635727,2.048791844581191,-1.9707523253456778,2.0028353324419634
2.0239423786608866,-2.0013607066188928,1.9285137878484815,-2.071044699261172,1.989841573550766
1.9919673356816963,-1.9574508660746617,2.037865211188737,-1.9697433492120526,1.985985864346141
1.930967391494493,-1.9793964431466988,2.0262584656631084,-2.119426573123884,1.9582830906708668
1.9654472811303052,-1.994082489943828,1.9598319783617153,-2.001906728441232,1.9894732529823504
1.9920425264231136,-2.0358197146850374,1.9680507472966662,-2.0540133529890348,2.0190033720286915
2.0285551314295684,-2.038530897506267,2.0760320048008523,-2.0157300723721026,2.076509281189828
1.9678936413084198,-2.101328888829972,2.0201098912456175,-1.9875727447440505,2.001719689765379
1.9678883760778005,-2.001728611274291,1.9744370271065237,-2.0151174783165877,2.042081612788254
2.0092108614765047,-1.9695024306334012,1.9884065746687105,-2.017100867290239,1.9423258734555677
1.98149816937159,-2.1660557277794568,1.9704889016847182,-2.004093708859542,2.028183682713508
1.986566106123752,-1.98261632288775,1.8910105669304877,-2.0028418426103474,1.9160248603543297
1.9395848242170333,-2.009358277393193,2.0638131993936777,-1.9814396618264971,2.000911549856856
1.999023480526645,-2.035681444660223,1.972800829331366,-1.9786311977264601,1.9307319740777753
2.029652702514151,-2.0194253533559428,2.041277853743478,-1.9519453271383957,1.916345799374713
1.9709209618386392,-2.042776384397031,1.909363601746343,-2.0516266638104703,2.122062792263267
2.030475494810622,-1.9041356015697124,2.041454922000917,-2.0370921580504238,1.980911440166298
2.0294218090120153,-1.9781246898263483,1.9711328992145833,-2.0754996585289605,2.164388059369437
1.9929425163828598,-2.016286944659131,2.005666723195265,-2.0121364294655515,2.006136445385274
2.0643473643058208,-2.0062274239843214,1.9418644780336118,-2.0080821897239307,1.9767799109295046
2.0711949468623425,-1.9414440467631215,2.00537625002154,-2.0639367927409626,1.9387053868280026
2.000756163079228,-1.983183851533936,1.9812688590336973,-2.024008479210362,1.9703600383410675
1.9988303019878026,-2.1191381176036534,1.9449336685615144,-2.0313525422723675,2.060375159747596
1.9593093179035534,-1.9909765929084398,2.01132713754655,-1.935104174716962,2.0631288703482076
1.9971248515602542,-2.023774237059472,1.9668083448587155,-2.0120531611232892,1.97829833228382
2.0276813704679117,-1.9789845091257399,2.029590059557251,-1.9370358144281916,2.093143456070009
2.0062331696703777,-1.9450268114302174,1.9824169908082891,-1.9407496508208493,2.0530754578587924
2.0504207984971496,-1.995296507940424,1.9665820918004555,-2.069726421893274,1.997998139623945
2.076650627112459,-2.0154922450682036,2.0392563292730026,-1.9578024299740535,1.9858156889536414
2.065817241875976,-2.1454330372240253,1.9388624860630912,-2.045781614817923,1.9590142488566304
2.016813147559295,-1.985498109847305,2.0196995286087502,-1.9701959252933756,1.9524947715427174
1.939091196659634,-1.980184015899607,1.968488396317678,-2.0785237522683984,2.048567214227074
2.0697550953251147,-1.922141955515067,2.009350386073736,-1.9687033952013548,2.0684934111680957
1.9679292104988282,-1.9444661157972953,2.0137698117071605,-1.9543144173828704,2.009304651043797
2.0648128354874,-1.9888238118729231,1.9258010470266291,-1.927403668384264,1.9526234629513943
2.062652910512196,-2.004512144072016,2.0588005492598853,-1.9432615692566617,2.0215071487157688
2.0254267658813565,-1.9788685691403718,1.8993087621859461,-1.9940834890550898,1.9441967911964053
2.0085593571872833,-2.0571471273191606,1.9407524029386962,-1.919753274912305,2.0534723694062094
1.9997928707527923,-1.9907615674875487,1.9876041987128497,-1.971506181201024,1.9661972816725597
2.049687013143398,-2.0126543420507055,1.9790076502084386,-1.998914349075758,1.9704426585037196
2.016434117474824,-2.02686812946567,2.023426180140942,-1.939199673054426,1.9640339156595914
1.9934712271352415,-1.9769334643482288,1.9782071322509296,-1.9767839719586668,2.027769943032587
2.054163088814715,-2.0302995023042456,1.9528612379884762,-2.0153788694781873,1.951612383022645
2.028224910202375,-2.0580875650088206,2.1166508209126342,-1.9352036069213125,2.000628788480016
2.043369724649899,-2.0818400932155394,2.1261686665699777,-2.0295107306100246,1.993975129305032
1.9072033356405782,-1.9756856347629552,1.9446827921461445,-1.9949172119216985,1.972786278353773
1.946112803253483,-2.0402180750881307,2.011289401704276,-2.064074548643441,1.9625594164488211
2.033163669063224,-1.8698760062562843,2.0238794409776504,-2.0458630821088644,1.9816442914963845
2.001579450307629,-2.0174712475317853,2.0451529083368465,-1.9891263258492888,2.0453926192454936
1.9842778104851186,-1.9337249890139372,1.9916757207859228,-2.0485594934568994,2.108866019052111
1.908751112651944,-2.0369369362652465,1.9686486074084804,-1.8745846863471718,2.0903429442073254
2.0746964071821097,-2.0165329331188167,2.121308900192089,-1.9815823998079514,2.048863168515156
2.0089847690553104,-2.0024733285661624,1.987411066303681,-2.010481999670958,2.030424582433904
2.0183599899387694,-2.0015735685101843,2.075476199634943,-2.1483376534370366,2.02549436239606
2.035886935332949,-1.9426518565872415,1.996756427947332,-1.9896039966308021,2.049297419165736
2.074558320214009,-2.0150267992589384,2.013348789156378,-1.9160713017825621,1.8937986462060574
1.9654993700092707,-1.9267082010698517,2.054626891680415,-1.9738777394536653,1.977570156344544
1.955909075050729,-2.0295607809621186,2.0774004110409345,-2.031422134457767,2.0050711482119827
1.9623146177569126,-1.9578612984950488,1.973063685982678,-2.0048796945077205,1.9158308933478587
1.919331588189753,-1.9996163403339247,1.933742142240112,-1.8947456680332748,1.8969238443943874
1.9599912350667947,-1.9991649566366225,1.9817433531102109,-2.055207272833196,1.9521036080252365
1.950467296125038,-2.0143360847410032,2.0975964544758714,-1.9961031351720895,2.0591450244693763
2.025348817291407,-1.944306880100889,1.8600017848703208,-2.0152229010574114,2.0653567711575356
1.9714132088625334,-1.9118763417565194,2.074194507688388,-2.023456535806373,1.9748418240476822
1.9493197078822766,-2.0314797115931897,1.9383705467915542,-1.9785594409783498,1.9271976753326783
2.030186650809511,-1.9685960651549876,1.9169397797408039,-1.922509069683583,2.025680464720761
2.0374849010722436,-2.0379332600771387,2.031118955923656,-1.9436803275138967,1.9950695800497662
2.100096122962418,-1.9977967682543532,2.0570392900226238,-1.9853495596370672,2.0292760766428435
1.9164333866182615,-1.9814473130892318,1.9632512449371367,-2.0423199152888842,2.087205159223299
1.9893114875968825,-2.050165091548775,1.9820434185945563,-2.0650225114460956,2.0716942234098137
1.9652159627916743,-1.9735350033028165,2.067805335710516,-2.0250076340607364,2.0266011216136395
1.9484956972547784,-1.8777115215443159,2.046819006730831,-2.0096303219380403,1.961358313455552
1.9943001723580187,-2.016999186117576,2.097647227699975,-2.061276736110745,2.00674007116451
1.9990830966683144,-2.0058705150172433,1.994569167253083,-2.005803540506024,2.043653303316605
2.0304492223246218,-1.9790544194313606,1.8483005318927366,-1.985010256291842,1.9172180319914958
2.0323160081567915,-1.9262751316214743,1.9536880443705724,-2.0130890361171354,1.9700322147473501
2.06177158878784,-1.9952486057363963,2.0864164690283165,-1.9793122898526305,2.012122509031791
2.003410339130142,-1.959100395037133,1.9131156900877329,-1.9957328022239744,1.9964976778136017
2.036270941357888,-2.009385080293702,1.9480632782918665,-1.999632466254015,1.9458579735565829
1.9037368893706257,-1.9636438759257253,2.0289530786347334,-1.9766454528003212,2.0651464210972907
1.9667484054848037,-2.071555707138563,1.9964985111595979,-2.0173750149852956,1.9578852141614966
1.9960075423256103,-2.030580257310229,1.9081997358321585,-2.022058834539688,1.943181241664807
2.011582403580546,-2.032801737912033,2.0555815737070526,-1.9198066966366067,2.0339690686505953
1.922448690900834,-1.924740200056048,2.0787860225186883,-1.999060474434603,2.066146308016777
1.9724162430976662,-2.0933122967424795,1.9619857780689203,-1.9135349566977622,1.9254460038194263
1.9999760640965747,-1.9982928053329894,1.9743512878016094,-2.022176079991856,2.00361245671181
1.9718918829032637,-2.0711029248583968,2.010751597147173,-1.9463316708777514,2.043478625932671
1.9595132266305093,-2.062561395768884,1.985790605892261,-1.9216104245102168,2.0322799039479773
2.035198233839712,-1.9555071524107253,2.0210383281259294,-1.9939695726193212,2.033115344832398
1.9726916947890991,-2.070723150568316,2.0361498467312162,-1.9381130947125387,1.9440884030321985
2.041096074120795,-1.9159617143305905,1.999887689912144,-2.0409001092370875,2.006150933676338
1.972473301589965,-2.03083650549782,2.021659203363577,-2.080186473751495,1.9278035538753886
2.000964544018697,-2.0011154269456215,2.0171777288519968,-1.9062387305758306,2.005225701803791
2.02990860751674,-2.048776646780732,2.038396883175827,-2.026319543255534,2.003571041629055
1.994557568746542,-1.9483512882542984,1.93450117228125,-2.114161931730752,1.9893283651456037
2.0234265628452563,-1.992386531209625,2.0616102118706956,-1.9781313662910165,1.971807583407007
1.883728992293016,-2.011865611709761,2.05139795011289,-2.0196023891333557,2.001416013183888
2.0210680127153355,-2.0507646187124906,2.0311617948319407,-1.9181439104999147,1.9913593324053296
1.943546778908385,-2.0033300513510985,1.8887807945695565,-1.983154836801169,2.022613718882429
2.083781814692278,-2.0096997396283314,2.0204242669073236,-2.043064405119295,1.982178643973746
1.9237407281668901,-2.0097394810641616,1.9847345423240716,-1.985040011695555,1.968820155983368
2.0041672675487545,-2.0166690027803833,1.9834250305850243,-1.9959818837018486,2.0020261471158505
2.0380587019525818,-2.0060321517064916,1.9825057325438498,-2.0090403722543613,1.9642667941579504
1.9820044453216665,-1.8984420643463384,1.9543660619652066,-2.0139328166939654,1.9806255668365156
1.98764141938778,-2.0165619654439197,2.01396200506105,-2.08550875506959,2.0518585736266
2.03162913998211,-2.062143579303157,1.8865461363523799,-2.0488536073070702,1.987866676928644
2.1290145949345387,-1.9728371517512864,1.909620517540927,-2.0344827752450474,1.9973393781863509
2.0126841777149047,-2.065737443015521,1.9932504886011468,-2.035881956880527,1.9448120718698843
2.0129797823349476,-1.961306141327859,2.042052063848081,-1.9712806824433062,1.975131523342987
2.0357274880731753,-1.9845472780947857,2.006697094147601,-2.03058465608509,1.9751561936329236
2.0036943468062276,-1.8780062766507248,2.0150621240045696,-2.0305594251125143,1.9583805277515278
1.97541166936719,-1.8911353276225467,1.980037167702702,-1.9546564732694858,1.9812035877264322
2.0130592270639815,-1.9604127362995638,1.9714048575095038,-2.0320555827076383,2.0829434847227666
2.04922964474479,-1.9604663840654637,2.039363814656146,-1.9770212255844468,2.1008887906587534
2.002195415093858,-1.971136881639954,1.9274543535702993,-2.0412480343295623,1.939959050008248
2.0637031791758074,-2.1276270076010375,1.9798844988623638,-2.149685330133031,1.9584356052259055
1.9754525525134068,-1.9307564453102979,2.019831396961073,-2.041657076166448,2.0532981859865913
2.000891612726488,-1.9981216570646374,1.9398664246114004,-2.0495006856951568,1.9587451350027238
2.0023230636577094,-1.9961057136509663,2.077204633176202,-1.9807472416031082,1.8646217153163946
2.0131320993935846,-2.072500817808377,1.9517014537694233,-2.0406084735863166,1.9668330838243848
1.9312425303979848,-1.9898258998273857,1.9294598857454521,-1.9821666196375076,2.1118485538530813
1.9335320470532968,-2.0142255152169612,1.8738271318743764,-2.0150467646485066,2.032135857631574
2.0360319615678635,-1.9961318134857953,2.0444631712379486,-1.8726972732028604,2.08561523437188
1.9738739535295182,-2.072555199323337,1.9796924291713098,-2.0473491382808673,2.022567377393232
1.9409403230285251,-2.003641121629517,2.0419007027268155,-2.005034793640859,1.9526843088626102
2.058740702879285,-2.0939490472376914,1.9836102472061268,-2.002083001169067,2.0007954329199817
2.009024802803904,-1.9694780090095254,1.9982296280477325,-2.018402914107184,1.979620532767015
1.9694242098980823,-1.9606228337836566,1.9676735760261743,-1.9576614445495877,2.0009499541129934
1.9739372596571936,-1.9690796392127932,1.963627303763844,-1.9680907979635893,2.010636306059589
1.970183765545404,-1.973568259233272,2.0273294862844318,-1.9421240197095022,2.048307350620465
2.024563701036314,-2.056379547560438,2.1224293494087028,-2.0701808105535906,2.0474631587141157
2.0215641908443147,-2.0587071186240555,1.993784953056075,-2.003937644312232,2.0652791357905262
1.9643344549859894,-2.0130972503212177,1.8831965197489369,-1.9132618603438212,1.9464765878489965
2.016345543211959,-2.0050703914860932,1.995099951660833,-1.9595069007564563,2.083563123015182
2.0125746834970997,-1.9672460991184737,2.016444576836352,-1.9491234288034687,1.9768541810256837
2.0537695277208208,-1.9444750067176308,2.0541268504341454,-2.033007393366824,1.9915831182881405
2.011973349439022,-2.0685421022414503,2.0797460104043006,-2.000613826675109,2.014196394380236
1.9711497780136398,-2.066343877968351,1.9697985057262615,-1.9890397906183206,2.0336714406376846
2.008089577030136,-1.9826637991879026,1.9831486812659311,-1.9751875716877285,2.074141643319295
2.0352394721219493,-1.9595229055873529,2.0147008199653316,-2.07515775347998,1.9477666734684378
2.0227437900331924,-2.0005469525980044,2.0219921443236415,-1.9161788291077964,2.0363017999614668
2.062944310287141,-1.9952659305264635,1.959639216125778,-2.002893307960717,1.959762409314043
2.0779147478386224,-1.9604804461732266,2.026025624831414,-1.9382028398885949,1.8989971792738387
2.029406897567133,-2.0655322892152186,1.999637215076717,-2.015585379623361,2.0330868306048475
2.0114093644480477,-1.9327441413194106,1.9699051419533693,-1.9645442805183357,2.008111160844942
1.9182354864964224,-2.0459308229261515,1.9925060983238916,-1.9443853775054136,2.0231861528778556
1.9416249588059642,-2.007015811402358,2.1008903224396516,-1.994438833257957,1.9836337212463802
2.024586982037811,-1.9618303460209014,1.9771915826259971,-1.974871261281428,1.9835555251664596
2.035966380091472,-1.9915153421014358,2.0240983913526445,-2.0379591773083754,1.958935680796357
2.0472748652329695,-2.0039698190692747,2.014251737104968,-2.015319771354326,2.044936338700682
1.969609500998517,-2.006780061995044,2.0392996406351567,-1.9413516150417867,1.973812035448666
2.097984199097794,-1.9843379153153191,1.947853586909563,-1.9815473975705016,1.980850039275827
2.021703424359159,-2.002142812383017,2.003713684509507,-2.045579668829307,2.049503061535818
1.9421936316424484,-2.05543824477025,2.0183680174573744,-1.9198577876411016,1.9823703451467796
2.035048616135198,-1.9463329911568228,2.0407342218647035,-2.015560414458684,1.9454476641402962
1.8896226217164322,-2.01314202497312,2.0589043684281085,-2.056208299238097,2.0350104923759385
1.9524923734974065,-1.994696371180658,2.0353895807077507,-2.0329747718419213,2.0085242340348457
1.9792454331637335,-1.9647425670530911,2.0117658584242317,-1.9971746162785367,2.077917498007099
2.033115307118415,-2.0345175933063144,1.9957068049601119,-2.003794939253983,2.004015978631261
2.126225463830375,-1.9814574053644503,1.8982048714947612,-2.027139948585848,1.9033813956252095
1.983510087147708,-2.0993655114863214,1.9564204764465787,-2.076036076481706,2.019208008898374
2.000026968131444,-1.9848518846250633,1.9947724305715737,-2.0697148875102207,2.0256760684627366
2.0961112280134726,-1.9795393710696727,1.9787037700341217,-2.0714033588052723,1.9545966514620017
2.022651982828603,-1.9463440986600313,2.0130433087360986,-1.9600056355147009,2.035383912201362
2.025326719569296,-2.032923679763063,2.008696175598758,-2.042418890194107,2.000871447647905
2.0165431765533457,-1.9160608096306573,1.9345134012816183,-1.9759246184504347,2.0740618295811797
2.0379423882919396,-1.958352727858748,2.0293847450933904,-1.935083275511229,1.9456260915943817
1.9307036667014876,-2.000316707023263,1.8919418948214144,-1.9384677097910994,2.061035759774772
1.9783324722457736,-2.0185385298330254,1.9963826262424664,-1.997398967478019,2.0063586959597144
2.027911605343915,-2.008631317650424,2.04715966517389,-1.9777026111437348,1.9696518277063682
2.066755633390205,-2.0679128493061243,1.9953917094589262,-1.9516541299462267,1.9638463447543928
2.0154777823383574,-1.9728330201500477,1.9569738066009381,-2.0036238859797018,1.9921748084895394
1.9724131074083853,-1.8849162573974612,1.9618446823277262,-1.9497534852966059,1.980359949155943
1.9456681905557358,-1.9948592878422466,2.032454669219375,-1.9539745212467161,2.0781132555327533
2.147262314496755,-1.9874742898122202,1.9668453913087307,-1.9773562836602554,1.9866893524796754
2.0462983064926115,-2.064858214818286,2.118416727120022,-1.9571975952612244,1.9157997991101918
1.9645485548842514,-1.959195947794303,2.058817202808573,-2.0636118813615982,2.0356512925216474
1.902633006366904,-2.0044667932735525,2.05560234210516,-2.027575786505149,1.9246538850430994
2.007310739818878,-2.030235943331774,2.031477918303292,-2.044266321610903,1.961368155517345
1.8989498839561878,-1.991502764447426,1.99195475308617,-2.0594192335370036,2.0096899356883546
2.051353515032207,-2.0107783971709474,2.0134083474910986,-1.9863344375207417,1.939783508641052
2.1028292910353796,-2.023542491506114,2.0328058100930138,-1.9615392361385475,1.9930202436442124
2.0303397512529817,-1.9877090389091805,1.9291180121386298,-2.0166136350625044,1.9693724548822968
1.9769127479326936,-2.065200158891832,2.0563216858373017,-1.9199003672693293,2.0489001487999206
2.063526461207357,-2.017231741850408,1.9681871582506982,-2.0389293523405856,2.032203246147861
2.0113531526572075,-2.0038610855799215,2.0647574272097673,-1.9797529323092329,1.9580671181239708
1.9659545585432152,-1.9659003350372928,2.0520866426327298,-1.9724159883872014,2.094844437393604
2.081750358286571,-1.9779482082574618,1.9580709670259249,-2.0654993755865885,1.9806309127492643
2.0376606723208077,-1.9086676460344032,2.02087235172054,-1.9415638602884382,1.9877346256906099
2.0311384562613775,-1.9588321585261415,1.9010202862073735,-2.0206719401188256,2.0474850192138936
2.0137234167818283,-2.0598257524075465,1.8784938812136323,-2.0182890372651,1.996420715355306
1.9558038525085828,-1.9928457531486004,2.025319337361645,-1.9664656414636883,1.882204053753384
1.934285745109594,-2.0152311324177368,2.028608656551873,-1.9755382993224981,2.0235934973938337
1.9808291029015535,-2.016381671865498,1.963583536578913,-1.9615902935947076,1.9539755606130211
2.0425018197594786,-1.9896073380931176,1.9977477760772424,-2.0328355199888235,1.9322229069417938
1.9676173621810977,-2.0165003434312445,1.8815487844209375,-2.009867757766733,2.0462178684013
2.028360895271694,-2.0248102937870756,2.0023468149207613,-2.0278082284711,2.0074380366667848
2.0770053911872015,-1.9515750598687562,2.0260397152846377,-2.0246442456191858,2.037496919647242
1.9156561524313473,-2.0126176740995447,2.0291855709911975,-1.9629789392976125,2.033494224510787
2.0147415344604847,-2.009786248954194,2.0268987984913243,-2.047643052029315,1.9577661368353374
2.003086733823015,-1.9913401178645627,1.9087192410717677,-1.977242680952524,2.03863641889597
1.9961357381266853,-1.8812766858358003,1.9658532446842407,-2.0180543581693433,1.9802466546936395
1.996190619435449,-2.0164362406483147,1.9296594727697565,-2.0273274148118237,1.9951189652112962
2.0614286041031,-1.8898878363313543,2.066773694892533,-2.0387689514836302,1.9652095194686918
1.9920335711245325,-1.9107720555573207,1.9917287973909052,-2.0663753745268716,1.9749411431523483
2.037852800090971,-1.9655029861551956,1.9899891666754173,-1.9658292663219985,1.8863413898726584
2.005191461751635,-1.9569657289315685,1.9583568362422732,-2.0418169268248145,1.9066775923618262
2.0794947797405348,-2.0360076988510785,2.0120521638931055,-1.9698041479258313,2.0756033974570727
1.9923051113007182,-2.026971489688921,2.0086533824285278,-1.9357959861728857,1.9914913734299609
1.9522565459207961,-2.077037890415768,1.9389351307697387,-1.9567804251296668,1.9839687761846594
1.9696239545039644,-2.035798361159197,2.0042522930100093,-2.011972754688279,1.9863433928140373
2.0674661963905367,-1.9230991859069184,1.9194989163545502,-1.9836203634428522,1.9611568950689304
1.9875874443069452,-1.9845360807436654,1.989364004153454,-1.9884770059686183,2.033648510301596
2.014728840027016,-2.032341815208381,1.9685400196514837,-2.071985264830902,1.9573039851239642
2.0981034180949263,-2.039600178704762,1.940331059377809,-1.9840036069077613,1.994481762035407
1.9902203381575387,-1.9295477016793956,2.027456333777918,-2.0264996465851737,1.978776204120411
1.9748706743047157,-1.956263018920987,1.984592618527343,-2.0896576751227074,1.9975840160632827
1.9231486999436036,-1.890788469912255,1.9517166043076384,-2.0080932382678864,2.012910136735057
1.9855670919660384,-2.01450152007331,2.021091364308044,-1.9236892020601861,2.0383754540908647
2.073925693928677,-2.052330955404675,2.015868131662768,-1.9922376973970861,2.0175545645838366
2.0688115985317785,-2.011039457489603,1.9797248316722955,-1.9733009601290668,1.9110898636217075
1.988157397543891,-2.006709884464273,1.9539820691846537,-1.9471470494321712,1.9468879841328357
1.9932063475818103,-1.9853421387338517,2.067672578073806,-2.0005278217440425,2.0468076797064105
2.0350297698638564,-1.993827122191543,1.9455243295863272,-2.0717290430452175,2.0053252700709594
1.9728651563048694,-1.9540369454159354,2.0372928259049288,-2.0092305497218526,1.9421143538029366
2.025536777480364,-2.0508974723067577,1.9620768038534568,-2.0489707869107576,1.9930749489030024
2.058509616703528,-2.0002520435111766,1.9778390653786153,-2.0762807465022624,2.027606229236492
1.9609797697035687,-1.994124119042095,1.982289069204168,-1.9580911390200282,1.9921381803985725
1.9970536822738474,-1.9757126426272271,2.105347009113159,-1.9555776534820724,1.9955696946825696
2.0001598995307646,-2.0262429730162217,1.9525002148240151,-2.027637539353316,1.9613925518144029
2.032668419189794,-2.0535597428934493,2.066660528069002,-1.9623976808190584,2.0010250864683834
2.0000159305732534,-2.0278640654807276,2.013504220567388,-1.9455953768395706,1.9648421768872093
1.9233303955540635,-1.9648390872571628,2.01621829871219,-2.056009940072059,1.963330431454294
1.957044786297493,-2.0362266134517126,1.9838158622979407,-2.0133273652140375,1.967460317246577
1.9620918090250037,-2.011439217195969,2.008384576742978,-2.015814826818242,2.057933351167065
2.0254043857210395,-2.079542292842935,2.0261863882706925,-1.9697228008707208,1.9782632515937904
1.9252401206348422,-1.9995966620294432,1.9996145674258878,-2.0560823118266596,1.9274390391870033
1.995622322677328,-2.011653859602541,1.9791367317338804,-2.004170536737328,1.944861181308984
1.9782589693566943,-1.9733337484692826,1.9825014959824356,-2.0835986235896278,1.9763653861138215
1.946492076824657,-1.9866431851769135,2.015941870169021,-2.0829387312543015,2.0379506485291095
1.9443906849360721,-1.9220408854758824,1.9975611867749692,-2.0623196749269583,1.942900696465366
2.0174047645893673,-2.0195649944949188,1.995167304519093,-1.9193609883651481,1.9650377967885462
2.002998142884785,-1.9290077756313473,2.01352567377332,-2.0803301367679,2.025269450586607
1.9418498571108278,-1.9296596235633516,1.9588566197501012,-1.8515245246127168,2.073368799416384
1.960169371518601,-1.9989993097499195,2.037682214081673,-1.9608169762886647,2.02211681299881
2.0626079518483054,-2.0061484473317184,1.9816641165711983,-2.0173431993962305,2.0429186615986064
2.0182590520151322,-1.985435816715487,2.0397617124628593,-2.102552620392693,2.0155034411937574
2.0109284444436857,-1.9165595959349648,1.9235706008868165,-1.9221406683811622,2.003770456446233
2.024449476533002,-1.9162040606195312,2.028038063400279,-1.9799815855268719,2.012114559290116
1.9758260932502811,-2.0014244562255197,1.9642243616938626,-2.002228344971274,1.8832034651472451
2.0214519783783773,-2.0060868626891812,1.9831898131666619,-1.9890120958029929,1.928321803851728
2.096463499831064,-2.00513837307438,1.9927077783513905,-2.048269810506646,2.001197319122463
2.069347994513664,-1.9482041895283984,2.0427218875570277,-1.9726800524166364,1.9820728736218696
1.927491841648165,-2.0100519385933318,1.9882064267733162,-1.947560278016438,2.015469522122991
2.0806155763951772,-1.9401255729980913,1.9771752195247951,-2.0897564598309932,2.069278761697074
2.067969261161537,-2.0683105795451113,2.075462000991375,-1.980894141470374,2.0080342749062825
2.0807391627123666,-1.9327657413384693,2.0325665475997603,-1.976339146709401,2.030819714526518
1.9799971283058737,-2.002755072486616,1.954884142270273,-2.016651988786946,1.9816683060665534
1.9682347315189168,-1.9931626748675768,1.983800957464971,-1.9748882639824012,1.9188839693353117
1.994332260294635,-1.9934224179911253,1.984468538008156,-2.0086196349904615,1.920737699463507
2.0178238552334746,-1.9676197008716465,2.0246768647101883,-1.948063647027891,2.010076480289125
2.023934059032547,-1.9921954630771574,2.034377535979625,-2.078861481806606,1.9553209516010994
2.0793449828516546,-2.12302179110481,1.9929911035087329,-1.9413862520195966,1.9953369667229117
1.9797494464274652,-1.9935289161592349,1.9823439909998777,-1.998457525362153,1.9658309481739935
2.055433720997786,-1.928836753946717,1.9933304838944188,-2.069324471034562,1.9738078414843303
1.9908005669948519,-1.9747230561548397,1.949599338841466,-2.0384581159321074,2.0255338068929403
2.046945441601978,-2.031079702258534,1.9333391473024502,-1.8357940899356058,2.039165211854436
1.9866498119116485,-1.956548436223458,1.9937771685142789,-1.9566421555449907,2.0079696598888113
2.0045635949083787,-2.0056790934115396,1.9276309333268455,-1.903095255030343,1.9529233039866127
1.9319988211844703,-2.0106429941378186,1.9519264093244746,-2.0025856395280135,2.0343881924280884
2.0497651450264613,-1.959263463918916,1.984718397260716,-1.9975204086169207,2.0203939525448744
1.9121106288028964,-1.971470764994007,1.9271350356208083,-1.8979826700546756,1.9797742457679153
1.9907562411402704,-2.038485354961893,1.9685014984072156,-1.886295321542838,2.047018484431165
1.9225398777426081,-1.9247893549657384,2.0596621137570716,-2.0140606231144145,2.015334847101492
1.9992527960289463,-1.9013710047776533,1.9601854905503955,-1.9926994695112137,1.9785927334503597
1.9283479797691072,-1.8904180872472507,1.9409216710448793,-1.9889935406256112,1.9129649696809832
1.9800464730378453,-1.9789015589283272,1.958763301024882,-1.9706599074632172,1.9865479454055959
2.058004125619931,-1.9319119543329888,1.9706627619634993,-1.996163357030352,2.0091727113236115
2.030967464771735,-1.9992809001877867,2.009510547967142,-2.012170323739756,2.005761993348601
2.0648970096767565,-1.9676958379394074,2.0350627819721683,-1.963846483793221,1.9923095611059483
2.0159413521789764,-2.054258683916787,2.063440382815848,-2.139148021617161,1.9956425803832287
2.057044798857514,-2.068193396681467,2.0199889958808424,-2.0340383223289513,1.9815598367405565
2.047297048031972,-1.9900971537057426,1.8982822066057818,-2.04882127698658,2.048766786744438
2.02244713590965,-1.9125932213737857,2.084132379700665,-2.0171122565073394,2.1251618902534744
2.0012239834925953,-2.0481334267204514,1.9683180067044712,-2.112836255264471,2.080350950412464
2.079738099452193,-2.050775371940666,1.9886057855809047,-1.995219622794371,1.9519823473928943
1.912244898436442,-2.0105178801888455,1.9839460285270376,-2.0194205620494388,2.011135803130048
2.0714759829262994,-2.015154635984586,2.008522149936068,-1.963656473812753,2.0277071463256373
1.969278823777608,-1.9951811438442981,2.0273769910084525,-2.0564175668755387,2.0631769505398254
2.0715794452607055,-2.0361390127722245,2.0096835009174083,-1.9678860871664483,1.9727192921835623
2.0240806922844046,-1.9918372186853917,1.92660409111806,-1.977041934201072,1.9449928791864481
2.0469601425831025,-2.0335605537566943,1.9919357283169428,-1.9313860543276713,2.0248190823264425
1.9460263040212726,-2.050745828539954,1.9700348605688138,-1.9802677958321666,2.0179149907466383
1.9578448847668566,-2.0583604742807178,2.0140791702542917,-2.0090930032895082,2.107860794372387
2.001830182828154,-1.9092873586149863,1.941480820094783,-2.0786606469780855,1.9439957433737232
2.0594564890726734,-1.9121949205153232,1.9608910273023683,-2.0230283014879777,1.941550954489375
1.9094180076440805,-1.9640794151111685,2.011151015148108,-1.9994756008663062,1.929997173141831
2.081997834091433,-2.0251678369024737,2.0266813212408237,-2.072728070262236,1.990473740518998
2.014568722811929,-1.9836462390973346,2.007732427161831,-1.9752738753975614,1.943473977198352
2.009868630271983,-1.9943121158259862,2.011583634209753,-1.996382739134041,1.93633936130433
1.9341100123945514,-2.1107134092942275,2.040876725492265,-1.95861712451324,2.042177514561106
2.0153394981230726,-2.1066559608859055,1.9486644754107367,-1.9914792291203445,2.0067759001395897
1.988862589342399,-1.9815541398545877,2.0005825853842625,-1.9939614767224318,1.968046733358399
2.0491005493060794,-2.021538580434019,1.9334675458489687,-2.0385499506409364,1.9825766904319009
2.049700139418442,-2.0021133999217398,1.9906925890517175,-2.062433171238131,2.0392741294914787
1.9674023922988306,-2.005001392947067,2.0740091538440932,-1.9745618334475348,1.9185872976142413
1.9115244881823763,-2.0032155225059625,1.9393629692562597,-1.96757266261835,2.002113153248249
2.0082692384511933,-2.0353371590821174,2.0870691827643353,-1.857870313599477,1.9860707638121642
2.01765196242075,-1.9951291328467844,1.9870156568279467,-2.0416035233866396,1.945751600625976
1.9432201367237238,-1.9797379987225427,1.9740162760898183,-2.1289146425070267,2.0222429110299163
1.9980869358767923,-1.9326663499299428,2.0186561198545503,-2.073933679815515,1.888516167963501
1.964026380783103,-2.031255371034683,2.0471579600500083,-2.0004435466144788,2.0566844249049256
1.9337583472148683,-1.9517367807809776,2.0360494576715458,-2.10091170557156,2.066130892063039
2.0046729245883177,-1.9803977748065746,1.9567551943785788,-1.9362376493539013,1.9407073835380566
2.0416046009186974,-1.9589696262045664,1.9512916285913888,-1.9008313200288713,2.011576424010876
2.0326946305135514,-2.0763560397667877,2.105886500150428,-2.0612278470112546,2.0512443216382965
1.9502614141034151,-2.030949440142384,2.0394377021942725,-1.9486223643162421,1.9364357875442948
2.0545236084528495,-1.9477509752433404,1.9531023295577554,-1.9200676203204445,1.9271571185875982
1.9687613708611191,-1.9760498687954005,1.9573216857648696,-1.986809045716033,2.012053803940165
1.9906462865038639,-1.958379973070472,1.988581960367118,-1.9884229465593097,2.0573235938743952
2.039534310501292,-1.9606991354592895,1.942541019889161,-1.9737603712249339,1.9560750604515247
1.9359292510110986,-2.0035853173142484,1.9547852406674204,-1.960469114058001,2.0407267729847662
1.9048686881784278,-2.0414151269788445,1.9270106664041,-2.0231314638296447,2.0227587834934413
1.9878855950910805,-2.0294879620333566,2.065008826340657,-2.1152428586298146,2.0618435946759113
1.9727855853422258,-2.0039054505056395,1.9736318331139946,-1.9228555947230441,1.938451075159737
2.000586818486097,-1.9736280674070001,1.9194498616057416,-2.0459949085223075,1.9925910733250884
1.9556667482657812,-2.0407795885609574,1.982506866846178,-1.9675209334176913,1.9828641111560927
2.0539213097236475,-2.0498878891329677,1.9374038869763273,-1.9036827297139434,1.9671020936167245
1.934454399646392,-2.0871026970885915,2.053755172690447,-2.017065225733003,1.98731451324668
1.992039914420668,-1.949352855766511,1.991023508301204,-1.8827973110583687,2.0066880287027113
2.053089238347916,-1.9597380071047796,1.998177633987098,-2.029348549301023,2.0165981964283275
2.0255049365603637,-2.028629302406326,2.0083169432975327,-1.9381897510870203,2.103497386953484
2.042718466017471,-1.906862015680986,1.9685312894396771,-1.9649058873970353,2.0669259754290636
1.9551833333514002,-2.0242795056022507,2.0868952380917625,-2.0487549427893468,1.9329434983672145
2.0763990786819755,-1.940161838750978,2.0216060121991886,-2.0022855377322912,1.978073774719751
2.0140974436904524,-1.9210096521299225,2.011928306307104,-1.8916520366376517,1.9551029007179885
1.9990159622835866,-2.018652933383196,1.9457429228418834,-2.0076541866504827,2.020866465083022
2.0262115089976014,-1.8914773910527722,2.023223373486178,-1.942493159816019,2.0033047123149488
2.0839027800226297,-1.8800775357205965,2.0265542565487973,-2.0496329507725792,1.9725597488611415
2.014096715160258,-1.9771750982374676,2.0349212567192185,-1.976990115938498,2.0003492458127967
1.9681900779398935,-1.9799430869367884,2.092749367874033,-1.9490035697286123,2.02673519748181
2.0514783461911374,-2.0185532014450427,1.974586742695834,-2.037389255218299,1.9937356688615282
1.978899705164546,-1.939586262967393,1.9762338291158905,-2.0401360858112456,2.097128858941532
1.9774312384459327,-1.9923235771374825,2.0225661412371707,-2.056834655946041,2.0617741884751535
2.0318559520205612,-1.922080799405961,1.966038903139095,-1.995043710376192,2.00196778774971
2.013194424717501,-2.072730737428858,2.0055418189346113,-2.0713231955711873,2.017916703559846
1.893567543774074,-2.0925793417145293,2.0409274358219998,-2.027341922759739,1.950607096318388
2.0635422810537776,-1.9836186891335792,2.043604509776689,-2.0083121036160416,2.1339814346950003
1.9697743069720102,-1.9127752225320056,1.9969316979950043,-2.082725519745637,2.0241424372874053
2.015738128072758,-2.0525660907119616,1.9538890361432641,-2.00123488215425,2.017487390762399
1.87646683585603,-1.9473439273738098,1.975275101309251,-2.066587374219909,2.0470533275725966
1.9988191010290772,-1.9391917111608872,2.0218976131489876,-2.0000757251474024,1.9923635027509923
2.024135638027807,-2.0206765629404666,1.957371370562675,-1.9695045438672678,1.9927756079277785
2.0016783824034503,-1.9455310081922697,1.994306169613213,-1.9992483037229105,1.9700175244274534
2.0215369966990924,-1.9825086043659956,2.045038756589528,-2.028956441850344,1.9771091515204908
2.0396068699572734,-1.9873893498318569,1.9546890936903654,-1.934672296613275,1.9150774715799874
2.0392142376631877,-2.06326060179991,2.094289425824276,-2.077229986345281,2.0576125325936374
1.9959182819994379,-2.0183301284919373,2.0092698328233882,-1.9684049830421093,1.9547799748834565
1.9592106137415715,-1.9675197567443556,1.91463285231752,-2.0292114546596043,2.152034347707972
1.951599351770536,-1.9426098604120123,1.9707024615643094,-1.9745477427601428,2.032717784529811
2.056447836759147,-2.0100126913406386,2.099444231937743,-2.029466828229259,2.011711020679978
2.0122638466108804,-2.0560984059974707,1.9857063872510439,-1.9919243250380796,1.978393947843529
2.1220461982728267,-2.0419311836799765,2.0589712234070214,-1.9571770093425607,1.9993068932747864
1.9567395473073876,-2.0384127660195883,1.9741016350391745,-2.0892870640973134,1.9498267287100355
1.9258761742318178,-1.932706249841114,2.030923119619411,-1.960701295056727,2.0294415975770974
2.008348381166708,-1.926965983393543,1.9694618672134132,-1.9946665172316478,2.037352941391206
1.9339395384071936,-1.8451705551928725,2.001428288138879,-1.9929005274712204,2.0628439015837463
2.045747766650511,-1.998096099030177,2.006506471904902,-2.075207426547399,1.9721767111075013
2.025860510807948,-1.9778053580478556,2.061058287500204,-2.0060250529111663,1.9306356743284567
2.052836521538784,-1.9281955326908993,2.0449122286428114,-2.0081816835428747,2.052219302593829
2.1714455239004105,-1.9942423842779762,1.9344131653877437,-2.0293142524776075,2.0312738000152026
1.9197597844550969,-1.9915298462543964,2.0190168325157942,-1.9232439130093675,2.065509742802715
2.0432292395875886,-2.1081339505257266,2.0460526564023964,-1.9647243306969877,2.012797218853917
1.9134888936927257,-2.038838695459353,1.9416588615232966,-2.1007504219753543,1.9998542424292602
1.960108893927861,-1.8687347209865544,1.9915614030281046,-1.935312342206702,1.9215450487653387
1.9734955206997564,-1.9951551061982842,1.9545923025696166,-2.021110034240237,1.989102454687823
1.9883046007277554,-1.9072440713482326,2.0189113142715756,-1.9760244718529347,2.0269827387172534
2.0306313188668557,-2.0041443491937434,1.9839626814260576,-1.9916591970240862,2.0578401974456737
2.056311909421819,-2.0120199237844205,2.0383921847334054,-2.0097292331519836,2.001693527471762
1.9763238309222901,-2.0090822569453115,2.067066503477484,-1.9953789426330382,2.006764125427616
1.927639111037102,-2.0154621953816365,1.9879342548127636,-2.0414571742721703,2.001083270585178
1.9785408854886173,-1.996000207237821,2.006075150490947,-2.0477877178911323,1.9800649108758406
2.003868714138042,-1.9407850284421637,2.012835958639787,-2.0330967589958715,2.0199502379621928
2.085377444466088,-1.9541646763705491,2.027376326521781,-1.9637204912258839,2.0719977020714317
2.053781339700883,-1.9716619809441172,2.053432110979504,-2.054082554813203,1.9248867373829859
2.0078549325321915,-1.9965659645174731,1.972804497324337,-1.9587073665086145,1.9068568206774381
1.9732613871971099,-2.0242477772438807,1.918184910745027,-1.9252634496365348,1.932039936566834
1.9705829971346156,-1.9546010121097432,2.0323022671714366,-2.0554087348242374,2.034124460463032
2.014489223932911,-1.8833482218944266,2.020197020803415,-2.0070620910534265,1.9571749021440288
1.9627878316522214,-2.041288454773408,2.0685549406955963,-1.9991015042491764,2.0282623561987365
2.0757123799990445,-2.117923207110373,2.063943688235019,-1.9972301544108333,2.021752418582022
1.9585798389125875,-2.037756219922426,2.0244422944906493,-1.8807701099834264,2.050165665640745
2.063276146070927,-2.009600063513071,1.9699897887707185,-2.0390402475789497,1.9755863137651657
1.8973608783414737,-2.03624596714458,1.9719823421970077,-2.008767908719742,2.0065875054873645
2.0181225434312804,-2.000746268622148,1.970927845682862,-2.098167932163276,1.9712345695799103
1.9513774681156497,-1.9766966625860698,2.0454643698346846,-1.953071446647003,2.037847636806391
1.9933237132273756,-2.026097778273795,1.9626448623166466,-2.0753749458300876,2.049592685025393
1.9912644481035013,-2.0623170146810437,1.9586754312144883,-2.0433486728216277,2.002151224250756
2.0533733925535342,-2.017399477479779,1.8873733242608175,-2.009459016757946,1.9921903049951402
1.988753988453224,-2.0313730583237852,2.010871954036292,-1.9966929442425498,1.9987584842936676
2.0206320680721483,-2.0214916411573927,1.9756707165149674,-1.93099383552073,2.027967770485772
2.04134730304714,-1.9386947707332967,2.02629720903124,-1.9535805660431915,1.921032741896487
2.0102076935998014,-2.0091359230907164,2.0838842045449906,-1.953617723409835,1.968477740460341
2.0186397079264604,-1.991615933327538,2.0227165716576114,-2.0509421234687326,2.0180008232619113
1.9885924325355884,-1.98587751179722,1.9637807417438915,-2.02925315856983,2.058692101018335
1.947422622082992,-2.0488877200521025,1.997420937139221,-2.0385945187592975,1.95574856838686
2.005253798560415,-2.0752532928451854,1.949601888254318,-1.8972952208538179,2.0229737529484506
1.9626718323865044,-1.9790892460866902,2.0283665238493316,-1.9502792789954881,1.9936421985271635
2.0488248851386444,-2.1019223262441087,1.9471845934762124,-1.9918064299131772,2.0164816766403897
1.9544108856165678,-1.987029000436842,1.968807987565637,-2.013847954711358,2.0512386900332507
2.04544687484443,-2.049853016368163,1.947137426898995,-2.0205586697776656,1.9986626849413538
1.967105075571263,-1.9479678778600167,2.017369492085428,-1.9796957445062786,1.9366730585527514
2.058364535869189,-2.1410084411120347,2.0417027725924686,-1.9532844131164615,1.978379940636102
2.0636455108623712,-2.0031548776477175,2.003121585166372,-1.9830235606297892,2.1593287455905528
2.0672216954041502,-1.9649434399643542,1.9543597756699402,-1.9928205087260253,1.9593437953076807
2.0411055423641407,-1.9929766512132572,1.9437739160193053,-1.9959437708290748,1.9575291265141848
2.0075608110668774,-2.0429538658182627,2.0013743816680405,-1.9624765069032453,1.9973474004037446
1.9804555866413807,-1.9898361889471268,2.0348591310396427,-2.055359163494088,2.01303280773526
2.0658770409508698,-1.9713171518361643,2.0028877073333615,-1.9680131246650552,2.0226248228051342
2.0376800554579906,-2.1011965805491473,1.9223271933168367,-1.9497585425258381,1.9247360411919279
2.0200769317859604,-2.017602482801615,1.9501905377202002,-1.9825175121426264,2.0100516751858284
2.105517132604819,-2.0312405602267947,2.0720055060034586,-1.9823788542807843,1.9669489059228644
2.039962322875862,-1.9717130747773024,2.0017921647429024,-1.9866852321779689,1.9701506484477234
1.9587106437372745,-1.962027891308871,1.9888030287843363,-2.0040041499124546,2.013991079797214
2.0132644172391903,-2.0714663235487034,2.064312604322743,-1.9939408924049662,1.9898673368588926
2.021542300258487,-1.9881728903192568,2.038353134474485,-1.973100816392453,2.0358923114498135
2.0675496952863757,-1.9558187725514513,1.9919756889835718,-2.0561450578038416,2.0833898966502256
1.9881138313326443,-2.0236553706680263,1.913163659111778,-1.9830763447343944,2.0074443301976883
1.924244253187526,-1.9773362978933413,1.975090403964928,-1.8654842496355653,1.9715319403954565
1.9782403333901104,-2.0437388112127186,2.0638938260520985,-2.0186387897232376,1.9637542923117253
2.0353477504960273,-2.0690176467706594,2.0312555273124473,-1.9109300141699572,2.0283303916417545
2.0318949158129964,-1.9564969891546258,2.085485401433776,-1.9395053019990447,2.021983486113651
2.0451945700318,-2.0442967462732557,2.0388146795373663,-2.0502777985591876,1.9816488790684186
1.845871891242838,-1.979928517031627,1.9678063994445825,-1.944442739239777,2.01950963053027
2.0562047947350814,-2.054179827233627,2.0519193018579815,-1.8947071827818336,2.038207914996595
2.0395174504346145,-1.9915201161802532,1.9737665609717319,-1.9619403813649245,1.9246958544798967
1.9791122437539592,-2.088552840116859,1.9648171811342459,-1.967897745405322,2.025269668811023
2.0025456847767735,-1.9914799502968994,1.9057067691067895,-2.018628114028546,1.9659324196782395
1.967047015474273,-1.9700210686093123,1.9569746336747345,-2.0302340425063705,1.8956465377145242
1.9852938409811915,-2.054391877385681,2.003960146434482,-2.047555402337123,2.0052271122774608
1.9927657119628828,-1.916397911347884,2.0248608990226598,-2.091981893628115,1.9367555577948645
2.0027604004496165,-2.0464923974196325,1.8515815784882075,-1.9325226843083128,2.0360112008452704
2.0260488436745887,-2.0303661522735457,2.0213838385504963,-2.035218016211044,2.0102428650108846
1.9539708387081762,-1.9241855774721992,1.9214881672959079,-1.9383858085244585,2.0019457914008667
1.9755266502329005,-1.991649853915213,2.036667400358909,-1.9316626631652802,2.0156571511566765
1.955465195736886,-1.9972184938117106,2.090839661833119,-1.9326160957243688,2.0454381739062177
2.0397843510061193,-1.965027495469673,2.0579377417254934,-2.022831439286095,1.9322456967112498
2.003450175036853,-2.0408790793388847,1.9472489622311409,-2.0360139288293966,2.124265696226684
2.0068062317037922,-1.9819046081819507,1.9388818596497872,-2.0921876479396313,1.9590473678440596
2.0719097792604373,-1.983286226696174,2.0299297545722195,-1.963071698039897,1.970432531010086
2.0693982791986683,-2.031640379961109,2.0703116179631276,-1.977884892193233,1.910547742287684
1.9625995256699733,-2.089246926643605,2.0581641066397105,-2.00123677104012,1.888582878002511
2.018787344085983,-2.026858213119416,1.9258097072483338,-1.9161017081515652,2.005364293304829
1.9853284298843343,-2.0199712390493008,1.9243360265421114,-2.0652274449792056,2.064245839243754
1.976305856510714,-1.9988966149531568,1.8977834761899464,-2.065904601789775,2.0304906259937376
2.0188855880056917,-1.9123312400637842,2.0671478165815613,-2.011535548624241,2.0236476782356636
1.9841698278548463,-1.8972595090680675,2.05745073480262,-1.9915157454571124,2.0100197392438175
2.0722425143629906,-1.9710211076443076,2.077931400853504,-2.1096823963129436,2.02306141307494
1.9742282567659308,-1.9121811006186005,2.0773199343594912,-1.9983582095449346,2.0767815489405517
2.089155725999625,-1.9962796664036926,2.1235966886215927,-2.001567057633486,1.9892739524832046
2.043293629429217,-2.017689536557116,2.0042669887897446,-1.9295282787974546,2.0009609426108637
1.9152491103512346,-1.9816340306075402,1.9651853210473802,-1.9567364421352726,2.034809485791312
2.073570017408326,-1.9546233849603651,2.0545122141829033,-2.0334548380068855,2.040199324794525
2.0984225644680143,-2.0344324954318385,2.0899869145863548,-2.0274675045600663,1.9574014377475013
2.014810022167742,-1.9642044791935596,2.045587506198613,-2.04808812103866,2.0217270048627145
1.9657222714258247,-2.0744461128035288,1.9535631842233607,-2.037545018297791,2.0260797580176253
2.0576106831534333,-2.0736603314937634,2.017598053710403,-2.0588349092885454,2.0314542704507
1.9688634709498125,-2.052566450901164,2.039983225767379,-2.0293461302722546,1.984201802432365
1.8890005456221812,-1.9526724319288262,2.041045426058455,-1.9997271077859342,1.9236209529322121
2.060468458916738,-2.0333131693180397,1.9773323274949706,-1.8843977971820234,1.9648181777945386
2.037110498121325,-1.971895386895869,2.0195086096440042,-1.9858999728722744,2.01881942809446
2.013597029547027,-2.002595917938803,2.075564156205537,-2.0656330280399637,2.051072905200769
2.0411171149343774,-1.9650800439335299,2.0558489713820065,-2.00462996976342,1.9065512962086562
1.9963853670142757,-2.0495597108812276,1.9634070395070968,-2.062120983691621,1.9761327570778082
1.9701688153008274,-2.118878491496355,2.0350110955641143,-1.8889839070997558,2.0303118596748146
1.9898538021732886,-2.0027373197838108,1.9789507065993412,-1.9954979208066521,1.9981495952963384
1.9579475784800853,-1.9158555805526085,1.9256422882145114,-1.9640834228402877,1.9949401186341233
2.0950415907532873,-1.982956770037589,1.9820047231408375,-2.012385359921725,2.0019953347259882
1.94286046525018,-2.0383434762558954,1.9107528015404072,-2.046148844918705,2.0046953240830225
2.015008752464226,-2.09896648474982,1.99313941484779,-1.9718295024588934,1.9918543903311883
1.96831056771111,-2.0206080572524105,1.9729618322511389,-2.0318365279554027,2.0086911762622424
2.1153844113867724,-2.037184995845259,1.9840928683669286,-2.0025848969687616,1.9656322782820854
2.0549117901761713,-2.118544268665322,1.9734470414810663,-1.959084313184002,1.9852952845805683
1.9589580520574854,-1.9779621622780619,2.045317161769858,-1.989468227739247,1.9599389820093558
2.022810165957587,-2.0201024650137396,2.0372593440946916,-1.9258370557571705,1.8697211622155734
2.0055533736597817,-2.086786696847381,2.1220894292664885,-2.0234062266898096,2.0373186620912684
1.9982341570202553,-2.040154229035953,1.9538973476411288,-1.920716041344962,2.0477969030089156
2.097179204368878,-1.997227333242115,2.0143959810623002,-2.0133595782827642,1.9856458898442495
1.9479056533761316,-1.9957994904537824,1.96053767025569,-1.9779045538917899,2.0085005109490104
2.014384102183786,-1.9162435030154887,1.9981141025117204,-1.9621636498573285,2.102575473204279
2.0653308534647525,-1.9423415150772578,1.984665589223975,-1.98851784722161,1.934086185398503
2.024945720048221,-1.9862769911193079,2.001169256257809,-1.948640260587857,1.9396112588787802
2.0817431425580173,-1.9549117656029857,1.9964683010174014,-2.00743647939087,2.0240305607624296
2.076042561603189,-1.9949196140654994,2.0072015450989613,-1.9990940761187064,2.0891012056350737
1.9815558448531487,-2.0014753799309535,2.07317178271305,-1.9926494583193568,2.056852943002276
1.9544359971548522,-2.0102646260814256,2.0742217019220113,-2.033816985788177,1.9924350480115147
2.012834261544574,-2.049457725899649,1.979309494068905,-1.994368165908718,2.002334086708098
2.064017601041857,-1.9229271402583874,1.9571957563999545,-1.9944365740416254,2.0337124154212383
2.07581737328996,-1.9640754851341435,2.0145456700796167,-1.9666728734008685,2.033688441716813
1.9536142853857816,-1.9903600603746865,2.0729580497094346,-2.0103678384347003,2.0064723321273723
1.987874177523699,-2.1156929747803437,2.001029508861734,-1.9849104034673564,1.9743753304559548
1.9422681525557637,-2.0440303229890824,2.0382093808067783,-1.9013737613476547,2.0691216670452715
1.9327826997584725,-1.9572686344724648,1.9668418812095354,-2.029113353125439,1.9769012201014358
2.0353033474927713,-1.952037331177548,1.9950984464360106,-2.0040535370504013,2.0232131871617898
2.028399726976212,-1.9411887146620734,1.93578140122454,-1.9989986330097984,1.946598781205441
1.99745288604683,-2.011308764384038,1.997662527304865,-2.0399871444055266,1.9256355103396285
1.8952781236642549,-2.006559007713242,1.978449944708353,-2.0337968832401914,2.066127423141583
1.9570280906602344,-1.9291582958930598,2.0811921872134627,-2.0975450233394692,2.0046190729499487
1.9800151754582005,-2.145590197235863,1.9277679373465793,-1.9612531946445764,2.1009599626355633
2.0451339071349626,-1.983818376374351,1.9989333809184455,-1.9158668542675943,2.107411960097882
1.9706578660237908,-2.0999993280155147,1.8950906268364398,-1.93390595039201,1.9976470729612807
2.009162095522936,-2.089532549647836,1.9623405543605767,-2.014774040695039,2.0103919191682036
1.980070398054312,-2.0518663099150674,1.9607716503698738,-1.9395838357026383,2.012239230980175
2.0306078403477774,-2.0449436905438665,1.8523088257299687,-2.026155215344225,1.956671472278725
2.017450613431404,-1.835713814315908,2.0347583008809127,-1.8632019920308256,2.0284384847669723
1.9685056881213643,-1.9826041960939558,2.0890319299738853,-1.9085218701839382,1.971233131597846
2.012659184784965,-2.0714633439835572,2.0412334312345717,-1.9223322650472052,2.001989972705801
1.9666307972819936,-1.9819934524361218,2.0208729515681583,-1.995942808407519,2.0089357562167978
1.9913092574765314,-1.9502022535886796,2.0368113722582564,-2.0491551573572075,1.9494704698420702
1.9872812791486718,-1.963158143794741,2.007402870694541,-2.0321575205061326,2.0130759298362917
1.9834594740238864,-1.9559756769887935,2.0166529217533524,-2.015763909372607,2.011575938602323
2.06575240297621,-2.0284815038273187,2.020132849082358,-2.0035230170232996,2.021349184193105
1.9672717529202135,-1.9944832283420313,2.05539116412084,-2.0468503490623053,1.9335297448337458
1.9354272217756519,-2.0585331265100093,2.0297661643946334,-2.0702929842932734,1.9851052327628234
2.0309144651655355,-1.9791670469725704,1.9807220510018757,-1.9904538134122447,2.0053572664868784
1.9887879522225906,-2.010541735932729,2.111771371737848,-1.959534454803435,2.124032545875607
1.975151843353975,-2.0042483298444074,1.9333937117361677,-2.0404783401044786,2.095095657433125
1.9738982855079121,-1.9040359349927771,1.9378318869660054,-2.0526734517036638,1.982938438948829
1.9968125039160411,-1.9538456353774936,2.0225385208593134,-2.020815762867201,1.9933342096740947
1.984046854010765,-2.0457326867662866,1.9556018531699189,-1.9486058054283295,1.908591753603643
2.080867934872253,-2.0171497112801116,1.961374569680392,-1.9630120354651366,2.074260829207356
2.055881622080198,-1.9749073975320055,2.0543431744860916,-2.0858248788571934,1.9739084729255927
1.9544414969987578,-1.9387680634392412,1.9808260990538056,-1.9577296721608972,2.026792847124432
1.956884653191816,-2.029347910498814,2.0646908845407363,-2.0387741324342206,2.006243380509774
1.9608729356836778,-2.0156976093457932,1.9976919028015014,-2.0391433255148748,1.9519776523008059
2.014313666838872,-2.0422368704395586,1.9594671222150664,-2.0469526571850984,1.9961045976834342
2.047185081719992,-1.9246735681843867,1.9637040957003111,-1.8924844603334394,1.9497647569646601
2.0541774261663934,-2.036084822700772,1.9564538365064994,-2.0372378078392193,1.997377615017544
2.0289986085516807,-1.966506598104759,1.9528007492326056,-2.0494829643755637,1.9541680653318227
1.9944322798807244,-2.0105077802095437,1.9524912268965102,-1.9865198152968377,2.113128440416766
1.9747642269082424,-2.0216755910601765,2.0279830785162183,-2.02794081458684,2.0334482240859093
1.964072864661048,-1.9083940196211349,2.0172387486296146,-2.0310011474538356,1.9705654150265364
1.9743100123645982,-1.9313625166875563,1.9365624496199358,-2.033397083522975,1.9719169721537286
1.9992156016621532,-2.01355548463234,1.9254386084304769,-2.019991134179773,1.9950224658407516
1.968595108246011,-1.9656612255476167,2.045970421437682,-2.0039193349864695,2.0115270793425366
1.8919472001325364,-2.0210551386080917,2.0502410845878956,-2.021171829158964,1.963136916180402
2.1138844463015465,-1.9090461404902097,2.023378745624108,-1.9430544694259977,1.8887032291020962
1.9606224279685647,-2.0234978936586576,1.9882009950566526,-2.024497201048698,1.8724986854241827
2.019301230935428,-1.9728172935859696,2.080094939579499,-2.0394154632387482,1.956491842111005
1.8660007757017765,-2.014678341829544,2.0450555890531086,-2.030588393109636,2.1071722409271825
1.9871702582105237,-1.9926503857855722,1.9318448459709203,-1.985638982741236,1.9010340102573653
2.0346848977506573,-1.9637785911882293,2.0679645712168253,-2.0509984359383844,2.008028105914871
2.028190827969325,-1.9778859180834845,1.9567350362432574,-2.119599094477807,2.017348014844224
1.992375016084504,-2.028333529648072,2.0381972681857734,-2.0022459769077217,1.93404024736161
1.9034273855451889,-2.0564481632566585,2.1196506147383394,-1.9638611613033614,2.0094306170987504
1.9909169536407099,-2.0123696469973718,2.0583597991679548,-2.0245297870951715,2.0288460205342145
1.9825786024854204,-1.902992168408247,2.037114425378915,-1.9377221592658187,1.9707795112655881
2.0529068056283712,-2.0156288712697346,2.0055017411966425,-1.918247616469027,1.947861247162179
2.01016238656527,-1.9780997370740636,2.0260002190400406,-2.022539224654673,2.104313205040404
1.935253405732987,-1.9270557305683766,2.060753280279582,-1.9049555605198158,1.920588645064609
1.9565584256055144,-1.925402847041918,1.9061480422684847,-2.080322945052021,1.9755846106644255
2.0095996894311132,-1.9203887463175613,1.990736704253482,-2.030411957403227,2.0155694968848215
2.02347982416472,-1.9779380088914864,1.9911006896024328,-2.0977543056959074,1.9541192005446835
2.071013554263373,-1.9906465531011701,1.9838738940446472,-1.9440915725813013,1.9434941683815525
1.9887325933143496,-1.9931120797412982,1.9779311248352685,-1.99496185885492,1.9906153034289118
1.9300328476107063,-1.9909261059060472,1.9335824104243566,-1.9917192437451638,2.0687067912075054
1.9859488401361973,-2.0585741564985494,1.993650609339751,-2.0415985554039264,2.0297254501315733
1.9926005626238574,-1.9145118374167713,2.058149479783867,-2.00765402522407,2.0357804533986545
1.9803381795418578,-1.9983021557417415,1.9819282901824844,-1.9616772020075146,2.071649413835479
2.0399324103595573,-1.953903169935732,2.0461516718617863,-1.9724372038832645,1.9430356920394867
2.085048575970825,-1.9097794586650787,1.9883060198343316,-2.018534895760809,2.030620582645769
2.0275406417591753,-2.010097303437651,1.9374987172206197,-1.984714940462511,2.0275718269087775
2.03629105740194,-1.9825353613822896,1.9864442425819044,-1.9502998980246862,2.0032924248782957
1.976753849281764,-2.009032669102286,1.9127015483762508,-2.009112091208927,2.0344218259937334
2.0169891511069613,-1.9239667913509406,1.9868512542992147,-1.975634341847334,2.0396370088152884
2.1171428504143703,-1.992761725444118,1.9477906410567989,-1.9576035623322359,2.093286367798423
1.983872564488669,-1.9579459230696792,2.061436402761446,-1.9491467228014923,2.006277926123679
1.9650763120893426,-2.0040639774006794,2.0229300226938816,-1.9545888737954136,2.016697252399952
1.9810046016729712,-1.9722310171925115,2.043004253387141,-1.981019497179276,1.9581906442730836
1.9909296982641405,-1.9526089611793767,1.9308491095627762,-2.104658901119558,2.075404142507201
2.025570762751094,-1.9696634998739946,1.9461591513186471,-1.9631235968266731,2.0137624343784184
1.9207836211075802,-1.9287858292863072,2.0079341661809362,-2.0198041983039636,1.981100512700739
1.899238904728381,-1.970333170018432,2.013092860362286,-2.009704006616655,2.0639242603725836
1.9308070490502076,-2.0298386238183808,1.9574995872619807,-2.0139397489885775,2.0033735012628613
2.0215006761905676,-2.017348672655256,1.9561322132422554,-1.9156996525114778,2.1205820095894286
2.007164333594101,-2.0378390183510433,2.0737727065521145,-2.072337855316423,1.9832613337647587
1.9651941474326848,-2.0579767775225246,1.9859987883539114,-2.043208603958698,2.0006327232074326
2.001358858383623,-2.031066586176099,1.9814743321703066,-2.0115424483951854,2.0404923030559714
1.9925785299467906,-1.9587649129606952,2.029290649177733,-1.971423465154963,2.0693922985172986
1.9440304560127044,-2.0236591553153556,2.0881649400149787,-2.0128658250294635,1.8592438155047075
1.9898515828426058,-1.9932530234918375,1.8691443441284394,-1.9333032180056027,1.96431437680672
2.016428155759376,-2.011299077267203,1.9355824290397978,-2.053525406731771,1.9532458581786227
2.054283595459182,-2.0073769094050076,1.9739067241724126,-2.0467304456295117,2.0598075110763063
2.0732100636261794,-1.940762805064666,2.0246218669577085,-1.9855084979064643,1.939203109101205
1.9877090436644471,-2.034193010167322,1.9087243945507646,-1.9471478290417317,1.9652085026803863
2.0597970953717653,-1.9559126799619995,2.027835898831671,-1.9693557964118409,1.9692343058963147
2.092892507564533,-1.9978437284523476,2.0150965842559354,-2.032453816678332,1.953441736961152
2.0238648004404713,-1.9891243252030608,1.9605323817048712,-2.0719213359387703,1.9365038456336225
2.0598066858545554,-2.0306626907325036,1.9830545727162083,-1.927482987062047,1.9438924719256794
1.9636502587141471,-2.0384383414280345,2.080903424058302,-1.9003308249708792,2.0375781612701087
2.039169236207712,-2.0290177501426365,2.097366424345214,-1.986615187282067,2.042655513222487
1.9947237530614523,-2.0134016293663803,2.083152112979806,-1.9730138160130846,2.072568773053519
2.012766408587252,-2.0424183268211547,1.9708328533560755,-1.9948517378767694,1.9686749891978337
1.9446269295686154,-1.9399291484106487,1.9727564964588244,-1.993090362610434,2.01480667949428
1.9705923437339716,-1.927460026684563,1.9441429119397693,-1.9869187368209615,2.0123058853188294
1.9972872698567925,-2.064845630663599,2.0435408775931734,-1.9628244664832701,1.9662215735704391
2.0353743603602683,-1.9812546156849613,1.9359693927319446,-2.0426964457285677,2.0569140722444788
2.0154708092571023,-2.028215147290531,1.957076205441368,-2.025769689905771,1.9777760235061148
1.9577018483685373,-2.0870882056191653,2.0570006643200394,-1.9514683163694277,1.936337227409657
2.0068155647781833,-2.0451119101357382,1.9869216388386732,-2.017238328993683,1.9786082892141064
2.1001473542038145,-2.0220162842338096,1.9595868087466537,-2.0381290714748523,2.0521888478200876
1.9173948834153531,-2.038131145821776,2.072341142005577,-1.9878006906001175,2.0095961002518057
2.106607323007185,-1.987682602352575,1.9645906919320208,-2.0141038528438173,1.9432283845484715
2.0627968520007847,-1.9712719141231643,2.0562207074985444,-1.9393508035725315,1.9792894609536233
1.9527623573995556,-2.0025856555654022,1.956361946460573,-1.9917521562295488,2.0566048440417344
1.9915930176975416,-1.992500245504613,1.9953077191888318,-1.959863621378115,1.9666108802855855
1.890177686917845,-1.976456557031231,2.0493917210654,-1.9776812877620733,1.9679884752265993
1.9432493950906966,-1.975275123410984,2.0070739476467336,-2.0062896313829164,2.0911231671496897
1.9526599952909334,-1.9112481489436268,2.001589195243532,-2.091778523843544,1.991039867284043
2.047974803829972,-2.0182527516402486,1.9262610729380802,-2.0082257265898087,1.9571413813054148
2.024590720054398,-1.9613300091966195,1.9471864796125946,-2.0352902027557827,2.0378321232553467
1.957057786085052,-2.0541079067914,1.9410654434101873,-1.982398069352094,2.015457885975873
1.965797698481048,-1.9997457301935884,2.0763566192077567,-2.048703007845911,1.9024128695494775
2.0227537787860186,-2.0055200581950796,1.9644987456592449,-1.9673959881322547,2.0419612572334396
1.8895860990059954,-2.0326298954665742,2.115875811559843,-1.9708297542100905,2.0338051819148575
2.058644713931574,-1.9991465587400137,2.039834208004581,-1.96409689780814,2.026952074837638
1.9838994014691298,-1.991397053881687,1.9705819217846612,-1.9993592847716752,1.9415754553950366
1.9604688004363524,-2.0141156020962465,1.9528147284284962,-2.025250863537259,1.9918037011622243
2.020113117233219,-1.9525371349073546,1.9768107814310947,-1.9332447691365688,2.0469305539312748
2.0252046915971973,-1.992317543535169,2.015956042093427,-1.9406474424666809,2.061178982987964
2.066747336419182,-1.9979336584061498,2.0277483582499305,-1.9328226746688975,1.9688141982541805
1.9840791573140848,-1.9991981668493262,2.0449799368989705,-1.954241392464069,1.9884567944401033
1.9245695272810144,-1.9876908027852016,1.95408419313358,-2.074496810232011,1.936806421963314
2.016319050392278,-1.9319481319533596,2.0019447258118124,-1.9894309672677017,2.0591447469438964
1.9227772545458224,-1.9739911789199864,1.999420510784059,-1.9716971270583967,1.9758258045798092
1.9591031354786759,-1.9929745547857198,2.082459566166723,-1.956954494772927,1.9746153614909954
1.932951398200936,-2.084103364184889,2.0658049725925243,-2.0477541144067914,1.9837243293502531
2.0660605563038787,-2.0806950727739495,2.074613225473753,-2.012682022694625,1.942570834238063
1.9876324536425543,-2.0361298390700737,2.022040989945286,-2.032406621694389,1.9044178894540478
1.9889718732795505,-2.067827252614327,2.0102159941994158,-2.0593565166141663,1.9755993598413957
2.009129390210717,-2.0106229362517136,2.0125215141500523,-1.9659856417141122,1.9421033150134348
1.9967801229687645,-2.1664751898754067,2.012366665084126,-2.015040706518742,1.9508275118261014
2.015785971114826,-1.9413651211407466,1.9761991126200529,-2.047240724512086,2.008251263121936
1.933219666667682,-2.033019068526777,2.061120108082525,-1.9968910385093857,1.9060266518026916
1.91015041763603,-1.9918957153676613,2.0431195287958843,-2.0808810729313074,2.0224856303748253
2.0665171753744858,-1.9056070506020681,2.0165611379929937,-1.9746598702723763,1.8933407786185927
2.1049876273997996,-2.028774510654806,1.953326442078748,-2.0127603067219813,2.0755836707092716
2.110402302377177,-1.9937295660262078,2.0499042086301826,-1.9978397975657247,1.9481102263490908
2.0738371835394145,-2.0311063740178192,2.076776538668594,-1.9350729335115457,2.0307018131978603
2.091448737812718,-1.888382698340713,1.9912378318517845,-2.0404397059208215,1.9067865081371764
2.112234112771513,-2.0219841004459225,2.056751842855087,-2.037062768375474,2.0769132820456018
1.9649941204092294,-2.059585956680867,1.9895746784523125,-2.026588785048082,2.029814989273061
1.9974302536403739,-1.968614880272404,1.9854489263457353,-2.0332553685509405,1.9708219726051963
2.1022469399015513,-1.9887414533886532,1.9008118895273478,-2.026010450672704,2.0048433016237936
2.092269984062519,-1.948565064205505,1.9539141081759042,-1.8790822123213775,1.9984419817599262
2.0623164905537474,-2.057750424869995,1.880091845237455,-2.0704215745184182,1.8374833261902146
2.1056044663626454,-1.9892733540556793,1.9537677990775983,-1.977368798500994,2.0094667018090084
2.0310466697806997,-1.9395234299431865,1.9855039423487493,-2.0439919653050493,2.041388760718596
2.040116638894223,-1.9949632095939327,2.1088777094340387,-2.0218911061430824,1.9550071014182366
2.02090457137533,-2.033746892845675,2.024775826207245,-2.041650412791972,1.9799878858534057
2.094542021001958,-2.020279367837384,1.9600574227991352,-1.941466060564675,1.9474479024856652
1.9653528384926466,-1.9711719439745503,2.0469205711936644,-1.9389761804459462,1.9626389083889757
2.029800433649306,-2.023305409977209,1.9697172183244684,-1.9398393608853857,1.9725222802070206
2.013910229801049,-1.992221026538468,1.946462281183075,-1.951695357232184,2.028014044683948
1.900685469406479,-1.986128944438133,1.961351328291669,-1.9451462346793686,1.927730008160962
1.9821761515685228,-1.9818987724505768,2.002717014707094,-1.9618520871643015,1.9240789006995356
2.082595716843369,-1.9737427670605865,2.067985910650045,-1.956287991538338,1.9994194942772479
1.935790089454442,-2.028177659062435,2.079478166643129,-1.930728110917181,1.9690200009948156
1.859084785689891,-2.010634486715256,1.9856148555935442,-2.0124886306020193,2.02642696009157
2.0438106289660833,-1.9504850226450239,2.0222854570067685,-2.0900385350961317,1.9829400133653352
2.1152044891774593,-1.9812891632598761,2.018390978422193,-1.982025703011307,2.0207689811252996
1.8808443909457038,-2.0119762158455536,1.9981053584102655,-1.9359252300373293,2.0023836447311147
1.917674430669903,-1.9784955421914123,1.9598087675878628,-2.060839282054071,1.958292047664171
2.027125211483226,-1.9370619380119967,2.0241464972588794,-1.968398838819149,2.0236522636419
2.0050663588430235,-1.965153468251862,1.879061226646529,-1.9944455824347584,1.9477537482688874
2.0581451286272068,-2.007357765260843,2.0015474044133916,-2.07525359371269,2.0508415444506425
2.0313664060136905,-1.9721526058829748,1.959348857391559,-2.0386819922469064,2.0111799727222954
1.9652750794875975,-1.978255351866133,1.8919543698616639,-2.0243772278203296,2.0898376732713246
2.0219742913997885,-1.9916603167734503,2.099261326783568,-2.116797680940072,1.9592344442605947
1.9799413414126306,-1.9570824383497305,2.0437828181614117,-2.0433003354491315,2.0498977161071275
1.9798342616339146,-1.9394180187175416,1.9483678650938971,-2.0061655799533082,1.975491634231172
2.0528015185782857,-2.0261390608283087,1.997877573549412,-1.9746594301168476,2.027262924151306
2.0443476303736587,-1.9894437611577667,1.9790875542360085,-2.0174849372679375,2.0012836157603804
2.0124796238037193,-2.007358582392422,2.0009601710482774,-2.075862693028605,2.033367764222734
2.0090556144444713,-1.9499064793229457,2.000008025370354,-2.086919878926089,1.9820776905346662
1.990003503844079,-1.9628548347283201,1.8964863227743303,-1.9979410241525533,2.0256837607896654
1.9669256057359241,-1.9962685995091576,1.9686481745425077,-2.0364786466610196,1.979579007493434
1.9644654003766495,-1.9658190844031833,1.963252406158231,-2.045145500352396,2.088396433341977
2.0480370005912016,-2.09307566803296,1.9617615855073733,-1.9878768514138645,2.016187753361575
1.9254753567131553,-1.942071725358884,2.0412612209590812,-1.975904918397983,2.067836424535606
2.022614499628546,-1.9775709560374077,2.077883963591112,-1.9449390209636146,1.9579246270544235
2.031659758933596,-2.0332133932479293,2.0252077275475138,-1.9761693246490093,1.9308266343772007
1.9939077194344483,-1.98673714882098,1.9781854904502922,-1.984264502880462,2.0402948888500534
1.9984703467884621,-1.988770026164587,2.069171203927799,-1.9763401708387387,2.010041214483724
1.952096031017932,-1.9664486994305577,2.016507497469597,-1.9358130283149295,2.0023439271651657
1.9091866749933002,-2.085006043441413,2.0367840381879865,-2.0285096798849076,2.021838387555525
2.005711632225118,-2.008341983384696,1.9951819357205889,-2.0432694752522615,1.9992111155550165
1.97077532836028,-2.018612826006285,1.9838175477645419,-2.011334663494936,2.0461086728253544
1.9935104585397654,-1.948814883170495,2.076892747566324,-1.9572527674471925,2.0267234267534255
2.016341610474176,-1.9567320645474966,2.004468036929812,-1.9507715077021401,2.030705290264484
1.9820079769609806,-1.9552074559948598,2.0045740002988786,-2.005306600380616,1.9761900419800507
2.0083009423937286,-1.9501768692293509,2.0444470002796518,-1.9823303101270522,2.029982182036252
2.063584839576128,-2.007498314558543,1.9442289998234896,-1.9349435073910715,1.973511087398464
1.9654830938328047,-2.0898098877667275,2.0285641526582148,-2.081072631227611,1.9624870596154131
2.029411839725753,-1.9639039373795815,1.9674147925890884,-2.0067076663496204,1.9563702736796924
1.9725801606094409,-1.9866892369923546,1.974917666060177,-2.0122107520087833,1.9267646659191215
2.056647808240307,-1.9744966703414466,2.03964526859186,-1.9354787337691568,1.9587393562227142
1.982080275848599,-2.0947417183791104,2.157021145505112,-2.007479265765869,2.0519363949957454
1.938091942783227,-1.9501805787178494,2.0928795438324834,-2.003014037451399,1.94945592517052
1.9930601799527232,-2.1113380762478613,1.998105664948908,-1.95895164303435,1.9982121177813243
1.9857930222655515,-1.9736215941943984,2.0302012423474776,-2.082995278125259,2.0044411481139393
2.121799256211462,-2.066750812282401,1.9957290583583467,-1.9029126938974148,2.0552087578271836
1.974330165961197,-1.9896932310188697,1.9998944160007588,-2.0374035902160834,1.9962873946253459
1.9860016933596736,-1.9943625530961626,1.9625808409654484,-2.063830910012233,1.9979359613303815
2.085755910908939,-1.9958898536868601,1.9834203110534228,-1.962295709748075,1.9920840193702312
2.0934016462479557,-2.000195625464754,2.0350248531579083,-2.0377302191196636,2.025154462666833
2.013754673847188,-2.0028253062329604,1.974912111941514,-2.0319015082826186,2.0141176331989827
2.0314469554848236,-2.0063581398147066,2.0143633964560395,-2.0018957339066383,2.0049263012452694
1.9899777508661387,-1.9991013710315846,2.1349020228408713,-1.9844182850596288,2.032264847921552
2.0219011802664046,-2.013140841164853,2.0646994606645834,-2.014558188521317,2.052752727447128
1.9832896500966775,-2.047998625957202,2.0182698104118098,-2.0552334178051055,2.0267820112508304
1.9402920671954342,-2.0159504015236425,1.928413515173763,-1.8587916495298635,1.9173020220191843
2.0004906870198202,-1.9428347862834994,2.0518192954293513,-1.9574328938913432,1.9841385805889262
2.06755444731685,-1.9543304454598909,2.010614980883024,-1.9879709621136703,1.9848038676192314
1.9545173987083482,-1.938142451226064,2.0656103996800765,-2.044205457051496,1.9923107417426904
