x1,x2,x3,x4,x5
0.15707480695568793,-0.04372301107924299,0.1448275599440611,0.24081216453442766,-0.02617914315211801
-0.07303960583701892,0.5003919417140642,0.17260462326900536,-0.07322941713216735,0.061661057967674286
-0.1445435397287602,-0.14527467753709278,0.05610641072319368,-0.3005141667641403,-0.19084967445303488
-0.17480792622799723,-0.317282319532683,0.07327084274610478,-0.14056820944278553,-0.15489735105001062
0.4674828399653958,-0.0673927311183995,0.01910376961207577,-0.22126846402740763,-0.056859834886738514
0.04008180774975825,-0.3589711226829782,0.08901363580829356,-0.08996431054314696,-0.0276073476524741
-0.18427033177685595,0.5917477983349917,0.002987934803844803,-0.16123277607165337,0.09796932290647202
-0.37905765307917183,0.0730554750576064,-0.4311885540400542,-0.20299764654193367,0.02901676228390601
0.24153164487805118,0.06219941673485769,-0.017851734082111746,-0.0396006664897994,-0.15729577582648485
-0.21862571689180885,-0.13665776047234648,0.24538872484414959,0.06333983104538975,-0.18810487271363416
0.1124943596535953,-0.11176369925871131,-0.1413543508049157,0.10672452318281889,0.1252792608635485
0.30550764261502117,-0.2543728715598678,-0.058130978177742,0.06338835844892154,0.12008027197922445
-0.139516186754625,-0.04669851141935912,-0.23537200876428216,-0.17712486220177498,0.10285516062937938
0.4418937674305768,-0.009758586864936853,0.23740979074740517,0.07019268916902431,-0.05911356823323903
0.1282973389922422,0.5003838814797553,0.006003068132572243,0.26140589795925473,-0.2788823928093325
0.2749234078572364,0.04254171494228715,-0.051845061126363286,0.029523667700911103,-0.20720194513563853
-0.05345033433154178,0.12894492672170388,0.3464831707744306,-0.06592970064285122,-0.0743763167561284
-0.14165249195893415,0.30649258370502647,0.09052799990477123,-0.06674542586392077,0.07440206057093154
0.04871663457873818,0.3243304594376347,-0.1389658261543621,-0.033789916295428934,-0.025821006228752056
-0.44378504356104925,0.112660472707437,0.07739275246691324,0.019827527504353706,-0.007208619824662886
-0.4275595078241767,-0.11299971068350123,-0.056613275562963146,-0.1068311542660009,0.0019877292657886556
0.14879312082867174,0.6174853748532831,0.06005780670654372,0.06174331336853278,0.012697714606002358
-0.584746712889407,0.013637598420267483,0.03548990639474389,0.4114947972169314,0.0005154123486203754
0.11838066543749595,0.012046197634642979,-0.23830133056980998,0.2037191758166031,0.10709169180378295
0.2741702894853964,-0.26354953924945446,0.3376983677943335,-0.1976280909135425,0.08963664176479276
0.7177079141339292,-0.2882100642295808,-0.10160299686453428,0.04078128930612157,-0.03126526435597464
-0.46433680662402205,0.04770754238040479,-0.21151230563817866,0.1009075641971499,-0.07676872836934763
0.5171593213983604,-0.2206594118337945,-0.044988117290227045,0.15565539315954954,-0.11058778710422973
0.09995717500622792,0.44138286107985675,-0.33141615048898637,0.057221204335397756,0.057083807734131346
0.2762631291920366,-0.3621291309448864,-0.26623404579052895,0.11155523667221022,0.06223292491027734
0.10924282449809668,0.1395865733597921,-0.1220281203529573,0.06675256393121771,0.06279652866152219
-0.1948667220424076,0.6210407365814953,0.1369832931446349,-0.15733059075318892,0.10443595601993283
-0.27618937512151415,0.2809300379397558,0.2911018793411604,-0.09772923603890837,0.13974075767657834
0.16356582341252152,0.29299128095953497,0.45716883787891355,-0.005766234832301181,-0.051237231997132
-0.247255126886187,-0.22394782987414646,0.016793567690896783,0.08797489746828396,0.06496900583656783
0.29661334596424654,0.03914659425757804,0.3600551354486535,-0.006810884532929801,0.3391591933747019
0.233889423689444,-0.23502098315393674,-0.20342280618988484,0.11232162305458637,0.011052137114533782
0.26282381821869777,0.18668791385104416,0.020751997094220802,-0.09685280583389486,-0.1323280314591875
-0.10316238774723152,0.30885511558646317,0.0859108545812963,-0.15893055747827997,0.05740025416851772
0.16088709323815073,-0.24046122348821508,0.07341301771329478,0.04824264553747987,-0.08874892507158363
0.15318233771203904,0.21737567803027735,0.2822176603255975,0.20666077440951852,-0.11398807782352126
-0.2555252762459701,0.2039094930103207,0.15592707225344793,0.12247723065739238,0.47178951664894364
0.22257347287875395,0.40113942760183324,0.2553633214245898,0.14503604214371463,0.006793868930500838
0.2830501841151699,-0.20134574807165678,-0.009911207257701928,-0.03369967217495899,0.05219685010639855
0.7760033516749438,-0.5464370563702451,0.19749648763697994,-0.210948724539057,-0.008719542588629989
0.3894014596267373,0.06537217188312291,-0.19594601353948932,-0.06805440195637372,0.12102638324373356
-0.1849161622751067,0.11449626226470955,0.05623621923451256,-0.05698101508354525,0.28574628223056153
0.24750984331024978,-0.5933592689972487,0.08873949929930537,-0.05759058061989703,0.1423519911916067
-0.20256901458853963,0.011765199482248884,0.1609666364053433,0.18493596353299369,-0.08614916991822563
-0.0567295294908055,-0.10114184567955209,-0.0970398085232099,0.3281918742535716,0.09432738081669245
-0.348676466035798,0.34030348307904706,0.5245786015893185,0.2132971414670909,-0.1198206762921857
-0.10207720804067834,0.45168353350016166,-0.10718865202140333,0.12122506418982723,0.1376577711087611
-0.2410691002280192,0.033228481683272165,-0.6727173585123853,-0.10991785562514811,0.02381407427872382
-0.3415306350530729,0.5692668329159876,-0.26673628080246636,-0.016524089435053624,0.0676702939645163
0.5098246864751721,-0.4000054263215513,0.31414537593227476,0.055672043066923055,-0.05568194915831286
0.20118500438994855,0.11800325789024532,-0.07915751880191552,0.06609173375491062,0.011975685293162786
0.09195339254902032,0.2654401600710687,0.41070019749193537,-0.1396597589114601,0.29453643725641554
-0.5602473068546687,0.0090583955393011,0.18860878366028636,0.10148577235843115,-0.012562865736709207
-0.0077559762308201385,-0.09784252615331773,-0.07372790794893178,0.19239194463014778,0.09797360283995646
-0.16005819430184898,0.34353751797634163,0.12777332087238047,0.18758384501913794,0.12945370361584238
-0.20209118028293102,-0.11708473884641613,0.22715999008070992,0.15656807280062454,0.057723190812963336
0.09816323737739843,0.46509417677437076,-0.07121832283702652,0.14756475238159283,0.03845523529140229
-0.006774778538339105,0.40952581131698496,0.24663076866975453,0.19068922947488853,0.20801902986118298
0.0697050609803619,0.2787155277042143,-0.0063146928270718244,0.11431826379568649,0.04851262724478338
0.09473688138635876,0.2522692406472057,-0.11889564276657263,0.39489954098009944,-0.04841209851491958
-0.31889508747988293,0.43129187939180036,0.24208622496023877,0.16374707280168538,0.13531622866864776
0.06219329644777058,-0.21767067937774043,0.08301648057861713,-0.04100260156574072,0.17508776657224429
0.020563439838359898,-0.19397806732779094,-0.0047969918271406065,0.13235726271889944,0.004040746034299214
-0.19194085079538534,0.1451287305650282,0.12284425858948207,-0.012086685854479168,0.015404384499623523
0.14244970236402157,-0.3888554072465936,-0.24564939846837136,-0.044526936478113274,0.04520495202749901
0.16838767497686058,0.5366186706350802,0.2618485919737272,0.04478156805489425,0.06794399339283602
-0.24595655027462315,0.06521670343423168,0.006525037179271484,0.12209735576501315,-0.0214161600726432
0.2363038600591899,0.5567666744179538,0.04775256355282183,0.1355882723031346,0.149232516058527
-0.05380398043160646,0.14393733797715008,0.07588881948787456,0.08851702029174185,-0.013352048125589044
0.08182487172466293,0.23155496119482527,0.39855964928847476,0.22574810924309988,0.31480719122186873
-0.1675815304954779,0.35092708127564076,0.11607159387128618,0.42131331986934684,-0.015295420532457
-0.18946728615229447,-0.11346852115960965,-0.398841445591712,-0.007053091913044554,-0.008797535682644408
0.12463576819726155,0.1851498058199928,0.49660163046603206,0.22735228063643875,0.012577287550613839
-0.2060255863991648,0.23363657874443416,-0.21713504162699276,0.3676571351171168,0.20994349234424586
-0.06928728925548489,-0.46266162594163673,0.3818141452283684,0.060968739387004235,0.21747114994061645
-0.42412221653591975,-0.10945894443488247,0.08125260698242548,0.08750836418626456,0.029761230652426002
0.2780435237510692,-0.25653014225651405,0.049244060370178554,0.10010149052000011,0.13859709124213593
0.30711446524447616,-0.2735609741883108,-0.26095627501897495,0.28410052562231153,0.11923591811518439
-0.1536091422658762,0.5736004070551753,0.10894871763820911,0.26954634007630884,0.09063187879161105
0.7357497966933494,0.6391715972880129,0.028414008088128155,0.23770293975765938,0.15623930879987744
0.5178843850236851,-0.22005050523139777,0.2384908551470339,0.2524366905720667,-0.11154796723267252
-0.2880931099946183,-0.5587757498766419,0.025844886543979796,0.1995394783726059,0.2540547108342317
0.11051791397274073,0.6021005427633904,-0.2215129805544212,-0.1822413246477092,0.0808766655507606
0.20954024701041918,0.07774910093780975,-0.37420601943532034,0.07399697258685739,-0.057756035797114316
0.30085814316841397,0.2050176334779864,-0.12107442020150529,0.007839595439418229,-0.02933458279244376
0.07026921918344287,0.39213261233033525,-0.13032495458974824,0.16978684187547977,0.030805486076694137
-0.15963731339067305,0.05724511946668324,-0.1403961295203564,0.0035514495977343186,-0.04283572873755173
0.7133927317113768,0.10324340635393049,-0.06437128805410727,0.12592528666407482,0.07953343434765861
0.023216370275066678,0.2873096566097589,0.2624769664076905,0.009213496703970148,0.028714656654801246
0.007115110364689842,-0.6338372933771175,-0.2447129273035134,0.31021589210403605,0.27800707550315756
0.01634298464850069,0.27741841550367263,0.16469274545176127,0.5819088950400529,0.2202673754886461
0.05564500190787879,-0.20607232277372156,-0.26311622133393686,0.12826652161407376,0.011533512031679558
-0.352659016198136,-0.10736720165398064,-0.14474438860400043,0.36385761220359325,0.1956674185073653
0.09557692754529064,0.5660975269690038,0.11539817761851723,-0.03808289134771857,0.2683885468451779
0.2695174182975352,-0.22890693509311255,0.05653807680485937,-0.039348302976614555,-0.05550261078613471
0.39298315689098473,0.7039106587113453,-0.2126291165185554,0.18911335212753194,0.02735604941952456
-0.05294147077690359,-0.08623030616290445,-0.09209310819254218,0.10877304410534751,0.008198053790778898
0.18762805992246567,0.08621541698209213,0.048671694513692326,-0.04139631258063539,0.03761710697091239
0.3419787829147027,0.2615070263049983,-0.11548489480999767,0.11880891962269625,0.18711073736697015
-0.42380819852161866,0.27592968388289024,-0.04406307274683065,0.19432367523480254,0.018769136180193047
-0.4656487295118133,-0.4095690041242856,0.11585722604803528,0.14617083835694938,0.0039994327592725865
0.30804677274047476,-0.41931267137736455,0.09133021393461625,-0.08537236762443512,0.03322861374438066
0.12209588304966308,-0.16497948924766673,0.021117873304875454,0.26621597061545244,0.04260863531107212
0.37237715778436087,-0.24913656679417912,0.22657592376630464,0.3360401203434193,-0.16823014781679718
-0.14289129727773714,0.29159533871799587,0.06370678053812724,0.1677924243103977,0.04158151236413522
0.13749220516253802,0.0608806457423954,0.37123411738772816,0.1503375775627414,0.14785523519936222
-0.01913582175958961,-0.04308351582323924,0.014388159892231717,0.17347947100353336,0.06404361528178289
0.20374696775631368,0.7684114702573206,0.30690151748737293,0.06056326548893456,0.24641191138599822
-0.0159316504639799,-0.5313984555102859,-0.11230183872671726,-0.18268506182106442,0.07381271084690544
0.11993851701887706,0.6442501402421988,0.187217297258329,0.07947127873494661,0.2068444771363142
-0.5841072640133991,0.18962298046683138,0.28748581261709644,-0.11866989756797618,0.24299070462266137
0.22315807886279992,-0.015209453150527213,0.2576104428703984,0.4751441809830529,0.13644938157232162
0.19561135860226214,-0.02814555393997939,-0.07291386092475499,0.248404737271894,0.02140403565860098
0.14074934943623768,-0.03293042919372141,0.22522126314011173,0.17087472919780144,0.23411861035471837
-0.04216222732267012,0.03377717122735763,-0.09973910112083319,0.04887018657401575,0.1613025966387429
0.3595009392620563,-0.17149416024276348,0.31456991521937083,0.3344652859289897,0.16634354751408223
0.7146160681961145,-0.12357250867936,-0.15719213139079496,-0.1601192442188359,0.28838396001320526
0.32905071178910766,0.10454470581532779,0.1847250101239576,-0.05583332142967032,0.3955655062485173
0.1639864488212046,0.15771679463489924,0.285409473806923,0.19917736051591128,0.14815411799134068
-0.12584584701472334,0.27321550944886874,0.544957595067923,0.3368537118990539,0.3022478040245876
-0.03653546618549522,-0.18781539642474032,0.09699831472281034,0.1339360073873942,0.247459455910363
-0.409078182791106,0.6098124066594968,0.09079448590567485,0.058630302573951035,0.012969416955791568
-0.39618450129504457,0.3874365219441793,0.14352152298766413,-0.07683359965996475,-0.017667081400432938
0.02194368280897517,0.6559190765044083,0.07008173732612283,-0.10953964090611751,0.10065321831336518
0.04288636392768601,-0.7237013091689338,0.11698842789281859,0.09261517383711003,0.2069673670336702
0.7148213854979131,0.4863812726967105,0.07000479108397947,-0.044826977950434804,0.4178405026617387
0.14985764422654826,0.13553595999495852,0.125736597657024,0.1624510818209304,0.1149911464150408
-0.049275722752340906,-0.04079984918265034,0.12480827826329297,0.04620913144521116,0.05243355075512304
0.16678932627280507,0.052502257282946496,0.4694361891485288,-0.28602199700997044,0.25516730907340424
0.5281808708243209,-0.5215294271414275,0.057506858593182705,0.07540417650352974,-0.023230457291614853
-0.11083209835234412,-0.2160597834687849,0.5269547177810271,0.28307887912275825,0.27729931661229223
0.36434888074528876,-0.22090138319324226,0.018849839038349664,0.2135130482574235,-0.0005019067576269576
0.3626070378840638,0.06113957336048299,0.05332465663091049,0.24954977837333325,0.18680728535673452
0.023990613913507,0.5047504119327544,-0.10359497071141135,0.23552610863524298,0.2044488746560354
0.04125196015640929,0.24227145618708384,-0.14061836129790214,0.2852406391506372,0.11846645182556591
-0.025159392884169463,0.4718659841575923,-0.017355897017528404,-0.08255714449497384,-0.03389629224779808
0.3327783142391454,-0.26376617254114476,0.5335250488849588,-0.18804080168877266,0.3308107291590884
0.20887172438615753,0.11155877083083142,0.02029453010795007,0.2052511030312404,0.13793445449539526
0.4920378325354006,0.1792650972968962,0.17675163871981478,0.08565100436072912,0.13677642886007157
0.24147960989691106,-0.3966585861782671,-0.15731928086611804,0.2616645161508102,0.16324748087711227
0.08696450570601294,0.15097446661731834,0.2228667772375451,0.059801646200049144,0.058128031484701234
0.20807785365068374,-0.16324249165074403,0.23743423752406362,-0.12305595866636806,0.2612092443705091
0.2965955932358056,0.2281108580631086,0.3668835312449795,0.4104817786124145,0.26055716813321816
-0.43398739754382176,-0.2564896174892845,0.008434466814920966,0.1522735054087507,0.20602418609489384
-0.08035119558491272,0.20820998584592854,-0.019759609429366276,0.05245969478931484,-0.008120342543702863
-0.14180183677997465,-0.27729005304325366,-0.06806174295796635,0.3167455459117825,0.044004127490600634
0.9835834508174703,0.30715196888283064,0.19248176487908092,0.01543286951621256,0.2294481759348104
-0.029880511673807814,0.1907350432695833,0.7246044577236708,0.1369637484052884,0.2806448162672555
-0.06921075688011255,0.14208882096699757,0.5491162127412368,0.05402095712796544,0.35579106222328327
0.37796496759733245,-0.02371345784558354,0.29556482355666347,0.3079285146217522,0.2236746213843655
-0.341393500160219,-0.07478580954373573,0.09980830567603907,0.143386196654515,0.22454840524818998
0.21235014670023505,-0.2661168072619262,0.24117098013102323,0.2526982392525709,0.21874263089259924
0.49893003155335247,0.4208664971221054,0.2598329442640095,0.14606298406438217,-0.028543920608506107
0.29401536783458815,0.2238347714989527,0.2188850322800785,-0.04371351679025981,0.037292362564477
0.4921953332428818,0.14665072122061681,0.31154734776302917,0.16363668756963928,0.16248599669218178
0.45687155201372615,-0.003027511408786293,0.18165341928917347,0.08706801924416797,0.11158200513486682
0.06339235124199134,0.23140602752178463,0.0541097149437748,0.3597136382871983,0.061141024114635706
0.10306815959712212,0.023106991955899853,0.48571625329753976,0.19324020110025922,0.2775258887853538
-0.3066122748854589,0.24761187215320152,0.3620906565522859,0.17617340421692357,0.282287490530068
0.0005831932026109099,0.6098389567155992,0.6782134119401,0.10679435046786476,0.11435546806418012
0.6247656915276458,0.6646697360720115,0.048250108821955795,0.09872779592519085,0.13366068814390097
-0.2589864154583994,-0.12433708661755158,-0.058366535177472284,0.04476671178314305,0.16228827786672778
0.24123236880542234,0.6574784742177691,-0.056071582903185924,0.3228022037224601,0.14324248706142462
0.15252636976587378,0.38156482864063035,-0.08288010783676025,0.22863245803759233,0.18677809079663527
0.3248959322586342,0.260612323434257,0.7181909709697195,0.06833362390946564,0.1098019048076961
-0.026884166415689442,-0.005487118295346066,0.02764607570610156,0.35817019086478574,0.3289873732117969
-0.009314654263615663,-0.09204277224324389,0.27658289414425963,0.08385704135317672,0.2419350996523627
0.2363420657293669,-0.3071482031665716,0.5182048547430238,0.45612536447342916,0.10366031378386387
0.05057117499337371,0.2635717470636404,0.24795998496790905,0.27729816525842943,0.3979208730411816
0.11821854772085771,-0.07826958008361842,-0.13425098147712736,0.05860398735145857,0.17047046601244406
0.7426641993433547,0.011492110415893209,0.22521568241617643,0.17257848730686862,0.30804158234684575
0.9752623720857005,0.008300730067483136,0.06673418974214163,0.3412725069350436,0.25241396238032743
0.7611573092816122,0.3618314827370729,0.09683702329938808,0.2705679059756185,0.3011340058312171
0.43763742539484307,0.33859231179359495,0.4166938897581617,0.36306004436816547,0.3327082511617998
0.3843192577246859,0.12633180197955782,0.211985356788629,0.36994499675828996,0.08784299450058604
0.2967649170350934,0.055795526270182624,0.18660771798852485,0.38232116841636593,0.20154570550664816
0.19586570706613343,-0.2488430883851769,0.3480485513900305,0.2832411914819063,0.42304041187910657
0.08485415851438927,0.2514836007212076,0.23794606910783775,0.431599445509951,0.1715278177637193
0.27141753694814713,0.3754169384202774,0.22491025164310788,0.11259583088111536,0.20488310407683655
0.5236963539670885,-0.1404284557306809,0.21391710721802532,0.07348536355913281,0.31779445911207993
-0.29648880694068996,0.0084385780444865,0.2695323246416278,0.43271626839041233,0.17783408252030722
0.01061668016639028,0.7810602837821657,-0.13759956518334707,-0.1614755615970562,0.23538129725625803
0.028423701400844603,-0.13575498515714024,0.3455805040333473,0.22573546472177555,0.12412127903807084
-0.21667961162503982,0.4640834200552374,0.3335775914847886,0.17250710726531596,0.3946484808346178
-0.14920132591478008,-0.29322422761479583,0.034473841345675466,0.18198140713233615,0.2163953667038344
0.11390465053157431,0.30151988174407834,-0.08966253271088759,0.4184694178903259,0.1810054092243154
0.54451115599423,0.2995704618335595,0.29332431588816316,0.2812793082798509,0.2412465299065542
0.39543897471328215,0.6125071274915989,0.23613566163921812,0.30429552937207166,0.18215943657047326
0.6485982430371693,-0.02070083343799592,0.5958957163348415,0.1868436636831556,0.03322767375068525
0.2347043671383272,-0.021173249991152082,0.3821678062327404,0.09100528268228712,0.14430936983906995
-0.4023300489495331,0.05216337830376094,-0.3468006991646811,-0.05524183053413095,0.28021213830648406
0.4446880249020257,0.33073769049442636,-0.02002624266955244,0.18865236841299018,0.19579342008129064
-0.16910988069894944,0.6726134835985312,0.3933813694594096,0.16225969366724174,0.20020312537839147
0.26409462803176853,-0.4474550580422978,0.1429276552165459,0.09036702059668969,0.08621367671074605
0.11030748155319485,0.7676775935833922,0.3424960192680493,0.10888787123181513,0.2632159002921127
0.6427152437753085,0.49259504413162636,0.213533956266697,0.09791051421621752,0.27826393983595726
0.3256322055933955,0.4842861533239906,0.3432299337963911,0.367150056442371,0.14136008535115563
0.6187987845415845,0.26468868375989,0.6662446404257648,0.09323204016196072,0.3962888557200303
0.26578808812823845,-0.002793256822942264,0.09500304137373863,0.15255184639330452,0.2506263976979641
0.36953930257999346,0.022784333594856238,0.1987583518182194,0.5429268890581642,0.3973494023247378
0.34318286452649316,0.21722296020720486,0.2320450258023571,0.3022109141690647,0.0908535200719542
0.12481659875167268,-0.3214464078873783,0.2954752102397199,0.30853686929988916,0.15218431743075422
0.7049455251024879,-0.1804139300641714,-0.12023697046201975,0.2426961557880255,0.32427635639547836
0.7407129002118211,0.06309626290087988,0.4494085751660587,0.20211948456674012,0.1889078893362123
0.4886470171591983,0.4154918157715583,-0.1432827930122209,0.44267073732297957,0.36350811336088107
0.012389914608393726,0.3353742773706929,0.320678718156719,0.2514263515230555,0.14868422359186825
-0.0011747460365436335,0.20313030442895078,0.4734413918362711,0.2971619424581137,0.16977526921220049
0.4562447715186125,-0.6885760571133857,0.4690840318374301,-0.06286068867364275,0.17169008307189113
-0.1408574962407206,-0.1962010175573918,0.4727819738813196,0.1392631601860878,0.2519535249140846
0.199376624375033,0.3650677693058063,0.23139211127129566,0.011355331778151484,0.32560023081477996
0.0590756739660063,-0.27701920122020585,0.11948575500341073,0.452506173175308,0.3102728957809185
0.1059627306354166,0.10577123261543016,0.14429643236934683,0.5445789039269251,0.25891789792656006
0.35320832660265034,0.5430214522498182,0.27061209640454637,0.17625905767867275,0.1952646367209254
0.19557591190971668,0.20644751352056062,0.38092113041916187,0.22643158392952226,0.3001298690029547
0.1936943954109631,0.24408584978318543,-0.22759203711082127,0.364103345974504,0.25795780849562966
0.535818727723357,-0.6956561478402222,0.6871950004582964,0.19814916208490438,0.3441188257063341
-0.10762590698135405,0.4149973442925716,-0.014329659560030683,0.12259468874548161,0.4352164321368257
0.16192315261010173,0.2909805339664684,0.4167752813071256,0.30059641026651485,0.2390395670723287
0.33863402571638335,0.983249964553174,0.2103392685283372,0.25501977436861817,0.3406899557398234
0.5738222202772081,0.5995961659458677,0.36704864379830326,0.043499279174708416,0.4068474213650689
-0.13728101749276858,0.3209269623152311,0.0565640177822532,0.2150840621956674,0.2619819801194882
0.32784830056145775,0.35964928377418964,0.5870630355934849,0.2979362957161127,0.1989286845428505
0.5320983587005537,0.6033708226828223,-0.04727422520840385,0.321684471980689,0.3056207230160828
0.13413038631255414,0.6632649204959048,0.19467477892739166,0.2480836089010398,0.20887821002379664
0.23415575664258673,-0.11744339243955532,-0.09277593722471184,0.48134261625231417,0.13453607177149632
-0.08327555768452208,-0.45073151475741735,0.08735403994465063,0.02103136542576381,0.4138131061377364
0.5505634334796781,0.013618984891963754,0.734891188801667,0.38646198458312364,0.19491397849370204
-0.5581492533519556,0.9566918840354701,-0.07848561730231457,-0.027928152746308943,0.3465590821199763
1.0047506863241062,0.6709787341886462,0.3593271457901498,0.3272721516300475,0.32864799335767003
0.4742285267488122,0.3231547700591635,0.2575343094109259,0.22433739173239814,0.14993843056755576
0.146477982701051,-0.30012471608075453,0.21324582619573318,0.07892525657601168,0.1118501986083831
0.2931237617749961,0.6764260095373196,0.4415780718250426,-0.012081712469690142,0.1255924469453502
0.5347352083477575,-0.0734525563610883,0.18700773789791186,0.32420811047094056,0.12897303590173398
0.2715608991396687,-0.18361766382925218,0.10376834510385782,0.28880020156145725,0.06013612444283831
0.3785295816113083,0.23302922195516698,0.36277974873548946,0.2746431724366706,0.3917547758531046
0.2798397049631576,0.10445028525495006,0.26758679326610757,0.3261432012420043,0.245702962171925
0.2540774610694903,0.019251978043721474,0.0930120898421509,0.019469875388912816,0.43684986772217566
-0.15110184991602008,0.02312637948178725,0.0816014941079953,0.3837422104798179,0.20926586571210884
0.6378139314500771,0.03026680770531906,0.30562823444904574,0.11116327699270243,0.4830782068220272
-0.1313073507305872,0.34221815530508726,0.3859610630774405,0.3096716263276798,0.22352845421212683
0.20419233538580117,0.25909964915510836,0.2123745983982617,0.3976479151524138,0.4923892301145021
0.06995186450047972,-0.18692348986925383,0.22650578011561334,0.6541341066558471,0.1563926979578416
0.7655814928734807,0.7777828277272705,0.12346115324688124,0.33721137126331785,0.4293075244295731
0.12835752968076486,0.183870485768175,0.11818044176791095,0.08780112124947059,0.1756568118966595
-0.13779464704703182,0.26002738827497013,0.07707800069902171,0.28621404755514807,0.07529482770888557
0.3548837669025606,0.5138352516901752,-0.1955625923451495,0.30939378697365977,0.3875078163021982
-0.13127082577180077,0.7801650806423887,0.3449467501319611,0.13977908917031784,0.24501607881699647
0.428810724506075,0.27628726738383447,0.3727217544917967,0.10668097546716057,0.27118736801575477
-0.19380252388862657,0.218080484350102,0.051133360083575524,0.13695575796142578,0.39145267156795804
0.5993568157213459,0.44688064142442535,0.010005694804392506,0.20422568565633512,0.38988270027935923
0.3000700782624035,0.9886916543405269,0.3432037978201713,0.28562088679183034,0.22069498390919662
0.29848559824742465,0.20804106051268406,0.41459416990956716,0.40752417444779854,0.16837996309154818
-0.1637155656943159,-0.3234018658273127,0.3708475711529338,0.08279967877328509,0.016556771559178174
0.3811376022910254,1.0466139263370846,0.2569007611693993,0.3908352904735438,0.2674070586716362
0.22798760514844432,0.5498967622730937,0.19435189796490016,0.30153769632377453,0.2952261674026012
0.048991508607543144,0.57397159624829,0.22113806933048452,0.14076645852802971,0.32024388430132034
-0.02285926145817546,0.2701729256998696,0.2592221916229581,0.4329564257165163,0.31433413713719127
0.25434804300808983,0.520862672182226,0.5731221205058705,0.35045981578167096,0.26341972034801286
-0.15157577787277327,-0.07355525096507282,0.19501294452833198,0.16689092223884655,0.24235923609740495
0.2821785434594981,0.4317678206497989,0.2485002582571844,0.34118692825960384,0.27147272298051167
-0.35943211385377305,-0.031778667862586096,0.2330463083347332,0.07399573221978692,0.3323393363615968
0.7503321823067289,0.6516726039350534,0.21853898939500038,0.5019707642657519,0.2828877932835644
0.16067132366499332,0.07329231330693778,0.19963298925521678,0.2058911231938591,0.2863203801522828
0.319046219576097,0.2692315044166248,0.3659706132199863,0.4565259740642457,0.3744316480264104
-0.20029669805658484,-0.5383515058039634,0.4781895526955278,0.053146770661313375,0.24413973338816425
-0.09975195794768305,-0.2995659779117035,0.39134501702511015,0.39030324047160053,0.20581444798224086
-0.5480882444288607,0.09853360970128841,0.3588813102649501,0.0374348205063213,0.29177153352002627
0.26743087287024114,0.4554603290636684,0.29901125552712376,0.11841656359459982,0.4060530331553125
0.22314182054735138,0.26463881974192904,0.06458821350225749,0.2031841952686702,0.1743493225112504
0.219583928103276,0.8155640230217645,-0.03249214712614251,0.019147816183490207,0.43875611721209107
0.20908131647511086,0.06369589782608223,0.5078050323891048,0.17951905067724025,0.4794293676285687
0.4906552600949116,0.12198514166423108,0.7586650576043041,0.18050433780407293,0.3592450611563165
0.3719219013646371,0.6889240171557374,0.6264417956281063,0.2823375775584459,0.19304259859941786
0.4237342414698927,0.06396586090629447,0.7284853533283506,0.29986640964361,0.23743408715930064
0.3376803198302456,-0.14671945780124868,0.06201977547898774,0.46908138348168316,0.20583626618874168
-0.05078204099172201,0.44998478133877096,0.5454117893833188,0.39395677993129213,0.3916417969949382
0.04196166109044569,-0.16833472956140283,0.6169896915493291,0.23026111899342033,0.25323729749154084
0.702294148595861,0.45817765554657774,0.38422188713082284,0.6245992097569251,0.21033475688776382
0.5766920942071897,0.3013124164031273,0.34334234266026553,0.5249553612391366,0.340061046906714
0.4545084508177729,0.6234408835984302,0.20267837310108552,0.1515935851231104,0.16747106521689437
-0.3365312661655765,0.9355150724542074,0.03860039537527207,0.2503020157304558,0.25433661750390224
0.38349681959307136,0.5442450426643906,0.47869400756716274,0.19409364837954854,0.2676015106591523
0.37664691375135095,0.20864424802605266,0.6467006844187133,0.36491724335068193,0.3694491215253842
0.4979097510133915,0.6593733047200339,0.32876593935373405,0.08324115338761748,0.3329747597836164
0.08331215388583238,0.12212601694032987,0.42040426983892426,0.4850790339772528,0.2916675238678111
0.38795186393671055,0.828577919512767,0.344124337803855,0.7016525098307884,0.3535161907684878
-0.2655107825221966,0.5295188291806807,0.3765208971704832,0.49521910736011665,0.36655525442253084
0.24850866578544042,-0.09486480390784863,0.24555327107529423,0.15781320069917568,0.22738779747748997
0.47941812724897764,0.8213634641657934,0.3815445302400954,0.1042075787309123,0.3430013827491943
0.6727023960616562,0.1014640087061168,0.2643271448110379,0.2966167017973114,0.2065399951204542
0.5002995686421654,0.257048132457184,0.3891056016295684,0.15497046092340708,0.2463859704530621
0.5247333392943825,0.17839610151330082,0.6824571529005691,0.23310826719809824,0.321416812310652
0.592208412668309,-0.1512293298229503,-0.09643152259966875,0.05606985326430569,0.43845849142598753
0.12378542966453562,1.1072719434310403,0.1721286996244043,0.32747842146104583,0.4707114324343356
0.9336815717441251,0.9512039699747485,0.5694982026314446,0.46121780169875887,0.3655458261450198
0.5464396845709381,0.12600007256533763,0.11734546805562984,0.29976675173600814,0.2812730810657562
0.15797800776636783,0.5215183480927065,0.5149140398636289,0.315279657377589,0.4664941863033183
-0.058731495745878715,0.24106180412624825,0.14201595863660033,0.007176949999482374,0.2930583206037733
0.2648033607091413,0.7818981345875193,0.44435708406986696,0.14136514758255123,0.5105971540483174
0.6904290620715705,0.4883797606757165,0.2536609202192037,0.15260364107532126,0.2626903216552585
0.6495978490682759,0.9012638226969318,0.6503850488106286,0.22801142502025712,0.18012827082390206
0.3508584494295329,-0.25292332360186853,0.37856880401134574,0.2829682882445385,0.2542018413976264
-0.1969820811146707,0.4697219216338587,0.18819177839178233,0.12232721361623111,-0.013821370597781046
0.2996073313519802,0.8687434715429556,0.6797771615060028,0.23603504427084027,0.24097895311635092
0.45754874507411925,-0.006407887748943686,0.37679202961482255,0.4304372368208833,0.4464846139322234
0.2786388104475753,0.24590301529557684,0.11398743560543262,0.17956904674969182,0.28498920042227827
0.42748248484343476,0.6002121367323796,0.1317150381294911,0.5473260970717815,0.28099877119952543
0.3055553805546822,0.07602323227370583,-0.22976428926389564,0.45209216268667474,0.39469396444753935
0.2243497284068463,0.33449763816520023,0.4286808296177562,0.06625312050226473,0.2541634258020844
0.5654828595772042,-0.08232682791304569,0.37995586348019983,0.0998198975667394,0.36646277168758423
0.3040444889908534,-0.1954342106512027,0.5757589525788611,0.19916618868249852,0.2247263389103642
0.3797418654884479,0.6795473392896609,0.08917165228999813,0.3260687568791553,0.3642594585469524
0.5364965551158852,0.37311303617517066,0.23524739753480106,0.186463813990754,0.3269484962341916
-0.020721806301389978,-0.6054938188293908,0.41593605815237233,0.4612429660290548,0.05413444071278378
1.4434290288356522e-05,0.5151130880967992,0.7793892926866411,0.32260709318202,0.2379261160989129
0.26248338733730653,0.7550944188967805,0.17587833876508918,0.19395696887955852,0.2663479537554852
0.019852345251727466,0.3601130813049351,0.6846104687930719,0.3724046397132342,0.29310734206559547
0.2300434966546211,-0.17200201496987583,0.5197916716518961,0.3100151808601369,0.302144054554226
1.3330725961543624,0.41779728812683736,0.15521773403444514,0.2559102682371293,0.45172345703491823
0.3601435732044917,-0.13049910767019063,0.5298701627838105,0.21868146855064477,0.5337653828104054
0.6668665123370756,0.18386972157074136,0.6117692918382426,0.3360542235783317,0.4206683206751055
0.4796123022544061,0.05868485206507873,0.1824242091292827,0.4891774305406096,0.28889730633731164
0.19968247554018098,0.0252910477874414,0.4220469579145645,0.6534411511104867,0.20797351910277692
0.3359871930060962,0.7749116796904076,0.31051997186352076,0.3998545895968671,0.20954912093871536
0.4647719258484607,0.2701491164840778,0.5497452571094041,0.517071548572267,0.6188513461101068
0.5136264338049102,0.4333561716996233,0.3737959815389046,0.2744898364263441,0.3681739744936173
0.23791720332484234,0.384603369518087,0.625955096991891,0.17218297792171222,0.45877362877029104
0.748840687664335,0.29499578580504476,-0.14212884692508454,0.23622723777493848,0.47734073096019014
0.32610181707942393,0.017326220839074424,0.22046222961299372,0.4662470298586083,0.3944600045372984
0.25877737038418835,0.21833427006573514,0.24673454913418635,0.18848847833676396,0.5149388268770475
0.23340865341513434,0.720234655264341,0.6755119460713555,0.4931821478911316,0.28707871734997165
0.4640070008772585,0.32868501377991416,0.13426245713777488,0.38762204185916066,0.2045156802758126
0.7129145370947819,0.19041244735988547,0.3823180038235507,0.3821290827166881,0.3083908812915817
0.5238672085147906,0.1881606159313699,0.5331663369109636,0.12552026464409474,0.3524680048800193
0.9524825251768044,0.02300679928265409,0.18779095678912344,0.4205953049574172,0.3594171929362136
0.4512193133318801,0.49503489367112413,0.4822683753886017,0.5157992913258677,0.3861594591073313
0.2650489721868578,0.5540278203543574,0.7661678569062945,0.32037010468283883,0.23238565277588347
0.6924319891913875,0.3042744757947893,-0.14348133741075686,0.4763314742621023,0.2824908316391114
0.3147142057301268,0.4483247416407142,0.3859403667111368,0.45551752495857567,0.29465448694990165
0.5066026446318534,0.2622684783148897,0.5095473901197209,0.44164248671876943,0.23975911801655003
0.688763043877614,0.17585882243024178,0.5260325620158907,0.4034185686469614,0.5508605281675651
0.2756801979601375,0.23588267627772952,0.34200399046022384,0.29840941363276985,0.4357825698859911
-0.16377494554787092,0.014143709849478325,0.10857935542495206,0.49760417076666963,0.5385997365630153
0.31531860530803923,0.2949622319688583,0.364012488217546,0.5320574383569602,0.2446671159884679
0.4247282402472767,0.6577339172403625,0.4613974120607819,0.37932483489679003,0.4612697049288831
-0.5044867586893728,0.5647133482835595,0.20409458136009714,0.060901874665425404,0.40750453849097323
0.7857403243581732,0.3078863146283037,0.5644205775088618,0.6062749272119856,0.4983632564918975
0.8709546718223229,0.5870336709536976,0.3692198267897657,0.09905931738655654,0.32484172984378734
0.08669536631520941,1.0398657190582103,0.3140240900657051,0.37283374375935036,0.4150112928245293
0.36814265856358436,0.8903765581542883,0.21512572445584527,0.3851244947643019,0.2713436193086084
-0.06207241445990486,0.16189698242022507,0.34707367576844406,0.28747671365277927,0.27794033635310755
-0.0883602734910533,0.33007606678043416,0.019890652010133347,0.4765317560790253,0.3655734009368482
-0.10356089717292999,0.2595768616897507,0.18917007209611267,0.40782327855704503,0.5072242732462405
-0.2346232426139923,0.39473279840082204,0.32255157672694984,0.4645065446651103,0.3821944660240195
0.12156577747041811,0.25846564604462474,0.18136256659334787,0.5294910261879617,0.36174207411651216
0.9615696436880541,0.34117772672299945,0.201955791707096,0.12102109997861582,0.15876321590859752
-0.13958640896224156,0.4458342254542823,0.47511573474109053,0.11135315968625276,0.4614296869984114
0.209605045138764,0.40878238860943555,0.7228658543130171,0.5041651090284756,0.3323397232243872
0.08154363682871274,-0.31710041387962834,0.20255579255629744,0.3299807414818217,0.25299333692805603
0.32285726688661925,0.38866706362660314,0.31408503831733237,0.2615899323448735,0.38322052992639094
0.5051192696907298,0.02055090103879309,0.6808594366421861,0.34977721295135306,0.3674728172781113
0.5903234312936908,0.4401157825549131,0.5794941968939011,0.41176468303197755,0.2978937862834901
0.4816848195505046,0.0056893838914436334,0.3916420555407356,0.3621132445142382,0.34409919536111633
0.32772123827667154,-0.2267245512702688,0.24566974890275933,0.3830484362053228,0.3862408563255704
0.044389955363314526,0.769621332316009,0.17568678526855075,0.5226540117551232,0.41713115100685594
0.16601535183939356,0.9317729679256348,0.10346506074487344,0.5157014058432421,0.482238874381791
0.1593026408093192,0.81170756246668,0.3154592709533562,0.4170178420966026,0.4004762377473809
0.329900219100608,0.6287724612616603,0.5498018442257806,0.09590519251931068,0.5182020448155791
-0.15235275402403958,0.6998931528815011,0.6253123010278412,0.20087643486021506,0.3274429396736422
0.024719857184678506,0.30641037709613045,0.30549581449039376,0.4976495285598904,0.5208713457661722
0.8167293489273503,0.1976022362044245,0.3285919421681111,0.10920042599864771,0.28527636288948766
0.6814892528484832,0.8872685234822091,0.10036757782900796,0.28269955181800605,0.3734241229985014
0.46597211475559014,0.12135826491318663,0.4722003095805039,0.3024567982898209,0.37576156437172376
0.5511286257347766,0.3804092784134486,0.2807995268144595,0.36104754666387384,0.36849909920456986
0.26237161799816466,0.297540878628208,0.7368477539080038,0.46806853134830734,0.3463436755230564
0.6007767147344059,0.2748173888819566,0.6426990239527338,0.4388259427125653,0.368383635974134
0.5229619046382918,-0.11537327487636673,0.12942851584961085,0.19260526259877528,0.3973629052216735
0.930251730260216,1.0879814429259225,0.5250549459763971,0.46157284709916324,0.18101800613401892
0.2117748600176248,0.1342642874130781,0.2445576400476859,0.35679751132307913,0.3306020522199873
-0.2415251729283019,0.6208943738575132,0.14451175159008298,0.4222126350665858,0.6162738764101438
0.09465044987770777,-0.4147617853129655,0.3214328971877993,0.5594623883105411,0.6043352869454306
-0.00243133507421045,0.5434564721327704,0.2823398051862187,0.3696344806890078,0.6820329603753567
-0.08789356195060521,0.467626913691685,0.49196675985538674,0.5590652793409885,0.3983422369779232
0.48580252231605237,0.2645382368489005,0.4485670019084536,0.3341249250909978,0.45788223831944547
0.27250833852557826,0.5086390045171474,0.3828460253281371,0.5674335670015809,0.3836433964113549
-0.17029170610599198,0.7894450074497915,0.18786249097577964,0.28702085600642846,0.3237934331380534
0.8260268791232415,-0.28396809423485786,1.0930132931477947,0.5583686341503054,0.41635026075219334
0.3750333852097772,0.48269251956163417,0.5089189098379889,0.49440993406450817,0.45451086012170144
0.4217212921050072,0.33098950559031587,0.3595676588505074,0.36257568835633747,0.5201527437659573
0.582093510685548,-0.5354381347667913,0.5410582666759388,0.42518489030366347,0.3923026918350187
0.2725350729187793,0.7508710495876837,0.6072687533740544,0.27319270624531355,0.44090522461575654
0.0891315578971898,-0.039877173811056876,0.2562581647110799,0.5327527769959481,0.5029590160223215
0.5596492535705752,0.6266928182205608,0.5128183712472425,0.2959702514982615,0.44568780594267843
0.6515101144597463,0.6369262605512149,0.6642475101959745,0.5103910700291605,0.4376915025300701
0.73781061856459,0.3910126408351157,0.20220623262148985,0.37361624853985703,0.31611675187906935
0.18689028284214937,0.35469958401230917,0.22320991939230772,0.3517074071319594,0.1886878444754359
0.46885079398939494,0.4017826061821859,0.2186948291303293,0.5056372938937297,0.5062249294717422
-0.10595266224532934,0.16120764959072106,0.23041694455257042,0.2537906734344252,0.4951405090116665
0.34211019654361013,0.31975646605745056,-0.04467384303329214,0.503871815493345,0.26485010277442145
0.4233567661850385,0.4921186938395144,0.708656915850868,0.1974617289390529,0.06681268243928928
0.46354373622607903,0.97477703402292,0.6824422319702083,0.43855546966375114,0.3504388088418073
0.6616409820427325,0.0985440665596799,0.5129232417954737,0.48632825601712537,0.5249414775857194
1.2800885364781975,0.5315002320576857,0.2935996808917347,0.4033637536014616,0.20961870837295635
0.18872082694155287,0.2789819373339768,0.2912186800083375,0.432497828820911,0.31645906466553936
0.763910432973792,0.40947488908591134,0.40732979438155736,0.3575647025636072,0.42676025533857725
0.6713293913906262,0.13619975945045365,0.2632510897418333,0.36238710862980517,0.25993746671908413
0.15233932863994615,0.2608171484397968,0.6069307760978121,0.4529260026677568,0.4330554214902108
0.6814899740970701,0.3689716386531334,0.49972300713893747,0.39609162024531974,0.44208082500874335
0.22912894498993147,-0.35780828827187483,0.3833876799523839,0.6383696457551655,0.5169674434743889
0.719699904284955,0.8053132710759761,0.4342388544255289,0.44561276709086617,0.3453588331832744
0.31546440225541983,0.6101393504851633,0.6846121592717702,0.39336702329643014,0.3650827254679948
0.416583371666187,0.6065346835445163,0.09356066456491047,0.05335832982591521,0.3548645254373288
0.03139425402158824,0.25672937789205375,0.38437273355617163,0.34575255149940065,0.5798082245268227
0.5217441853863076,0.5134367539034906,0.5575481654351234,0.23835309206751687,0.53459464806307
0.3954606483444513,0.6314440071671986,0.17974485589415728,0.17374858766624998,0.5108622630913204
0.5394515639656947,0.13516667255392867,0.22595784369520633,0.5983672842569825,0.28744012813551834
0.9408802197258364,0.13662013847528248,0.5641701956161547,0.3694622781924415,0.48885982637510084
0.25035846707537024,0.3709427854117919,0.4315722281992293,0.26396267228648557,0.5052491022097317
0.2611310438085801,0.3511337828838111,0.20108014392251977,0.018282899068127578,0.40206587028523993
1.1873604094588484,0.6725380855936485,0.4201176725885678,0.38285773461100214,0.4269361875995724
0.5984396809623911,0.052019626756256376,0.6745953312336618,0.5385371430415111,0.5057210305830734
0.565084629762809,0.43262975826571387,0.5768827727310599,0.5200004571315395,0.3868434716031023
0.24603862020094278,0.4596372161328769,0.7737988631534536,0.23150739623258235,0.2633531147813824
0.48053038117970703,0.4445205327040879,0.467188802914947,0.4670008158220627,0.40347365772369637
0.9005656162887302,-0.07682085929166715,0.24417186277293362,0.41310341836316056,0.24571533534904028
0.3748203849726551,0.9558334292422273,0.4351007911945329,0.46690744644717064,0.289539726541633
0.23652084030811477,0.31278391826398894,0.3603881760489452,0.6340771084931234,0.4937831875426985
0.08095856568859594,0.510384087828461,0.543838202183194,0.6127058241213453,0.609142253250986
0.112432464855039,0.17701777410541503,0.15223047548026125,0.3964316448089455,0.4855738847903487
0.7466570229267206,0.4104166119012674,0.36291435399115685,0.4584294798664443,0.34106261948587685
1.096205597402653,-0.0729516196824434,0.4767446846967857,0.7553956724378197,0.4361956811690648
0.3763408169419182,0.32340226890815094,0.39609963013681115,0.6535028395497278,0.18914275690766696
0.9223517511333057,-0.012857351785569848,0.37781216398475687,0.3695679353843182,0.5032396934167925
-0.06693285517486602,0.5845902681475772,0.8910878309560777,0.22290170335613282,0.45964823276482913
0.23010229421185652,0.5741167992290155,0.4437210126314051,0.33801145335137517,0.4939852191049326
1.0110254123150064,0.38007136085837306,0.6013832090393101,0.23595603128164733,0.33350760270450686
0.5908294233478827,0.9107601376551513,0.5209590036005493,0.39194262062845736,0.441362218159348
0.04702879811902211,0.6336069736187397,0.6397381130575126,0.3709606844476356,0.3898901327084302
0.5275215220388225,0.3053405369398628,0.42865574126012984,0.775438608765946,0.41582513049056496
0.33112733869663924,0.23967374584592854,0.6108508281027889,0.41579038672193985,0.3718423316223302
0.86327846780018,0.894363332193584,0.3111866546169896,0.15031956594547297,0.5580889003822953
0.22994748609786336,0.6964642134254128,0.005917840532894625,0.5875784775679296,0.3110333081308767
0.6785353523051171,0.4519609878035698,0.23414010862868953,0.38308935548516426,0.5241801836458448
0.48193521479065377,0.633256059694504,0.8903939984950529,0.20112013325746653,0.6292583110333143
0.4824496944430078,0.1652289777166569,0.15198227959478994,0.4195468901076231,0.5524930645361185
0.41011587705605007,0.9283195981478998,0.12595770142540536,0.4485390199650245,0.31042860663630856
0.5664419493464421,0.7319098695304246,0.3573662541508938,0.03968908639580515,0.4736945304631799
0.5905613090005694,0.580301679626315,0.7287817510822545,0.2831039962526861,0.528502925011321
0.83055744008266,-0.10898532490221247,0.5249297746421296,0.373735622638302,0.4443389415153148
0.5643994121403725,0.3003792540852341,0.30336153465933713,0.45985442579761066,0.33289666307656407
0.11208740066314815,0.6702921510163157,0.19857729997935164,0.5608087122712616,0.5071747342865028
-0.08929154996582084,0.24219170011637675,0.7234674362350184,0.30132056445394356,0.40453448147823473
0.6035739414942494,0.7051872881266856,0.4012116526394509,0.36298280043764564,0.6164832424526994
1.0083468144685974,0.7680005531047822,0.47753617510739965,0.3306604267072097,0.3656119512287109
0.6246929276799368,0.5917685941565074,0.7728664325590868,0.5623046492935339,0.29140997294066695
0.7931155055797137,0.14484597793545978,0.3746018739112088,0.5000205866004231,0.683582868842626
1.444904058921347,0.6533241390429984,0.42049745219077167,0.5459742250326542,0.5607043551039825
0.36105845559858785,1.0301581390706747,0.5139078481811584,0.5411625550193082,0.5369150572354364
0.5967808555206833,0.7287597437480169,0.32544145501873556,0.37518820525664565,0.34046248093052095
0.6034469567851497,0.7107858148390671,0.5668255891615174,0.7292249651692597,0.4638388105392086
0.6769401452558874,0.12023933624530542,0.37890734058519504,0.5754396410931589,0.5603979674384767
0.37350595532383335,0.44382479500291305,0.1270595785824079,0.4100151931795409,0.5660143304490441
0.6493632647125263,0.6257918700610561,0.47859720227021113,0.46858425090447287,0.3936413197253301
0.6894574186181921,0.6015918022262557,0.578487227500772,0.38529505689657456,0.2277174110834692
0.8164196204866564,0.31804777047074595,0.2765469436954958,0.5791181130166444,0.42564112392455344
0.8056517853174989,0.6655848835242073,0.6233212178714497,0.25449390895502744,0.6059699272827707
0.5540861433342659,0.3546957866865558,0.5035341074881496,0.19062402166155468,0.5171602447548308
0.14695662003867277,0.04472056982281397,0.13206260981702594,0.6484039520204573,0.4021186862700081
0.9584807608584889,0.304038173783892,0.09169662796317024,0.29693545879939065,0.6116414129594562
0.42517514193946665,0.3010908075698401,0.5102556375390492,0.553813291316514,0.5994034599912582
0.9335311510216258,0.3617066403346898,0.17896219872690156,0.41010089336157274,0.5045757207723462
0.17170914426210843,0.17379878091824447,0.5533497837750954,0.46878386425218166,0.48014329203637923
0.23762019225108075,0.40461837433550374,0.27081266371324764,0.6182302049083425,0.5932218717826647
-0.10533738484447575,0.18454133567144326,0.1438443640086245,0.37570067016099395,0.46914982986068743
0.021061410137225067,0.18796181019416203,0.2549877864308515,0.5122513217515315,0.4872324120528651
0.2522470263381824,0.5363961498622712,0.35823909737223447,0.4375280361477477,0.6675781120303127
0.9053724853217241,0.07051781017046826,0.6670152904327911,0.6097745413717993,0.35310174299556524
0.7414027076316124,0.968819257328074,0.23147383302729851,0.33741254878073884,0.5962604933796934
0.5693378391099252,0.6578755940137647,0.5596415475109732,0.5452579326169825,0.3351793910253632
0.8156754231592631,0.8543413149455696,0.43319115476994785,0.47761017512805254,0.3133014616557581
0.6481071181445395,0.6663859323120567,0.471579151325455,0.6632613610881729,0.4481345155751832
0.665030557111688,0.1640403105748423,0.4812200654493737,0.45891865775041774,0.5116766779641249
0.37063281229945144,0.44591220226580097,0.6721972502839506,0.4184289979785426,0.30786670707017677
1.041755497974386,0.92534262564763,0.19952976538416367,0.5975408677170205,0.43225419959248035
0.572811462967628,0.5825313285156766,0.4370743118931402,0.3655652567349464,0.4122846527778198
0.20076516781516957,0.22744521185858396,0.4754689681742349,0.37731889931012585,0.566746229646869
0.9618000207105029,0.3080625508022171,0.5450239652231402,0.5704986445629785,0.54426294965698
0.5165116571828072,0.7273492945103701,0.6003266365196954,0.2968008810447177,0.5896670946440224
0.774079492769565,0.2521212339374052,0.5019766513914974,0.6015372939190837,0.4700914970330145
0.8337999455246485,1.2420166126166248,0.31874267466077566,0.27613216968203014,0.5284624461245455
0.723673594533049,0.42248913784615605,0.8204544587167223,0.28384333468366263,0.5729661526942071
0.3049064826307838,1.0402115307151383,0.9420364740860878,0.3752774464680866,0.43505414082591276
0.7693230546922545,0.3750760369579125,0.4873432404737433,0.5015117592529087,0.2828715139055209
0.4941226189644096,0.2803874253464185,0.38823288328425387,0.726756760202176,0.35801675700822055
0.7566575590181179,0.4112836752391609,0.4369432240841514,0.6244682690049621,0.5375183900241417
0.680944173871405,0.8066673727925778,0.42641769386915473,0.40369737308708564,0.3791769833403542
0.2404837735594823,1.4340870433895903,0.7798203167748408,0.28787788722721264,0.3536462070682965
0.6548819307190729,0.6755628267969944,0.6252366592545452,0.4621904519882345,0.48847628983083163
0.6071881129510809,0.5306652570001136,0.007252853908092494,0.4671689915993594,0.40831337032916515
0.5599112200865836,1.4485262898794347,0.5866759029530426,0.45493110838537565,0.6075650455136316
0.6581448177610623,0.6383510477370732,0.6412014233671368,0.8306735941166805,0.37906833468764944
0.6562821200705082,0.21355907129229068,0.6307229104647132,0.3612494149079817,0.4598434781678339
0.4141918831539541,0.8160878487077645,0.7128801645967082,0.3105422959865093,0.5136493278314666
0.2841196562306253,0.11053431208442727,0.4599820208059693,0.45973309698449416,0.7798236597879099
0.6464234278583627,0.07386860482029745,0.3832222029844118,0.6710043883897868,0.7430045098722747
0.008978550741515878,-0.08397377808258732,0.9288710420771226,0.572113920969755,0.4134324318682828
0.6805760730636329,-0.3219851077817273,0.5122662977324867,0.5633445900821058,0.6148480545905017
0.19189046054552883,0.539609172139421,0.30558127532035645,0.5528922297794522,0.4124097505021044
0.38446069683628004,0.19860903585382383,0.6591120034466573,0.6492465529410121,0.48728213634628736
0.5266064302376874,0.05642968759377781,0.44750477889326923,0.5065764675690936,0.8075280898397554
0.16388066707056415,0.9785290127789013,0.7384199136591766,0.5598880271429724,0.7121352629797112
0.6341865988416244,0.6395794595874952,0.5046383774008755,0.7099797436439974,0.6391055036184289
0.31966098664511544,0.10033492434556862,0.472129667184225,0.3910203135441246,0.5104152541634329
0.9098308154337269,0.3739070377346203,0.5089429193546109,0.5276927184218416,0.6133759748595752
-0.19100927505349308,0.32766404066413257,0.5667639893669243,0.7092686632368618,0.46452315397339966
-0.07289754952395322,0.7164904866534563,0.37844917134444456,0.3324177055660905,0.4507165838786522
0.4631694798965542,0.33028446724400046,0.028341958267551426,0.6633601412269409,0.6640568842773752
0.7285518663546561,0.16275472453471418,0.47746764584278684,0.521491412049271,0.5894697705028186
0.7348713432094438,0.2913573832677043,0.5418582873228874,0.5958259039209002,0.6862894072976119
0.7473090537575491,0.7740461580339313,0.5432687283619878,0.7475376967973859,0.5703373978453151
0.25322561934722976,0.9693100760733312,0.6815814414372083,0.4554741150012372,0.4719165820336356
0.6203119486216155,0.6729984195869613,0.5706424182651588,0.575748749698781,0.7165875389467695
0.866379224749406,0.5878117946765652,0.7380109721811174,0.36427116384177805,0.5720171242158785
1.1006814335447097,0.45957636213945696,0.33899182008578066,0.42542422228643534,0.40670385142717114
0.28136602446719483,0.4123645812212583,0.21523518934801006,0.5319990049564234,0.6304071842861962
0.24347282159469164,1.0109702916490633,0.6447471137622098,0.6934796286766407,0.45698239151244935
0.8017561350918386,0.18623171357146928,0.730596924398505,0.5587017167998899,0.5933868983575649
0.16077687665434004,0.24948659588035832,0.6660768219420974,0.3825855471413596,0.5843205703694957
0.10120659915944985,0.8017497699982044,0.25793294196595784,0.6208598212653507,0.6034811983564894
0.3141959389690602,0.718587495606187,0.5927711950373077,0.4493361563244365,0.4217746929035232
-0.0851012024693355,0.6461045888807995,0.18563499872097394,0.55061077713153,0.5060811295499874
0.7513003392198321,0.44102136299741684,0.4628697720056442,0.6522554554516653,0.573997163008496
0.6375148295903625,0.6859329791267936,0.19417317235306042,0.657196334347095,0.6060136304131241
0.21703510404178317,0.4613535156202142,0.5297491618238865,0.5172727297046343,0.5758652175491911
0.9921774593087254,0.8816242151828633,0.2461184077502825,0.6378974412098384,0.6881188015418207
0.662860134914365,0.8855388431651989,0.9904978911106116,0.7024032319483016,0.5684140889020363
0.8720275349913091,0.587359097324792,0.5468864245069696,0.4859780721884075,0.7163364689055348
0.2837326738675625,1.0271197648338082,0.6543155585622262,0.32129280972695007,0.5836469830929703
-0.12054314754727158,0.7413465463316447,0.7414873207221768,0.4498838432722345,0.5573565958745514
1.1625033842645944,0.38461339408541384,0.30776560988966095,0.7788160984193718,0.7639684630344039
0.5467142195979217,0.8653982416413399,0.8455086792761272,0.42814848046637577,0.49128670365755184
0.9357832440885314,1.079394847609012,0.6724105332048878,0.40743568278779496,0.7687067326068592
0.3796398067125153,0.44156767569985944,0.624096614466434,0.7932818864847585,0.6430249642836745
0.6797405389254532,0.6950532454490218,0.5582787242590653,0.6367981544495034,0.265735134203843
0.4557540353839766,0.625862245919144,0.2921749761462651,0.6106326294254308,0.5266889720711821
1.1056807089257066,1.047983064155665,0.4463932588659317,0.5267010142706364,0.542282961377001
0.40872428440525876,0.6132238665682356,0.38199452633636855,0.37278557075571506,0.6211727829012061
0.7516272866125246,0.2982055767031372,0.7527601132734304,0.4526913453725824,0.5808572866421946
0.8129691080272792,0.542924327307202,0.6552367127233371,0.47189885725783454,0.5315879217609356
0.48945608661376694,0.3184657518715902,0.5150266500153021,0.30969650202331533,0.49964189625388017
0.46547001469432003,0.47454440472519505,0.5015550850195919,0.5457897780847626,0.6091587468393622
0.8331031372530656,0.3510827504349051,0.28751266623295446,0.3917948682695739,0.5020856140251401
0.4462702654107412,0.3140634217021824,0.267737060754254,0.4854385224046005,0.5778416703327011
0.7467233972539316,0.3822859117478289,0.46620943807134985,0.41203469056937514,0.5550435524528486
0.2912628679446813,0.7407984875829399,0.16022767208918437,0.502697115603055,0.5932243835074007
0.618694138974012,1.4121725799292528,0.6387782239070543,0.4018055895014177,0.5498873332649604
-0.00013684836613381268,0.5360736828999296,0.37528456430939794,0.7062974724985254,0.5001210910430858
0.5256379378637215,0.3615815262007642,0.9513815451137079,0.5117696214232942,0.7674486686558392
0.8210209564968951,0.7160064478198809,0.6460148018595053,0.6258283835027594,0.34804321727460646
0.4763738918530776,0.8318269817235058,0.5536308219489267,0.34238454152244596,0.5587055688738272
1.10445104602801,0.9598673472340125,0.5517010475835675,0.7160029052467727,0.5245888349768724
0.027755061084788535,0.27422475238180893,0.9160391193320929,0.5232444564810917,0.5393554104407192
0.47275040459304385,1.16970842747916,0.9311430339047075,0.9183875258203783,0.549785772470054
0.6620532402249323,0.08896408331915001,0.8988211460795787,0.3839264092197663,0.5928048133902725
0.22257204261160574,0.3833535284685674,0.38235199848618356,0.47345605171936117,0.5092938189468418
0.3971927543746696,0.8340938918389298,0.3235157394607628,0.6054412319599509,0.7067425434892329
0.4092846316935375,0.3445456845691711,0.5200246983325015,0.7581025051483996,0.5932734644597291
0.4045878629126013,0.7255878050054752,0.32609255476270993,0.6803049704934224,0.6182562583787888
0.47623598838426584,0.3083894599171593,0.3753056919157717,0.658135619323445,0.7109777709029431
0.37304016946643476,0.7195291778104831,0.10790114612728025,0.4821383951047948,0.5711020803141776
0.28790842084084667,0.2794262568153341,0.4262555273506667,0.6217753024380825,0.5546315546098275
-0.13121428616689135,-0.09404769508277766,0.44087739748996213,0.6489431798983706,0.2693961967344019
0.4195490203619465,0.41116339353992404,0.8880193423580891,0.5167002838847203,0.6203970478032949
0.6232480084223646,-0.09516569968121102,0.7503549342980257,0.6126357564427163,0.635404740035765
1.8211649583370129,-0.07947479940484437,0.9652334745227782,0.5341301361260515,0.611703927686863
0.5661883449225584,0.44642527260694287,0.4531620642446182,0.6326804862472234,0.4109554046089545
0.8189355549457675,0.4499693546960104,0.3288903954433319,0.5104283012001473,0.7221351369198484
0.41329476394501274,0.6959355694896633,0.41913579047459487,0.7024205492909302,0.6592246777344358
1.168165025175901,0.5280653893052647,0.7330993432756364,0.5990894230571677,0.7284664533020575
0.3572698245105261,0.8201759503464426,0.541048945669354,0.574435542658728,0.5948428242011373
0.6653510026467954,0.5488307349328541,0.6335969129090516,0.8351079595124462,0.6957622098576568
0.8614374016951554,0.44253233993968877,0.3877462925579119,0.7376328672896679,0.6845315955649504
1.0532869454588276,0.3965921435198867,0.5362589478346468,0.3283623805198853,0.5437079839697555
0.9037318548273867,0.4410697969580779,0.7318042246170071,0.5584674027741101,0.6248192657730874
0.2266577053114212,0.6165351834908425,-0.07924874649829539,0.5600387123032425,0.40729713916750787
0.9719595423867466,0.8364283810403759,0.6949413944708642,0.8310827912467456,0.48449849831374403
1.1441563520884666,0.8863764474573947,0.5386962213257366,0.7711489026852791,0.46790421675062055
0.3318583212434501,0.40013962399169645,0.47430958121127487,0.425536161073547,0.7293374366002967
0.5117366448410136,0.7050654522469257,0.4660591509575055,0.30573093632592385,0.6237869241529557
-0.010113524336984758,0.5728906035282901,0.2886300504480518,0.9088105194424135,0.6964880445416912
0.6290378807571868,0.9952147351708918,0.40635358998983906,0.6815272304921269,0.6179350812160336
0.6800870771003269,0.9989501015190644,0.7603868100763367,0.6422478160422745,0.4115745564707557
0.2940043023686312,0.5587936256563132,0.618476295207912,0.4188966980988254,0.8672312469148005
1.0781245030926494,0.7890051299341243,0.6147065304702162,0.5650454143583108,0.4921708793162668
0.6241010908806458,0.681108109554107,0.32193349374398256,0.652437530540032,0.5822411102348948
-0.0027011214170059583,0.3285229707274257,0.5081155917405148,0.899070226009724,0.6628251315779701
0.17928524844848154,0.7552997716072543,0.2556139114893248,0.7727900882301642,0.5489282642345668
0.5729922398192836,1.0218563146474824,0.314784078851043,0.38169882133271243,0.5373542143359651
0.931967827940573,0.12314418834911162,-0.02968564041957711,0.5322691246469112,0.6652901003316499
0.9841606963599756,0.4581401217670231,0.5126068184782566,0.7870523303040466,0.3955611275603567
0.4827445488183525,0.6658229269128428,0.7060539653614925,0.5249980897615134,0.609456227775012
-0.1802715934817739,0.39845018169014335,0.7080142375726267,0.4512922825945943,0.6132012430603191
0.7489211002308024,0.49928403906950347,0.6457244655725365,0.4553862234118013,0.5845077642916785
0.8015759047051605,0.6582478173807049,0.47745622964118734,0.6440603349252114,0.6885044120711272
-0.03863874138064671,0.9761410118186684,0.5344207642648792,0.6768854751352154,0.7434658849657712
0.1768493016313638,0.38626566729220146,0.5460891607309117,0.48668829806410635,0.8045824166217017
0.34067648639519627,0.43593229461663086,0.6573143884635725,0.4215350820869906,0.5673731631679862
0.7130001482325151,0.5073529105392698,0.591730676142066,0.5289178569123516,0.44328968455094664
0.7153103164016019,1.1685721783696883,0.6177283433464758,0.6492309978940874,0.6910623721137256
0.21321706735460833,1.1529970215658603,0.6598567088753248,0.8726338454436714,0.5326590342275177
1.190537275866354,0.8607413058099134,0.7392791382404349,0.6526181308123183,0.587829271397188
0.9962580610082987,0.6610023046970787,0.17676645924649315,0.43997392711168604,0.5958384298549885
0.7156479035315524,0.5997227661905349,0.8901877724741414,0.3091213257495063,0.6336712369563406
0.04372310950941727,0.8588607406351011,0.5974970079626627,0.684964780644406,0.5220335673944942
1.0242219566546364,0.9490418829395912,0.7501040925613512,0.5991411448014811,0.6844496349780399
0.39708156303207554,0.891171075375804,0.989455761350164,0.7898990134487476,0.5390485846685653
0.7359118124626937,0.21269436009525933,0.7496119861667284,0.6928682769261634,0.4125697995899343
0.255234313067761,0.5330862418328689,0.5553483379925941,0.43138752795443247,0.6661117666542714
0.7031465611910738,0.5621903300120262,0.4546235065065594,0.7894387795199475,0.8087037653887291
0.47170905685604697,0.43104044798334096,0.7344619977176442,0.5680152091617329,0.6090395437968161
0.8595244894228318,0.021834215542544277,0.9204069869522835,0.6371174255464257,0.5796192934498164
0.5984083093847758,0.6147457454969535,0.23951824690271722,0.8629971146269808,0.6312469727751397
0.7677172016797009,0.9285340858300918,0.39928876051007006,0.7024901080794577,0.5977044439865324
0.8964010592036865,-0.04405974631888576,0.6064704694764036,0.533314313984945,0.676957095717259
0.7782706529302762,0.40585867373439444,0.4703827124199961,0.6121318984924725,0.5293819810409485
0.8968892536660584,0.5138770624358039,-0.019391696188795104,0.5713660598209553,0.5145179015796564
0.11577692475112122,0.24032297021678156,0.6560961096649208,0.8417081921094813,0.6666467202846117
0.4408394210955262,0.7768021977891684,0.5299769184865194,0.5228066711251665,0.5035709627897831
0.07965672363059462,0.5103289309913353,0.6689754683878829,0.6183560899770553,0.5871271172695312
0.33556347064126674,0.8269789690194216,0.34011498380109717,0.7573354214153494,0.5225833655082671
0.3976947214551362,0.1717974315806583,0.5235187071855738,0.7898460755920762,0.6932846084790837
0.9460408753447385,0.8017526074796694,0.3898485605056924,0.5843342679208635,0.5494077222019975
1.0584023670599718,0.25917983758392976,0.837474516118492,0.7788260413879304,0.84219539483984
0.5090843626843624,0.8638946838469629,1.1488314993874478,0.5409809147908204,0.4670159215546157
0.04512826652774782,0.8650189723397865,0.21855445193345313,0.5807708284616075,0.6885327403234495
0.6991982869733331,0.7751781196049384,0.6903461634685742,0.842847080230341,0.5341684324697146
0.42755698140264037,0.3973052713718397,0.8272781742104929,0.7840071587080844,0.6920901659999033
1.0168962010183202,0.27011341087567164,1.015445287358146,0.88348781586996,0.7248876822219252
1.2070979320555555,0.11977338754805311,0.5263734753080075,0.5273819582856919,0.7243074842577436
0.3125609845569882,0.8841856434882287,0.9511058430043537,0.7545658746556397,0.6763689735242581
0.3332526659450115,0.3778478564786207,0.9250689274668675,0.7688715428718612,0.6412831307567677
0.5144920445919876,0.006029948553313957,0.4071967664417995,0.9488685405707158,0.5034873617001554
0.7075664282176598,0.9662294046782924,0.36703840843179497,0.6768529380476134,0.7525097925990015
0.6526012812921038,1.5557173389780226,0.27553851164290727,0.8160483275603837,0.6293288270762206
0.8937522357570231,0.789203224358756,0.48571094016333094,0.6858571584563158,0.44192995260854506
0.8414142601115837,0.744936636269842,0.7934594058113963,0.8179538477125445,0.6917517982799768
0.6984816380451901,0.37303337984107987,0.4923942474010427,0.8392908705484107,0.812238831934067
0.5773555213123972,0.6671999986471927,0.45037472906169795,0.8380817912825919,0.727048515209993
1.2675205069395181,0.3759035091160701,0.5691285178299927,0.6902484671706376,0.7259333813085156
0.5864545594308378,0.3786001192008582,0.8517433697099763,0.7686761670014206,0.5522120959105064
1.0842843046128516,1.0257049792606852,0.6856852653542734,0.6682411827551005,0.717601197639515
0.38416221977966974,0.6661534442228956,0.17536906471684882,0.7952364620517761,0.48207640706739674
1.1330807513871777,0.5532645178253784,0.6103274816386245,0.5584042122705942,0.6254539325450449
1.1072376569596825,-0.1280555150747803,0.9441967994794038,0.7121048638036727,0.5237095359125313
0.3196160238354792,1.1897816816199138,0.44823789398509173,0.47729893195958983,0.7868152910859896
0.7677204804071303,0.3640625509025005,0.7090994777235554,0.49847492084399003,0.783736234558627
0.9972966307986284,0.8298967934222344,0.7425315334379661,0.9401299547927584,0.6616265919975313
0.2889212482677385,0.8047987940004699,1.1291169633654483,0.5022150988753923,0.6222498967795177
0.795355463959049,0.6466174536851038,0.4440139056371533,0.8410449654957641,0.923052101913578
0.7266868777974179,0.3787731690747859,0.31830656181633105,0.7054542487784525,0.7880819035885159
0.8159269006231553,0.6649055044220367,0.5339005186042183,0.49297943281602774,0.758993701164193
0.9556266251470142,0.17786398935577263,1.022165469515748,0.757435296525601,0.8231461050412011
0.2432496080550111,0.23575614622880892,0.6343571173475777,0.7471648657202293,0.8685069132767753
0.8919504262160232,0.5919261106482856,0.4391655368333154,0.8631488353238728,0.560811323156595
1.1846366427739896,0.579739347235122,1.0253346334862716,0.7770181322368573,0.6543531083194601
0.5064231163308437,0.5628661341999777,0.7664451946755604,0.6828701838869783,0.6042805369578461
0.6192944208047085,0.696519910239997,0.19567225755837414,0.7441144113715599,0.5621355087983653
0.3079569433320889,0.13908753928471274,0.2715461157167227,0.45835760474152254,0.5934017197359839
1.291348447185676,0.5073759185716746,0.7134198057359866,0.7369953407667847,0.6883272069667891
0.650184902096681,0.29668959807782713,0.9991119375126172,0.9604175533600428,0.4865477135252071
0.35184940204230536,0.5871918761973884,0.45999846804698186,0.7556758540010863,0.594252368140442
1.361327520300358,1.0531611990004386,0.7242096749511522,0.8390574625664662,0.800320102937117
0.4993418233782121,0.4195671218517531,0.6951509977546956,0.8139143110623732,0.6932251028960408
0.17998860409900752,0.4248032982643937,0.6621378435299439,0.6667148961685431,0.8992155984680497
0.24139180892857065,0.8395610361475851,1.012655493320486,1.0388274189869626,0.6344666732714254
0.8360843186692667,0.8608547256025644,0.724391724691933,0.6650518820959854,0.7294242110526332
-0.11908484085222293,0.8973709927924314,0.7098959186663395,0.6465053118801729,0.9105278321918522
0.4692498057117799,0.5552188631256206,1.1280075391370794,0.5511222388718201,0.6211779242773012
0.6371901624844664,0.9495472707808342,0.7301497369173746,0.4793016707703339,0.6241854295516445
0.49262234908956426,0.6602652460643158,0.7799062215330359,0.750808820644603,0.48612053414014145
1.0221333673558035,0.7655549676206487,0.9952764632303805,0.7559196080394583,0.8088173356196002
0.8342212682721901,1.1124006501250099,0.8034654790295119,0.6712049268658729,0.9407526121541846
0.9688259107722964,0.8691216042065375,0.4022973441513951,0.4839883677812029,0.7204142734944783
0.734706531967034,0.4944860818955785,0.7202133786870887,0.9398726609333978,0.7664370489294905
0.3288711176443798,0.6544275023911189,0.5096937126101788,0.6283889504642927,0.6434460524443545
0.539645895156015,0.2937820359628311,0.6621462361386148,0.6020508403845889,0.3631683703185517
1.3408984486949176,1.0359908871515549,0.6075482916002176,0.6946672447207063,0.5606967533549309
1.2289273501264661,1.292668058129796,0.7277304754934035,0.8545270972229461,0.7122903503553544
0.2709839943800809,0.5634637097327884,0.7231936838772367,0.6218233888705491,0.6692475141013007
0.66579161680866,0.6691186679959022,0.7063800484100846,0.5269983093083261,0.6145298521739351
0.2894744830930142,1.0049081225494891,0.2248587258387445,0.8780943442785499,0.8506942703379746
0.6011388047415255,-0.12648752922250728,0.6159051989419455,0.6865482897276828,0.58370838081163
0.5347713360129337,1.1815879070039463,0.8463799311969706,0.5515112754831364,0.5190806804970677
0.595286742902142,0.6311977382235605,0.8096522100311517,0.6140576946353244,0.7558860897472687
1.3116491386864046,0.957583766211696,0.6889467825668892,0.6707410675466422,0.6598224310109949
1.0740521389135236,0.5023267710951957,0.7108128058457659,0.7087957997690031,0.6445995224426283
0.26768998755923695,0.803835207461114,0.6880607989050895,0.780796664762272,0.6420433738010669
1.0887602947321273,0.4254424885679452,1.0855265482309082,0.42637710804647533,0.7513114736492618
0.8540480863349584,0.45212646936985273,0.7986010731333083,0.9060133689612493,0.45585582277381004
0.8636865720540903,-0.08373675688324467,0.48877549028901757,0.9622985247259039,0.6396594959670704
0.334492266988731,0.6431122998584334,1.1681036200293426,0.41609131316237413,0.5881656843134621
1.1802361826414334,1.2941637687278882,0.6835787818557965,0.5107952726581437,0.9410291337190309
1.2119146632931002,0.92240959689162,0.5260490199772503,0.6999554882464625,0.6897789056030269
0.8133330776510492,1.1675556519762003,0.9053523371642049,0.5383605937162712,0.8626056903602501
0.8087307868141416,0.9269789914407556,1.0376382150225005,0.5339534401836549,0.7057042882436637
0.5426500251949052,0.2149100271989493,0.7882374185509138,1.1078226694769584,0.504983764680743
0.7015036861938792,0.9142691731082757,0.7392328342568765,0.6938245960512676,0.5664549064044648
0.7863263443910167,0.4734029308589487,0.2230313329392843,0.9015943273097882,0.8198635048046464
0.7300503490135782,0.7861534906160067,0.9539385243021616,0.7491849279596723,0.8147859489786856
0.6206425829026049,1.129600401414373,0.7864445836544245,0.7453970210235702,0.57271756821784
0.8064591244669983,0.4526284707297227,0.5729913591775535,0.5867935090122244,0.5965070263301394
1.388628430789233,1.1377230941002618,1.1461239443743207,0.52336003666313,0.7246831281393429
0.30867469107368123,0.49771968087233176,0.5124182830280894,0.913713158291326,0.673417892970798
1.0565699286713355,0.9097585180374006,1.233828003249628,0.4847980479037231,0.8595052749032475
1.0822561550369412,0.411910304282365,0.944921579995735,0.7728689050775182,0.694287100693558
0.46016944233356977,0.49331834536735086,1.1790726394485849,0.72082868387748,0.8081655132540385
0.47161737711289287,0.47511056671640356,0.9636608801322231,0.5083349864975174,0.6752994112102213
0.7334831349094313,0.7579418317980853,0.6826762467617358,0.7853073252833416,0.8001863511532539
0.9560365135564208,0.41198518757780656,0.6601847122115337,0.9126323190893377,0.8237483200884329
0.29058844732776634,0.8358724284129222,0.2823801114838698,0.7321457843381096,0.9369015274697741
0.42597572932012395,0.461889612913558,0.8965679785688487,0.4817873874446562,0.6549815627293327
0.9153379752247458,0.5261479300958104,0.6739622335213779,0.8443928190640152,0.7738570116485545
0.812103113120418,0.6204878469476252,0.8104759086848047,0.7081638732221167,0.7789119509414681
0.5715850245634473,0.6709953498167012,0.5073674368285349,0.7231935395757983,0.6380560756844721
0.37743730955601396,0.8115255666713901,0.7772997897633094,0.8535129358677523,0.6815284257093179
0.8597683709027288,0.9049082165383291,0.8301851776230181,0.6001834209226825,0.7474300757164538
0.8468830040698072,0.734001762285456,0.26518114396649883,0.7571073693607396,0.9791002220527566
0.6188783190953762,0.5024945385899219,0.8162160086143653,0.7821240645568236,0.8660845781840107
0.3359608968469465,0.9650164771143542,0.8657561201711155,0.7112583928218643,0.7716001270332328
1.0602777743499032,1.0105850786232606,0.4791478465955444,0.8644131303237884,0.7275023288236174
0.7587805489516742,0.7588826566793562,0.7021403821261708,0.924161235513578,0.7263757832777139
0.3827051656053273,0.6122916695225015,0.7766940901375665,0.9310926593332995,0.8041647723574573
0.4687748666210515,1.5236237932166752,0.7969432971487787,0.9393947196757351,0.7207755484054097
0.907401741176371,1.0042019885640898,1.0111353572700665,0.9059233472721216,0.8362533278354671
0.6401005666326788,0.5589377661630052,0.8141130400309267,0.8872802426017471,0.7148388083930955
1.077577691882365,1.2000984890444848,0.5358451543154157,0.608411958493372,0.7250463320378472
0.8390174086016902,0.5758590868520634,1.044103452672167,0.8087925998716176,0.7461520558106421
0.2886682818074969,0.3266452466242505,0.8055783213363799,0.405549767404631,0.855959046968915
0.6937311068509102,1.7692997885035993,1.2598095060191503,0.7150541268367554,0.7318549054345643
1.059575262805268,1.2833352143201933,0.37847031259006064,0.4622939834065438,0.6751991392652217
0.9300235498468681,0.9028709712647283,0.9849539151190202,0.556056911100304,0.48679298958237743
1.018074658937879,0.48484808952347935,0.29539913909360965,0.7696833389041314,0.8354264845946039
0.7091498935306142,0.6029633754108448,0.7121132693353128,0.6891534682085737,0.5970314987892237
0.5227468748486631,0.9135919285807368,0.820678257290832,0.7753213372478042,0.6374877660922551
0.6923534102625958,0.061301333639782296,0.789658345034261,0.9756719901986618,0.5849367669966075
0.5654641515700334,0.8548234521632528,1.0308948803197278,0.6798802162075754,0.6733548110664929
0.12912358496666132,0.7844617603038151,1.208373835850252,0.7956059751582296,0.7492608861555475
0.8546041223601375,0.7492451531234364,0.5709572124469559,0.8829247370233985,0.7779936583718414
0.759323553065026,0.44531593389883456,1.0452269882553828,0.858852485864728,0.6919353248272841
1.0715595901747392,0.5974090400970755,0.5798934579650621,0.6346351449163454,0.5567432708788964
0.9048705492976669,0.17669690162564478,0.481067364430703,0.42757647611463523,0.7461328715616077
0.7092212534183598,0.6534463430946723,0.523629297045914,0.571410326207356,0.8086748858363788
0.583657950317328,0.8577990430379694,0.5598101338411441,0.7863862910854481,0.9034686720088191
0.9441206603324404,0.6283420583496868,0.8162701969046394,0.720706253508888,0.759639790191392
0.6567925041484464,0.7077924047247054,0.8071852752647317,0.602695958548664,0.6461810540571428
0.3216650509434019,0.2547106043622547,0.4885680759968661,0.785973996905818,0.6609440820556107
0.9241809163794965,0.7727392129798543,0.3215908382375375,0.865322494658761,0.852411806142153
0.4484757893722181,0.8956389956716143,0.5712439346171906,0.7782058052853373,0.621387542993188
0.1967337160483773,0.6427063390996104,0.7360971302982685,0.7008850832127603,0.6313851229826305
0.6383055777148066,0.8499232427734273,0.7547263780577709,0.7936207113658447,0.6898436077161866
1.1362955043383647,0.39382709909847696,0.8747875625073552,0.9526391557667295,0.8195329250815809
0.7027229828777688,0.5997045719072397,0.9984430086055177,0.5417746759100289,0.6583035771252373
0.6420489637236748,1.159148250608132,0.852686392751952,0.6147062939598826,0.7330743116086367
0.5745027332987576,0.5443137814114152,0.9876551283085406,0.5518771361107964,0.9486359364848859
1.0316789944456708,1.1147305188981729,0.6662533479338638,0.7460620604550973,0.6095385258020485
0.6048579498710187,0.9268781404243468,1.0605792816977417,0.5957139073668943,0.7299059647068302
0.7239267573575517,0.3303844705320177,0.9040014820732458,0.6572988491593945,0.7499264664028027
0.6298538325403666,0.5231620204779711,0.7711974661292709,0.7386819050915739,0.7311977976355623
0.543413982520796,0.8748163466027333,1.1435338358854008,0.795891887341271,0.8851431758821252
0.33514800111586757,0.8246633222862445,0.529395759017377,0.5412524395707781,0.6921105383898697
1.1526874396143358,1.0761971589566128,0.8301132835124837,0.533434538762401,0.7538309318172075
0.8721826965990328,0.8322862065114356,0.36449199786268877,0.6360051647146554,0.7696126649526404
0.9473678540295369,0.08330118302391576,0.7415257547822305,0.8003957742429167,0.8727672858188289
0.9978795848100065,0.9630040054711704,0.5999066436846636,0.47709715208985076,0.7348341446021286
1.0965235742368507,1.220428792064879,0.9386633891887097,0.8476645244069915,0.8222247828170366
0.6049205918525354,0.7396521047028253,1.1539960726728824,0.6317492745243554,0.9613185380133874
0.6799475378922331,1.2009202166479043,0.46720838248143104,0.8744213700988703,0.6994083763932496
0.33523600036367357,0.8518893148130251,1.0085075368496712,0.6491858110120454,0.6151877034356767
0.7547399191377979,0.756134305093628,0.9063917798447063,0.9339278687459382,0.7771409645727453
1.371546452859012,0.8556940371125364,0.7073214631208681,0.5299736119074134,0.7554185576665629
0.6794108935211941,1.0894608262091299,0.88920026797518,0.5993111544642242,0.8050444116576655
0.9991435890333349,1.2699927299696732,0.9852387069306463,0.9070872056739389,0.7935046052095465
0.9105828257803635,1.1829159311651873,0.4897697018238124,0.7325365788856654,0.7014119758122422
0.908687532501868,1.1778191990992113,0.6553012801960116,0.4108484836762131,0.7427011084082726
1.078655547380718,0.9598032929434797,0.8855351455032916,0.7455189616140673,0.6467898062148375
0.953741162959258,0.5269677177750574,1.279169667318184,0.8809959007880164,0.7258723370142658
0.5984548008344341,0.7624002529701693,0.7382375339535432,0.9683787167157858,0.8126337531744332
0.5614305224507345,1.3906026274469463,0.8038184709064241,0.9143570193711696,0.7247910019746047
0.9086210375612461,0.8921754112785246,0.3712553667176584,1.112436766838946,0.9380922312641131
0.6691906072975974,0.4462264972224798,0.8725119342782219,0.8085029046971017,0.8345597921184577
0.8563778878135754,0.9558832529101626,1.1194231886020913,0.8856207995082144,0.6784407433698415
1.2276770037675853,1.3156046751033876,1.5016181095272998,0.6191567926644943,0.8239518313925974
0.139380376261789,0.9727189197936936,0.6752164845991421,1.101921281173786,0.7111932113302722
0.2646322203088761,0.6497721188717026,0.3570663042826916,0.9175580500764549,0.567915495268225
0.8087988771235929,0.1427380098032941,0.7281790334010125,1.059640701265269,0.8401214598594199
0.5277401471329137,0.7909333912016631,0.8048294958641306,0.8755302200097136,0.6479813900052992
0.989188027025231,-0.05340192229457519,0.6609553340955512,0.7245989286003471,0.8726098935552756
0.8099593067878653,0.3583247382860248,0.5825516441331179,0.834216870588493,0.7939628052423346
0.6206686803672014,0.6517508087210201,0.9594717003446088,0.7219494209028333,0.7939549033102272
1.4909990044517143,0.3545968250260407,0.3907201816608215,0.9287012093913779,0.7289302039291962
0.7051702633450355,0.5587824694395993,0.7477127282737887,1.0585568738463058,0.895486493813668
1.079465821778018,0.3589564887808948,0.5494010060582968,0.3579090557892291,0.7163152800255252
1.110343919179735,0.9712806496331032,0.7582759364199343,0.804281823356957,0.7307880627120362
0.8735592527628294,1.051000786169783,0.44748553874945196,0.8561872682672665,0.9130581966111028
0.6785435727579795,1.0313907990273328,1.4391856769110634,0.7933117656467087,0.8537828748019004
0.5774166680516666,0.8681274610484119,0.913730674968283,0.84161808980537,0.6968054082504416
0.8770691337493367,1.2741987669913835,0.9121298184710189,0.9639153416803148,0.785313067990343
1.0499520902612647,0.9011250574123766,0.600182709601355,0.8631754057013061,0.7019377551871996
0.6136794983308738,0.8736846814726307,0.8802796539338626,0.6257796509607949,0.9316530053979363
0.995699082349379,0.591960115973044,0.4710004022117614,0.7919033891505491,0.7649567918982013
0.8515939697958173,0.700988245255098,0.36693481556339874,0.7544127734465887,0.7816465604372256
1.0171980270930576,0.5960266934808814,1.1921798849936482,0.5145599064369153,0.9634097995655655
0.7468819307818386,1.0896424217008893,0.8356619721238872,0.9979973685225451,0.7745094335859203
0.47140453606437055,1.2680217161998877,0.7934437749865139,0.8538502893969611,0.9568682795764257
0.49348691898293146,1.0081305760636436,0.6879153423176491,0.7989220097841674,0.827900853816951
0.3464090130458341,0.5745309226785544,1.1229299038201248,0.960939950735809,0.8138175031715432
0.8987042099736414,0.728774171597208,1.1251630886076411,0.7901432977760403,0.8477425557247863
1.185229375092823,0.5769963748048096,1.1713786807354745,0.5808356265337585,1.005022352031115
0.7059734564616703,0.747075740983951,0.4012047017307164,0.7519144650875202,0.707569919482606
0.6326701784990756,0.781403284863793,1.0389935406488937,0.857649796840339,0.8592241204295514
0.47939217686306207,0.5473069276605607,1.2280329672121348,0.7095803354276013,1.0109955376506368
0.7499641268993561,0.8275503357622763,1.0661677527289846,1.0279306764285303,0.8144376059495853
0.7050545943411559,0.8101442293169888,0.9033974284913099,0.9687553146985248,0.8283007404401359
1.0245378602711217,1.3469236668968132,0.9140922501786434,0.878105472042408,0.6590094359957446
-0.0020800843327953844,0.9526450190594462,0.8086264871240105,0.7484355421935993,0.8570573343865833
0.8117294944878065,1.187466260046698,0.8500858063336912,0.7127318899189824,0.9415347817977444
0.7631689570687596,0.99833735103544,0.7250795526085037,0.7290851796825649,0.8412421260438852
0.8368896061216787,0.9845674643013687,0.7727618162061105,0.5424788568203947,0.7844472417033219
1.0848612743216333,0.7397952606279401,0.7787408301788116,0.9897936532908982,0.7542328071182909
0.3469576197262945,0.784038814754504,0.7265702480421503,0.6820578772760534,0.8152269273759137
0.9912635686493463,0.8328985347617356,0.904478890469059,1.1225607685254697,0.7975008137113132
0.9248584037443577,0.6758094327561905,0.6475850501283417,0.7443548165536107,0.7833100013001774
0.9515140662332865,1.5806808260704646,0.6777256580023061,0.7719635930074078,0.8307804704247698
0.9640014245583586,0.9221809233352242,1.1259713873277941,0.45519256686567944,0.5719719664747251
0.6830293932885569,1.1868366267966441,0.48975029708895457,0.36429141194916365,0.9036996388225457
0.9178920203662152,0.4960866718658811,0.6204674866678409,0.6875108958063749,0.8531990650301534
0.6437835612322707,0.9980785712089945,0.2035279149780823,0.7063616662834794,0.7159451816953419
0.7617808027818689,0.6726972021651392,1.0212461355700742,0.5488558860553331,0.8479289445164621
1.0204053236419133,1.4309673149887197,0.7361176977827228,0.8951452536535126,0.6421658525312413
0.08844187794482206,1.1119859584865606,0.8436015253876502,1.0311840624035697,0.6912937338332971
1.0102533379763976,1.4368179366534397,0.9396948729283209,0.8895772216631613,0.8468024447630573
0.35009051298264443,1.2755166479794169,0.710254926128926,0.9266126534262974,0.6720942988139684
0.47486995303358326,1.3016623301428094,0.7701886951627467,1.077630876445843,0.8391013942688751
0.26638963087499656,1.1309453930480136,0.7169449166582043,0.9593212501685737,0.8516675095284172
0.36187301992761417,0.9018044164712454,1.340940273811034,0.9277978530761398,0.8434191695681869
1.1909042925526272,0.9174700689722266,0.897704129098921,0.6782497560910413,0.8769958549543342
1.1792878102622248,0.5874657852420313,1.1703788008491083,0.8373518562790022,0.7525962030442538
1.16833181584408,0.7621605523788335,1.022685544687057,0.8067217626052302,0.8461640866646266
1.009931294665301,0.9458435805164128,0.4076393826187265,0.6765696523086471,0.9577650491018193
0.8130695965374332,0.68923647498636,0.5510684697967999,0.6841335524727046,0.628810895066278
0.8238280804402903,0.66661327664819,0.6397202328087238,0.8450845965787174,0.8965490094758661
1.5187841627906722,0.3787573406104841,1.1161023393213163,1.0107177232305038,0.7697516405557154
0.9221267097508979,0.7131415177647972,0.8993790867040315,1.0964724223556817,0.9255666930459162
1.0196949485039284,0.7227831039133775,0.5270137003356147,0.8258971406064983,0.9937617516829242
0.3769269802377928,0.5262113060132265,0.8880941840182988,0.7041722684048398,0.771253044784256
0.7269072276730585,0.4290147199000967,0.6430405942101213,0.9720825802006253,0.7146924756209843
0.35657032639000297,0.6626304700490544,1.0255320878735652,0.8307257901504354,0.8099201182755288
0.8768903463044165,0.310821701250666,0.9734824099323076,0.923489264559548,0.8171007842706256
1.181965125010823,0.5073182912992447,1.116071981998697,0.8882914572313332,0.8262361404153037
0.8585802695497106,0.8309447676001516,1.1377284156818999,0.6946269472663065,0.7796126222207043
1.1935736143427345,0.6775411837276917,1.0672311835559172,1.1345702880636024,0.8209438162027233
1.0823325532478107,0.5020373340678941,1.03563036280309,0.8983985676562511,0.9197541546103652
0.6637200537252537,0.34258717019544205,0.9803984505275697,0.5416151832175284,0.8323870042005015
1.1664967079024138,0.9295522611876883,1.3045315285900436,1.030952857491043,0.7957608065351917
0.8785071189626596,0.8548899384295948,0.5160843903436161,0.7211797456076189,0.8071748945132997
0.22696141013505566,0.8858896242364795,0.8151767132783242,0.606363120273395,0.9160632430778748
1.0982507106778363,0.9436664779321127,0.799408024960715,0.9653870870602123,0.9479228201571365
0.9700824169909312,0.6121075830877711,0.9347226843040208,1.0618949606363213,0.8061677162524961
1.537300544326564,0.7076547778703317,0.8811203023515025,0.7675445650220811,0.8988363121994191
0.3239360011067478,0.7022012966832475,0.6306691505100686,0.8962737465800693,0.9860574714590837
1.080160969260166,0.12589133443854672,1.3324965317494901,0.9225637338619368,0.7890606327452505
0.9265650876782567,0.9325929908418065,0.7277649706956556,0.908170249662418,0.8089594103985613
0.750007388267395,0.6608573599140812,0.5575228385508618,0.9009366484678738,0.9433163442400205
1.041699368224826,1.1381620098205105,0.9514035546218591,0.7946475817782096,0.9727561528347941
0.45059514092699104,0.5950625806726615,0.6642781895186272,1.0506517372571669,0.9852868401810415
1.0349803273599254,1.2198548674835377,0.6842672735890447,0.9359986088798857,0.8668859543354092
1.149689517673048,0.8454447802308959,0.7958060352878762,0.9674070281038915,0.9798405727633306
0.6715335749883905,0.8635690597731424,0.6462083621858142,0.4879047554151122,0.9052949510121654
1.0764366644079728,0.9667566854685402,0.44794863116088146,0.8284097181432016,0.6358650644234534
1.3180224062691561,0.5414442706093321,1.1656016658799775,1.0344400070675748,0.7841958224773282
0.5276678313689942,0.9966826766925737,0.6970892916680452,0.9020901306062484,0.8319041201630498
0.32363514055832654,0.18155096802715742,0.9375750257931242,0.798096811081095,0.8250495654727412
1.107939355176416,1.2589629175770782,0.8269450355005135,0.8340345037907232,0.9438055789136665
0.45978818505400687,0.9594560808715862,1.0122943437711758,0.9964427284814263,0.6723533539687919
0.6491282137730617,0.6121586634748437,0.9122252919023321,0.9659022821322565,1.057227200573921
0.7343690627786441,0.7335446513191514,1.1479653694951208,0.9377838222526667,1.0326186384307232
0.9831957032701952,0.5259794885352369,0.5937953294903286,0.6465762656580594,0.9659115372493121
1.2687602109524083,1.4777125514196237,1.0814169764196244,1.076753815698936,0.8280450954992044
0.5282031035784469,1.1627125821213817,0.9872901493839485,0.9108823411283425,0.9372033420558993
0.9970951180217273,1.3008734324611386,1.1844624746481982,0.9809436880156371,0.9894585308256599
1.0584567484420964,0.7500612217800046,1.065068900143977,0.6754068657224654,1.0137245534882144
0.5191555761988178,0.9872758318002649,0.7079147266475047,0.9843953778248747,0.8931039413305547
0.39359178390586536,1.0309348023789795,0.7686708836371552,1.0372194274258348,0.8980461144042549
1.0239419937443348,0.5960890074473604,0.7671202058185769,0.8263817632472711,0.9946811480146501
1.4303331091444593,0.6452822355863861,1.14069046518981,0.5568437785076097,0.766385465957294
0.5977085315958843,0.4732000995207,0.5467997721064546,0.966201762577261,0.8769674047055821
1.021880423201296,1.1202485369297532,0.9612956671731901,1.0059033917829883,0.8941279559684675
0.5275426354422201,1.2374131181647947,0.7711734253760547,0.7549721391772708,0.8830110796673529
0.6152477460989914,0.7719008267398304,0.980836699558033,0.9589815689100152,0.8035234508653609
0.7506789243429146,1.2446388309615561,1.015903345634104,1.2330014957713207,1.036847245837342
1.2677631466451678,0.46702333467024054,1.0767102730628284,0.8975089832754493,0.8443042675520579
0.9600380227000667,1.2058090389104434,1.0188962551833858,0.7680080030555474,0.989916336971594
0.7062850238370592,0.9764291265515448,0.8400767707221058,0.87330211498649,0.9935764768815205
0.5799707726667829,1.5240336017144607,0.5017016845268703,0.8144093507608375,0.950299856508329
1.0946862734137388,0.8781366972545875,0.8970769585911149,0.9748235780704971,0.8840755569538735
1.3514735077641942,1.1763364062125823,1.1060803690374845,0.7581481197841233,0.9020350152310231
0.816896236183834,0.5939128353741732,0.9924470717482592,0.8269026534663413,0.9851882877248537
0.57448862576877,1.456521285604098,0.7124868374064168,0.9475876570004955,1.001445475245104
0.7334615654728449,1.1834881686261203,0.6390601057629647,1.1435138819169197,0.9154958498286685
0.7263130677459593,0.8203053313872293,1.0957947623820734,0.8225044192756235,0.8311341782643397
0.8458598925710392,0.5437278163082112,1.3230019093340177,0.8263610677839899,1.0088934991723804
0.9831571735162122,0.6055799135654953,0.9155854034583262,1.0408786406431318,0.8958686597775245
1.295213359390157,1.2409494485291395,1.1233935259729542,0.8452398008027178,0.7971878620064593
0.7248854812194212,0.9809757531869987,1.040960538186374,0.5755633318821974,0.9180118354029672
0.9699121224752031,0.8321527197744484,1.2086575280805825,0.9866092052353044,1.066403828421872
0.8526282080227331,1.2173773340674527,1.2865328815098231,1.128317865502128,0.7988157787228417
0.8417025026287807,0.8127712582096729,1.0313225617949944,1.0304439476219023,0.828130869674516
0.9443753446287783,0.28416581515883654,1.2453516282018584,0.8419094421760407,0.9291687012720856
0.8260040866217264,1.2863296637641102,0.2894381949681176,0.9212975982006752,0.912093027170953
0.7814725034928587,1.4708056890902441,0.7265120260809642,1.0469566153987093,0.9647551975609585
1.3248533409424632,0.7149422121359167,0.7620290975425348,1.0992297950458558,0.9734782938111897
0.43837484115135444,0.7563837070015285,1.0133247148600304,1.0593890810411835,0.8509866312798753
0.006359266666927765,1.093385627081763,0.6550559262215105,0.6089586572132564,0.6112642627929524
1.1863322779297247,0.9696013379412729,0.8784706282460122,1.1485529645502666,1.0001839946778337
1.4410488816528013,0.4895083029141547,0.9222041755473205,0.6743051005052534,0.9042842055866179
0.8523116948979257,1.129083561598317,0.9411193244861314,1.0295002542595348,1.0095779287209343
1.6133802135064221,0.8322263749982197,0.7215128592258859,0.9708411678943594,0.8422342980482121
1.401570076060215,0.8433715251816122,0.8064662124295658,0.8584113741388164,1.013254442688075
0.8840499578307458,0.7310210688769749,1.3063179433605185,0.7985615959122053,0.9379103418954622
1.1412122520176788,0.4190614773429122,1.042324447740113,0.7681077633727342,1.026924846367992
0.6315189569829496,1.1550087392431487,1.183207726736137,1.07214100996902,0.964033991402826
0.86379315647669,0.754657062024197,1.26587029352968,0.8263370315304019,0.8209894250538714
1.1483460698403722,0.6861773752224855,0.725497281610392,0.7096840625187727,0.8839469765360765
0.9127821517161215,1.0158112929142553,1.1516574819063057,1.0222488155988112,0.9175987760420803
0.877264963964185,1.101265896651793,1.2244952789845664,0.9599119684993288,0.887489515922089
0.6269691434635876,0.48392690874008926,1.0899233687445218,1.0323273696090647,1.005492145434311
0.901256252645068,1.3868537735667579,0.8336897556362903,1.0929832703552635,0.9376103545998542
0.7505655396737609,1.130317478323309,1.0345403636846011,0.9993852920388662,0.9520301467840219
0.931961099365137,1.699213483666546,1.208751780090393,1.058232911053022,0.9564434698224454
1.263436016517402,1.1087492758916053,0.950804505798577,0.8969472107343204,0.9358981115663412
-0.05663070183306107,1.0125437788783103,0.8367193738950063,1.1977691837254647,0.9481086788107785
0.5709637009116655,0.9311734572384367,0.7130271610573871,1.0217992316902258,0.9794758511738213
1.2508434346957076,0.6978491657769813,0.955552389443097,0.7321190514819189,1.0263774488602004
1.1130304231900485,1.105736263128429,0.9493109753661314,1.0145303012781917,1.12831951420592
0.8597952299413237,0.9937934066635841,0.7070847262379594,0.812665837847014,0.9608858085729373
1.3000453902555398,0.8699078384249224,0.8981984112951779,0.8866167450035343,0.8911633375794816
1.0452301164294873,0.47847751166547775,1.2383787488016125,0.8467394485543172,1.0326632152836377
0.5513441336545699,1.1644587732579936,1.1032043349717182,1.0137006344176853,0.8417724642775045
1.0328680204641003,0.5798387395829947,0.8974343718930349,1.1167184565657382,1.043027937290717
0.9597562229560781,0.6466940491523516,1.0993127559409615,0.9580193977048989,0.6955357846101391
1.2034452375501743,0.948292861037086,1.2248322289679165,0.7827784812770744,0.6007896724215034
1.0452110220128146,1.0491574870857527,0.5789112882611333,0.8022425942380133,1.2649996653455218
0.8613153961730668,1.1891074821073633,0.8124659975355595,0.6274520499565308,0.9389225072796789
0.8749674222157994,0.832506356866112,0.9333244888399925,1.0007434415447742,0.9421753735800323
0.5602461132384611,1.1137050904669539,0.5240671841280574,0.6357699808334865,1.0426028516496915
1.1212948489435741,0.9428109528838777,0.648929189387683,0.8490304133068404,0.9315849815262606
0.45729597748002426,0.7282605804128532,1.10782745995681,1.187638755348476,0.9150677310084454
1.202185585266097,0.357684022819057,1.1104207432606268,0.835847557371938,0.9973252475402438
0.8856177702187514,1.381515536495241,0.7684342088002482,1.0631972326720023,0.9327140795564852
0.9149043773057414,0.9068252590577297,0.775866710125753,0.9627357227190578,0.95796068079827
1.042252830792973,0.9926888394053474,1.1444029718266948,1.1119854992409466,0.8485027076482858
1.2416969540056484,0.5918144488776204,1.0984155396519157,1.0649562726672561,0.7532752421519189
0.997370587383892,0.819816488652464,0.7983028983971019,1.1815564753457606,0.8948844182710223
0.71397019410645,0.9929058107455583,1.1222714967089784,0.9465723610122558,1.0993731603224675
1.1378792173621861,0.28115907041871147,0.8515775577457629,0.8811349340038709,1.023564153851335
0.140930937030893,1.777038616714007,1.0897120155719418,0.9945104605282801,1.1030742576675912
1.7131004574092166,1.2473262381568202,1.1841330301372328,0.9926358792105007,0.9561489117172036
0.8225132426343136,0.7117334233533628,0.8193519501300836,0.759431325230524,0.9644902869088111
0.4412353095466749,1.0343470798996393,0.9658502030493163,0.9972064845528938,0.9155978897858043
1.9479636561828966,1.405081387612976,0.6966868118672772,1.0117946525067858,0.9069978216577095
0.6551693183299181,0.5522079786228968,1.0726225661307456,0.8682403012039364,1.0841822149816611
1.2912385065852037,1.411446853710791,0.7863775017706862,1.0521388795321591,1.0476875080304051
0.8280296729709101,0.7339222560171867,1.3378777399645574,1.0139482342583737,1.0490813340824323
0.7190157182626018,0.5934073759916336,0.8516461384253505,0.9593694758426552,0.8599955650660349
0.9768667781336061,0.4460277564492374,0.7295297625133741,1.0860603625990621,1.0474858123555468
0.8570586669087876,0.6591356471899055,0.7512465628272942,0.9219620892114583,1.053040338984706
1.275519043270553,0.8249648605140554,0.7240532343786699,1.0243317796041287,0.8899079731735974
0.8190971087635738,1.4020720804174163,1.1679316153341759,1.0079609149086444,0.840778115564899
1.0508334482588582,1.3200257250912288,0.8999897428550667,1.19761387913917,1.128517301231752
1.5111035017425825,1.0815113369799898,1.1163297620035244,1.2085876284441601,1.0350051477853597
0.827481843828044,0.8441442868279246,1.039328495286726,0.7819303083012027,0.9699691523291247
1.3337456325171415,0.29405167685719746,1.3301076159739158,1.164449932894684,0.9355837402546859
1.1598232555599304,0.9889833866356067,1.2630221955378786,1.1433638354582598,0.8314553224707629
1.1746976700644223,0.9239637522005475,1.0075109148319406,0.8738549022290296,1.1844366550160608
1.3188864158171885,0.7560538074431427,0.691561985935637,0.9290097927360094,1.0385688626431746
1.0669507484062943,1.387266384689822,1.1676224105474045,1.1442933144974727,1.0275345357198842
0.5526571582073408,0.9301066826746307,1.2290352640605766,0.983845501698995,1.0482392051453981
0.8921959253410776,0.6673378927109351,0.965412421810174,1.0418576842447091,0.9196848773566131
0.9194555536079219,0.6969096317258308,1.2442647659084407,0.9474364507875642,1.1564170016735895
1.4784275125745894,0.9693660106263585,0.7694990032150572,0.6651855819875567,0.8304162469606086
0.561551278442159,1.4319063668102103,1.0218951610465266,1.0575978801378272,0.7477453802636155
0.6181667493224539,1.2775162529813224,1.0611216379444597,0.9737217987846807,1.0601482925170562
1.5152826838875715,0.9280982335588182,1.013509557430917,1.0284502446740615,1.2654439857032418
0.3351242574283164,1.2150530866569529,0.9733284357794882,1.088613477405364,0.9255025131352563
0.9845158976786867,1.2249677782651176,1.6960678817386565,1.1277617395176878,0.9051833836712385
4.9928288391770534,-5.001632795187016,5.003214743929379,-4.952656926917691,4.962639134575663
4.957682650424367,-4.9381690128928515,4.976867762905935,-5.063151767678853,4.975743502895006
4.9834973632378,-4.922251863613711,5.046241310618837,-4.9426239691683875,5.04099868211734
5.0473121835807655,-5.034404106329016,4.990069892232325,-5.049495765651177,4.989475598473148
5.034205249546737,-4.993270835759388,5.0655740409480146,-5.057070789611361,5.025011917534912
4.937584859906534,-4.9952911765413175,5.037016671127824,-5.010725128341211,5.027556330204348
4.952013383258353,-5.083184498909819,5.02785148112439,-4.912799488296213,4.950197752991506
5.06110970900534,-4.99782882955918,4.933215423915346,-5.056575265067608,5.000789238668032
4.979776885603795,-5.065645648837912,4.91529803593873,-5.042335966396325,5.009690450416556
4.999679962369843,-5.025061897875004,5.010094359714574,-4.947998664006866,5.019706325521708
4.993934566430521,-4.953596399666965,4.952007484889185,-5.011245976977768,4.989945603219981
4.938152337077858,-5.020993708114218,4.896252015955235,-4.904391097616852,4.953129310578184
5.079305706571065,-4.9980957747140256,5.028243206607798,-5.024439989917546,5.0103964845980835
5.032524481999422,-4.9667723792802905,5.038738669503718,-5.018416635501959,4.975982016375432
4.9202911837366194,-4.973839049441153,5.054118935566172,-4.919200916004104,5.015258631729026
4.961676011354571,-5.084854807164473,5.052083336654167,-5.089813828338877,4.982969796112812
4.9887846586028175,-5.003472756892551,5.001790130001792,-4.993092622181622,4.879231836896073
5.000732795493506,-5.111478778705594,5.03661090365455,-5.02775625779018,4.892148163738833
4.959289766130731,-5.028503766959233,5.05953498087775,-4.990168112912488,5.017222247217529
5.05906108171103,-5.004807214396225,5.0377093980516205,-4.9658069443034005,4.935676525321529
5.0736491788814915,-5.071015089003534,5.045868332473892,-5.075853651845281,5.030061839407583
5.093095743907509,-5.010648932827511,4.987182217857343,-4.969478000034157,4.983530177201873
5.090913935187141,-4.990390387527065,4.983991524588964,-5.027014276394784,4.953352576491349
4.968612250662125,-5.01753366968293,4.975618046325071,-5.032908763706855,5.104942061517622
4.948495246175526,-4.992668370617691,5.0296260504880435,-4.968494600220813,4.997069646210877
4.987964871407635,-4.977422625438025,5.01332608249891,-5.012947941738376,4.921906071413779
4.9766038138833375,-5.057327508185373,4.966642022496684,-4.998338838074152,5.017936807199831
5.089022637564621,-5.026870318945191,5.0387312817637575,-4.9847019987781085,5.06479988353199
5.028811435979781,-5.050424071364316,4.913847698535438,-4.984436915016625,4.9735774501049805
4.95098431270247,-5.063378885226654,5.008048774879358,-4.924614615034332,4.979566382714698
5.0295135155537665,-5.0051133175108795,4.93553089554483,-4.963259432824479,4.945265397798631
5.0010813315296785,-5.017076020750265,5.0446538717282845,-5.0529075496235345,5.019543495390098
4.958010129632565,-5.025555260616439,4.818239988622995,-4.895395071419104,5.027527846641312
4.961632625703092,-5.0562327844166495,4.975217562356033,-4.964156023259028,4.905395753720754
4.992920779035283,-4.911467906376866,4.94330268320161,-4.995980748061817,5.1101654907628875
5.031607581484539,-4.993703808975727,5.02533182274545,-5.020043266750485,5.064981564265172
4.980033498854989,-5.097959080436799,4.980434844802977,-5.048336726493835,4.985940299390129
4.987045797045968,-4.940128840009755,5.034764636333219,-4.98683672562123,4.99985272943337
4.9470570995571,-5.109058761883284,5.005658000569639,-4.960267939821317,4.994583305837771
4.973257283860665,-4.976774891739289,4.995833389968783,-4.915712790401302,5.061636417103414
5.047975402851167,-4.962113294289505,4.935491629277427,-4.96685031489737,5.018816297882329
5.030321236419558,-4.975369525659348,5.022638129392403,-4.86495667652252,4.996190716502404
5.046816869041466,-5.0235494905132,5.039532079194384,-4.9530340054883775,5.018221303856768
5.083462347118825,-5.044213801818021,4.975638952916589,-4.989380995698825,5.0440403426742115
5.008971476064747,-4.935712048174472,4.966915506451684,-5.0570289244744275,5.015406416826825
4.996140986194315,-4.972856813982089,4.998629885456674,-5.017000989531173,4.9962531214138135
5.001442444739659,-5.015249064992417,4.989843397683829,-5.020179666849345,5.042833255993471
5.00970105022529,-4.8871623763915615,5.008035227563923,-5.027542873516433,5.1335337687431535
5.020681318885717,-4.950493760655359,5.029605149160124,-4.968849448535113,5.0267827025676235
4.944895771761197,-4.981623547621929,4.933756934807488,-5.008718141820626,4.963719127171836
5.0178735092924365,-4.983293687633088,5.0240572945382596,-4.985635171362546,4.9696587329106805
4.986949825532416,-4.9539801919372755,5.05339283386472,-5.057339154931327,4.923453618374368
4.963655530839764,-4.947739620898387,5.060744201509152,-5.046235594020058,5.015365467686817
5.091721566657005,-4.9792344261379835,5.0710751642616545,-4.950063671495845,4.9544900646886045
4.9905009288251465,-4.998262276085407,5.005206669401067,-4.954183552328072,5.02043423811377
4.853189952811094,-5.065642013654636,4.890630954251198,-4.991231737967233,5.012024382473388
5.014161247930536,-5.047946413385731,5.033707200255999,-4.964186875176574,4.937242546639742
4.926698089927556,-5.000006584311347,5.089589113680668,-4.915012862890068,5.028170218022403
4.963500166420996,-4.955657867025571,4.977378786759548,-5.0383753518336905,4.8928016584189
5.005119109917382,-5.031493367456869,5.004821518976425,-5.114967884811853,5.008491333629184
4.878443941801419,-4.9456029873365726,5.0260945617067545,-5.013933238571229,5.028135993004104
4.9510962868668225,-4.996381224219255,5.039738701923016,-5.154714462454569,4.977638782016124
4.998867793493181,-5.009814680887288,5.072855091311371,-5.056195056246144,4.9689420378277385
4.904206548684577,-4.924485667436342,4.98768549286956,-5.021920444401835,4.9973758658844645
5.031811791421516,-4.982631829824194,5.132394210677854,-4.977303205579811,4.976737728541546
4.971932163123802,-5.019637947620841,4.924908153768508,-4.99800678962542,5.0391734053104456
4.969331819968838,-5.040369002814206,5.075797257314711,-5.071324157831058,4.896609081176135
4.942354902817631,-5.077021635856215,5.019311303205229,-5.018035225022479,4.989015647748808
5.057646708848739,-5.0345667430581384,5.038754470587282,-4.92443386003984,4.977216875099317
5.036851142777816,-5.012090895626449,5.046204906442039,-5.078574459378814,4.917724387743733
4.980436614254623,-5.044446240452989,4.974164544528506,-5.010976329122357,5.036000676591812
4.979616971071703,-5.0411930655311545,4.982424331162055,-5.038457263990331,4.953299724896865
4.919349159321151,-4.996526094188946,4.971564714670147,-4.951686063038267,4.927630195397053
4.972895822247606,-4.909354638967063,4.953019524145107,-5.011826662604806,4.939207800858732
4.932578624360951,-4.922634450845616,5.008551974631858,-4.993316058088118,4.915184188244189
5.0179370694054155,-4.942128902700309,5.057473853041427,-4.966583338519692,4.9435257211202295
5.01565617085965,-4.96662075197617,4.910277820745555,-5.056063979574089,5.044407866087172
5.0438022888335965,-5.07742915168107,5.039751072963458,-4.995234830042319,5.039050447730357
4.968273933828303,-4.967740825175955,5.042191438724282,-5.017566746772785,5.000887627308664
4.967573918524767,-4.917418052565706,4.993986403033712,-5.046101216258859,4.964208704306262
5.006338530057105,-4.962333441411089,4.933208657742474,-4.907616999852878,5.015433764702781
5.02332279864847,-5.004859477191172,5.000962948367556,-5.00741415689637,5.050889798451798
4.999603570627332,-4.961647489075364,4.978307623832372,-4.990217973584384,4.959803982788029
5.060826411627477,-5.0416873620359555,4.9837510277869335,-5.015748020622738,4.982302430616311
5.036124788472147,-5.015832888236832,5.0696962265270535,-5.040923754306508,5.008468873497136
4.96121070053437,-4.978951360873427,4.999202513651161,-5.007753102234924,5.059423748325176
4.967282906447245,-4.9706742421191,4.96155200436626,-4.994365739991982,4.940221233588828
4.966874142684663,-5.004107152278643,5.090732458366154,-4.994959806477011,5.082733415793335
5.011016164584546,-5.019354212223747,5.076967826130034,-4.978149118896329,4.967863920305864
5.023528572970015,-5.0146297374953805,4.900548290191435,-4.953201342036719,5.054746702782096
5.0918971014996135,-4.978892815390237,4.9875638287958735,-4.958250528631071,5.042491018265945
5.081914059156821,-5.002231381153322,4.99172105137162,-5.035777220987926,5.02687310433626
4.922586916588458,-4.961195631356872,5.02939175609329,-4.970746489877081,5.006911261825092
5.076648912376554,-4.956400326728657,4.969646140431215,-5.029458952484882,4.956016309329268
5.027564166638779,-5.050006946061997,5.054169607179167,-4.933851334582723,4.956049186552478
4.990722573270357,-4.999168950931879,5.044199158023483,-4.919532831219506,4.915725380356571
4.9840909641236655,-5.0133008347780175,4.929966507255672,-5.024255500965203,5.0213884472175305
4.986066054858022,-5.077231058430371,5.143704134900496,-4.986691106739791,5.005584706505334
4.945103681846648,-4.986964691901436,4.991789310797925,-5.094426170635771,4.946487227999279
5.039746300883698,-4.902799117499978,5.018358270252152,-4.944845836085332,4.9922122345708395
4.99567269196597,-4.945451048619026,5.083138864458974,-4.934945165326719,4.946681846230759
4.996652055484238,-4.986123765776186,4.987016101824624,-4.980607122829221,5.041028840583447
5.050140487597757,-4.9157064923889235,4.983527944763758,-5.068201658241966,5.017911729700723
5.09419055155924,-5.023848792997703,5.034342348853186,-4.965212710376368,5.009572102367231
5.000346236052185,-5.04617146028607,4.885916896378971,-5.055592535333202,4.980484792544415
5.054871134371135,-5.005156403117569,4.974048714054093,-5.0445492720976715,5.032840291425474
5.06791785832153,-4.946828213906627,5.030307484987923,-5.073780637319147,4.982416287857811
5.097365211444484,-4.943902475404239,4.923124839088263,-5.002779526159964,5.018154921633052
4.961892076848689,-5.115460201070443,5.004941202250822,-5.039387912881022,4.960807913045766
4.9822659820034625,-5.006683795732741,4.999545860295216,-5.0441994949461,4.988989523518296
4.912128831479862,-4.984448046731596,4.857186229332942,-5.014474504021681,5.045959307683848
4.947032965636259,-4.96417848981713,5.057786635606044,-5.165394997624869,4.992431854821213
4.856211328618587,-5.005910422278547,4.999641439450934,-5.1241271992955415,5.096241918103993
5.014300790381731,-5.042451171604101,5.073268971374926,-5.0897806610321155,4.938541448324084
4.885027223816505,-4.909947740173033,5.0166173185736005,-4.967029910507575,5.0150500616959235
5.028688388057229,-4.9960961143052005,5.013546067135372,-4.994619828188853,4.969570409721536
4.997668761739266,-4.986320271336916,5.005527455977607,-5.0738886053876655,4.9327506665695795
5.05414207169582,-5.01534970229417,5.029236267351797,-5.05460599548612,4.926342706167674
4.957820169373415,-5.011128253538571,4.966742985035779,-4.935303323844714,5.008976165076873
5.092446930928093,-4.979779592296429,4.879372459104009,-4.947197919677072,4.924522418876502
5.011526683360567,-5.038734202883192,5.107135551723209,-4.928020103628493,4.962908967914912
4.993632116593944,-4.987770096517539,5.04317070357808,-4.998542404383749,4.948755255030957
4.964122068039997,-5.00022408981884,5.061722848938235,-4.978608106973198,4.961329253669249
5.032418638885489,-5.019349241943908,5.0445204002593425,-4.87364947908357,4.9820586814528225
5.040080257986318,-5.037269666601887,4.994386811640435,-4.998521885656395,4.990315816997781
5.123150684438751,-5.015329653733919,5.029342576939244,-5.096504343466171,5.021599828168481
5.057102729617612,-5.026379867128952,4.874488892947979,-5.001932588441366,5.000859192519276
5.036203752537215,-4.899454848229328,4.980997317469985,-5.042814406183014,4.941654109931428
5.00990393085158,-4.976032287059075,4.972717230281871,-4.961065862713711,5.023269203840959
5.002161584482245,-5.045120736037206,4.975906784225764,-5.121487764884127,5.011789353209902
5.001317064437372,-4.990576050445526,5.025215950778228,-4.980708925678389,4.994480840967698
5.002433402158138,-5.070215820834808,4.970813967715529,-4.997476447315827,4.963207321204382
5.043007539793627,-5.032931604047752,5.010815270562416,-4.994171717159233,5.037313879680521
5.045039558701415,-4.965298369451603,4.894699689930843,-4.940292592599343,5.07636541120973
4.975893785783927,-4.988167654366357,4.955458415993461,-5.097418925336608,4.9630642367228806
4.97299304802682,-5.0177425365675905,4.952054295499701,-5.036671258340862,4.99944968391858
4.961488650844493,-4.972823783372498,5.034083032569872,-4.880980612691776,5.056283996606173
5.012155152916421,-5.031013214833384,5.0146873675837,-4.983670202004182,4.974334345549717
5.039186569837644,-5.069904900734094,4.987780008223124,-4.972207077034129,4.985620792620395
4.989662279828536,-5.006889293059614,4.9582199379656124,-4.941304953421289,4.949098116403859
5.015907966370494,-4.979317605085881,4.952568904939552,-4.996344787280963,4.954518391362765
5.069552123752797,-5.05693914684881,4.967305145288401,-5.061211250417779,4.932115063656623
5.079560764544115,-4.972861266304372,5.007014671285027,-5.032828848167346,5.045380590552338
4.958788878031627,-4.960318035283495,4.956374436169718,-5.032225385093784,5.037914119305896
5.043191367207788,-4.970126353305162,4.947516294212161,-5.022336343286142,5.007844937059926
4.957535951904496,-4.931451861993535,4.879902652802473,-5.038936975768458,4.974521674856509
4.857802816761412,-5.069811456511809,5.031264475627103,-4.998485818172352,5.078656801102145
5.077261322294241,-4.978347681069803,5.015661912450035,-4.996703444571055,4.867245899106026
4.930272024333696,-4.9949662248450535,5.030801285437383,-4.985516509393093,4.955376751614217
5.046870314123475,-4.925877798562269,5.046899480014567,-4.950520033520476,4.97203871010224
5.05379670613504,-4.992712068033617,5.0255777764261005,-4.981728407858765,4.993925644727979
4.956999876243885,-5.004106833177702,5.049338080874141,-5.022073790265646,5.044667363130407
5.036853533530883,-5.014946869850991,5.0694400051809785,-5.017777333559535,5.075477343130632
5.021706349077049,-5.0007932959226755,4.955609930983117,-5.004413011506752,4.989812024325279
4.937085180737455,-5.010880771135883,4.959809840995145,-4.970700411551061,5.06531402378641
4.938654216185238,-4.914384613581654,4.9935724482807435,-5.048751069246926,5.037887739010409
4.977677276087247,-5.0040868338015745,4.979786087789396,-5.040836896593245,5.036199851620095
4.9856849298552905,-5.071832589608962,5.0275530062107965,-5.060279117551188,4.942336991366237
5.059630310248866,-5.059816994960511,4.884177757153625,-4.9688569257519255,4.984806828525944
4.989117243943094,-5.01572501966751,5.011583496950936,-5.037635962095154,5.073805743728288
4.92618847598453,-4.9777562541661435,5.032106050193829,-5.037982588041669,4.948813277736109
5.050858710708508,-5.049543037700836,4.969666802962472,-4.955634551877012,5.001737061676951
4.910142816618545,-4.912647042772324,4.973499462061001,-5.020137864495321,5.012789212616318
5.031253839850204,-4.901944785435426,4.916996592529715,-4.958702389553703,5.0371504847025035
4.993141754456294,-4.960636315259189,5.046713700881828,-5.06909813924935,5.087488325294042
4.922061887343093,-5.056765814061938,4.986910616318795,-4.903752974340647,4.984587168512331
4.998403305497459,-4.928396069804772,4.984984092871726,-5.058921835646534,4.979138258238084
5.068539591690289,-4.996456750147243,5.096532912952813,-4.963103253686892,4.967759553180326
5.002553815223254,-5.042660905907094,4.966578348467562,-4.776045787448712,5.0509312255016905
5.0430548994503335,-5.031159015765403,5.078479203314054,-4.945029219910353,5.094081064467889
5.091655707419923,-5.073954464404876,4.944508025536504,-5.050189390773181,4.952802967833378
5.0161726182130195,-5.028340172604791,5.103629927038126,-4.904766005895918,4.999676920296048
5.097766310807489,-4.92559326863799,4.977464672041137,-5.1004607672012785,4.989101580751964
4.967768893446077,-4.989674718742709,5.004461414343737,-4.996849117055039,5.026184237068958
4.939373902645816,-4.979431986121515,4.97801919234915,-4.990000890006816,5.04787049226161
4.938780011338949,-5.014064682633478,4.994073288298557,-5.025713448578532,5.044991474806648
4.9639805820599765,-5.027770019972117,4.964504043352397,-4.9453972294280595,4.975377794379389
5.023002269544178,-4.901214744938496,4.996259078982471,-4.944396965998342,5.083567704204657
5.051359578002021,-5.000840065798887,5.0321053879499305,-5.0643689296567675,4.960997842092502
4.969766240918404,-4.887969393991286,4.959370774287237,-5.041373837563092,4.94780395098755
5.027990588096538,-4.992868930366556,5.0543379488513285,-4.9664370166961325,4.930980507663796
4.959636111499481,-4.931733562586209,4.9898350877711595,-4.9406204090990995,4.992515952604234
4.951617178585574,-5.015163038883335,4.951597510222515,-5.028277638120121,5.010046285328262
5.025580254518451,-5.079509566162715,4.999131599624545,-5.0293307867779875,4.96757925955206
5.006634230956654,-5.027522593634461,5.069106899742334,-4.940596906187447,5.059091414697102
4.975254490225485,-5.048124941745966,5.0041014964694055,-5.007517418314313,4.969558841878832
4.941213277666652,-5.002075898463404,4.979796527487377,-4.965582648148099,5.033255302576074
5.055039990271136,-5.062964777594002,5.020052915384682,-5.036373285311684,4.9389792894594455
4.978569888152564,-4.946564750993269,4.981384082321476,-4.921727267002044,5.027443925776017
4.980295476050971,-4.9419975785546795,5.022269838605714,-5.046627969422335,5.0929401317790255
5.012973941154324,-4.9990601904007255,4.957223366504719,-4.941023086619613,5.025863771368066
5.031461909014762,-5.025376567176289,5.041705028595503,-4.95440932032146,4.966561088060944
4.929150493015951,-4.970931347033054,4.921332652519713,-4.992399211108111,4.977637744760635
5.060933260539446,-5.019642194538361,5.05536364860019,-5.025710472218151,5.049999550252981
5.103017077191842,-5.053402356918312,5.014601786086545,-4.862560879204497,5.003329441345146
5.003089413511482,-4.960575052632449,5.002054043204738,-5.085361299728528,5.056614368741947
4.8998525793067405,-5.020839582556917,5.060371287457833,-5.0178271214321395,4.96531517537678
5.043963195258328,-5.0425557393417195,4.938888714020402,-4.986274300625336,4.9908538350793705
4.937816344290558,-4.968152373000256,5.023224380278862,-5.017987750830281,4.985433399693752
5.023519637100458,-4.940481929012397,4.9858603394945336,-4.967265575349593,5.02826001085423
5.043965364635449,-4.998034540062827,4.954383724296682,-5.023124957659999,5.017142673289082
5.090923218919079,-5.024200981159814,5.04023937217637,-5.016402822533838,5.005523437794307
5.07576983746318,-4.961785370928978,4.937935036362952,-5.02862375119058,5.062811067222068
5.007093902131425,-5.057442005980793,4.959052377751314,-4.964825323864441,5.049720514060882
5.000892765074108,-4.876234309953195,5.041207618172782,-5.012174053481645,4.959214697595033
4.951255784768048,-4.983228933975981,4.97556114775433,-4.916312812300829,5.073315590145893
5.031653327374861,-5.058949808647845,4.96638905637238,-4.937216123712945,4.971846690010245
5.0561070866959765,-4.976269803848262,5.002585894240659,-5.035141640646772,4.995287807823763
5.009482397743745,-4.948373055084944,4.955713219968312,-5.0131408421263055,5.0022411565966145
5.033133917884308,-5.045423216876139,4.93417151035564,-4.9663017424144975,4.924102544252665
5.064248985738108,-5.007796304874145,4.922623445886278,-5.024021010970174,5.018956181653462
4.973364945622251,-4.998998512558782,5.037003918285264,-5.010109516769381,4.953147116176694
4.9850508001314076,-4.929257993177037,5.084253217266659,-5.1009963086971135,5.0545513954595735
5.012507385801768,-4.953800866043992,4.972475586986619,-5.0884131754750745,5.029224439432373
4.952951136935864,-5.069414621574243,4.934079930876327,-4.969954310879233,5.0069726233014595
5.039123301093734,-4.966546237275182,4.9789533217708115,-5.003523678693873,4.974428123560873
4.989483611356725,-5.048362736899053,5.019524214693717,-4.946243962550912,4.959169348508951
5.064063482270067,-4.994323925176103,5.012053948820291,-5.084971475980376,4.9096368845217135
5.007205818138984,-4.9605133937684,4.966430977817752,-4.916495304970845,5.0367467987127155
4.9545829374146,-4.998457566647325,5.123846456686171,-5.062128200139985,5.0264134969457555
4.983862772363833,-4.964655185454075,5.063363682315919,-5.019311854435569,5.055945613585359
5.111060169713598,-4.996686263132788,5.03924443437471,-5.029522038510164,5.000962965451561
4.991166245364588,-4.96015320371707,5.060233796787847,-5.0054827424558725,5.076681142286646
5.076502372078082,-4.957657312841005,4.974198673413913,-5.030591440836995,4.959380932265498
5.047458303511908,-5.060588410374468,5.03384188270555,-5.054055467391206,5.041177305992099
5.000860979136528,-4.933318071907008,5.057072728916063,-4.928246729399895,5.073040935914456
5.00718154169941,-5.05793965332123,4.947373847250131,-5.104342426465797,4.9458167083285955
5.003441182885233,-5.027982709041258,4.990993219779507,-4.97536422902693,4.984796737096712
4.943908559979371,-5.002661683378172,4.955075475661358,-5.013539324848953,5.06713884822115
4.986474734795191,-4.911452122332613,5.071581799346898,-5.028965265428952,4.9444438116792115
4.99737229190399,-4.942333611830156,4.975490454688566,-4.954595485086893,5.060421999456804
4.96129871748187,-5.03380255441443,5.035633101606351,-4.992407622517922,4.965696923672816
4.9823909775940205,-5.003525977636371,4.921757278752227,-4.961717844675865,4.976065390553041
4.860814188810095,-5.001193548415473,4.962921437055325,-4.915558890384866,4.970727748954001
4.94511783182107,-4.974603366501899,4.966977631599621,-5.038972810062612,5.02547506914122
4.947976634605522,-5.072863682909973,5.086299900104716,-4.971025063119968,4.986789535750281
4.999826139514903,-4.974706782094192,5.048666872480671,-5.037798764565751,5.0183073262982845
4.974664791189488,-5.009449062225631,5.008034643373246,-5.000333928652633,5.036778344915128
5.02435432795578,-5.0754084604686085,4.932108839646728,-5.018485834237965,5.091431263122091
4.95742040837492,-5.010411135480638,4.973182698652174,-5.027702219204404,5.008911987195253
5.070038863809782,-4.97720158000597,4.959823451928646,-4.862338524459839,5.0039286610480564
4.971138952180894,-4.929395181266121,4.976546469102809,-4.916854317250628,4.956467860451666
5.071501519446069,-4.989947616785916,5.064552611635122,-4.904911714564923,4.943369635473937
5.063788591037916,-5.070445195221271,4.947640782237588,-5.0401704729896215,5.025181831808893
5.001650793846743,-5.008356804208142,5.007311763951118,-4.970435520535326,5.033412406197067
5.054708341780756,-4.908998259361628,4.998931881377926,-5.026054448106546,5.030676806459259
4.942787259186769,-5.03393520660558,5.04996904731964,-5.006206418740885,4.939590377082098
4.9255098467317415,-4.99756416603031,5.057094826848401,-4.943572711123441,5.0055440251446415
5.100445470954806,-5.005241018297023,4.99307161883013,-5.12837179548695,4.977631852541939
5.042600751745424,-4.921801933157015,4.958488268316636,-4.976887383535348,5.052343951616164
5.000560407659795,-5.114164022876362,5.0123644999787125,-4.961928468796955,4.952628855249077
4.987292273456281,-5.057774802106438,4.871492622570982,-4.9486497794106175,4.9998125733099075
5.079883749835249,-4.957133890404691,4.982289511916727,-5.00415903300522,5.028308869538509
5.048344170837787,-4.9838664684628995,5.0552796572644745,-5.014833436833723,4.950142822660716
4.996759537321943,-4.989740755463191,4.939923230263036,-5.066836104207331,5.022369314823671
4.979682157431479,-5.0082920452831,4.9820153667149585,-4.923969954911839,5.06308805801975
4.938132315498041,-5.0266396606540225,5.04250021339848,-4.969903188144838,4.99792710188351
4.943119989751788,-5.034127002307677,4.974161621622685,-4.9861502834440445,5.0851863577348615
4.965655988260593,-5.051301762377762,4.994570676158602,-4.948413050974297,4.927655851661965
5.072681707543747,-5.008601568105783,4.963283999884331,-5.080009464338108,5.035326038671031
4.9914414402379235,-4.991464725862275,4.954959412949432,-5.015954801712551,4.975670937682263
4.994970344731089,-5.03347761631879,4.9232909519656385,-4.863575012735169,4.9318297876331245
5.009072950347127,-5.088601391421202,4.900147628169101,-4.995108675407387,5.008718379388415
5.063074949540119,-4.980022657949215,4.99250946406271,-5.04748001220325,5.074950603411677
5.046442562302511,-5.062316473887421,5.001898186410532,-4.992797388423675,4.982717317169716
5.0385925242903395,-4.958413343082591,4.990475715109745,-5.014043462289883,5.074947923133377
5.046641944618112,-4.996381980504581,4.918539548045997,-4.982799994684748,5.0349041732458835
4.862273918580081,-4.987406527584099,4.9791654006602135,-5.011042714006478,4.954630952361834
4.992590535479818,-4.930400421190933,4.977680075059224,-4.951721322060341,4.959683439056019
5.037937809632802,-4.999917207218902,5.017601241439464,-4.999642337195126,5.032081261622061
4.871620744103312,-5.070991265672879,5.020854024900432,-5.102176917694812,4.9734709822176395
4.997282957948167,-5.041407006880645,4.965421929865311,-4.986420889992321,5.050464747788991
4.9520775309372596,-5.028752909809368,4.963436951333648,-5.121068987593864,5.007085589515875
5.046735887291424,-4.949167839634206,4.956461681177963,-5.062584902426007,5.001080277379584
5.041463684328323,-4.992257477584481,5.014465231793688,-4.942908453613188,4.963043172038465
4.989001495666349,-4.91826972441194,4.990159443845118,-5.063366848298329,4.966532195187486
4.953091007438938,-4.982141870714936,4.955202649820561,-4.986448287356938,4.963196739072967
4.893831073080088,-4.9846690106509035,5.007423184077345,-4.974112109214558,4.966350639041737
4.961022776232031,-4.979926657075922,5.075950978626549,-4.999441599524683,5.021229254802357
4.983920615778715,-5.077181526093685,5.0483714709577026,-4.954579288045692,5.035538701258759
4.9909027280828795,-4.970147195013073,5.044688089869392,-4.918992065752165,5.049426305232372
5.003191061251682,-5.065412662771219,5.007782914883587,-4.9871711302075346,5.035451488765915
5.067694592966172,-5.004757525602839,5.105049359490655,-5.087964351002029,5.0209670936230815
4.960073980390798,-5.09536109998444,4.989911281185042,-5.072858634921047,4.99192860509836
5.001738462404723,-4.944072929533203,4.924620743261803,-4.954577741717712,5.00490402251399
5.05144245768048,-5.021587558751556,4.933387770661827,-5.060874966310793,4.935409627316644
5.023890707646033,-4.926153898889265,4.971752423667239,-4.968543235087111,4.9238278970932186
5.009016062458865,-4.966571869183143,4.927593761236157,-5.010194173448992,5.0357958570242785
4.853311467638526,-4.933227346914913,5.017683968794552,-4.964163617614133,4.979364036040262
4.913863875921733,-4.973296852184152,4.995870483729174,-4.998394227228384,5.054380349259947
5.0381031936931295,-4.903938129145519,5.007692711443675,-5.034560621889556,4.9905791576545635
5.02078316862693,-4.949207174050351,4.926648302428064,-4.999573119241042,5.080477082851918
4.987989556449874,-4.953449407256545,5.0246558763608,-4.952206969673751,4.959511972920003
4.959729916496721,-4.998986405393886,4.923388910637985,-5.013487030330583,5.012643832875783
5.089231780347489,-4.979864090536509,5.031261423543655,-4.9417762076475,4.951767120555247
4.991745866881451,-4.878729370409806,4.9960438888807746,-4.94417846256089,5.048186893858655
4.926094314280616,-4.984476036149704,5.0073373736102615,-4.983502060607978,4.962294376010447
4.9441540244043924,-5.023800500001043,4.99511025014579,-4.940750777619984,5.090865540986281
5.069829892311159,-4.956990739460908,4.949782986885021,-5.020444808749475,5.01049630262065
4.968378048096191,-4.971139717373602,5.036024305412714,-4.973185496871727,5.0512567302278795
4.954770439314347,-4.95335856479539,4.96521772749399,-5.047046797632144,5.026605806709319
5.060793678109949,-4.975599325681199,5.001040201188627,-4.984492308694924,5.006821345903364
4.943702455193231,-5.062131007247245,4.996058706026327,-4.996007158211535,5.000566618918387
5.033805080682495,-5.010773835808217,5.028148959095243,-5.007229338366322,5.091167948101823
5.004035686336322,-4.882963869423716,5.017600579554543,-5.0106838585294105,4.955027601187016
4.9278555712971155,-5.049572114219808,4.9560196845418005,-4.980258998979391,4.973691731446991
5.009346352627725,-4.935901081881165,4.995609582418258,-4.8960421650766595,4.94120945098304
4.992470822581254,-5.026965646180549,5.04682533030285,-5.111989581518306,4.92784423554111
4.9946326588774514,-4.922431113949525,5.011292091701866,-5.067577372713211,4.940141670365488
5.083649485142248,-5.031056739939812,4.952851831377512,-4.926131371968457,5.050554850279349
5.06370298216334,-5.047502094013291,4.923744717949282,-4.993341675531865,5.016756306653683
5.0182300901852415,-4.92609080321805,4.913311645499587,-4.957015247435112,4.945168747792634
5.042786766043042,-5.023747835226069,4.959301410205474,-5.0304951353474605,4.927719489961172
5.002021446991673,-5.038633669533023,5.039314911545014,-4.967997195948354,5.08440785264514
5.018316374177054,-4.973966111645996,5.070004990591391,-5.0313831348013345,4.9255870893588485
5.01000470295642,-5.07113167346072,5.122696933646269,-4.927225085396053,5.108198816665079
5.003122348833156,-4.97247132031492,4.977026228402368,-4.955853759720663,4.9392228393974476
4.872845340526261,-5.039535530974429,4.9272263262191345,-4.926103663192023,5.090783872754016
4.929853546379344,-4.935414219623938,5.047569249175038,-5.0784888342359435,4.9804866234534195
4.970991813893774,-4.96260023006864,4.938561032454749,-5.004943631282974,4.965703274802519
5.023667059169258,-5.010839601584396,4.9732377148029805,-5.010664828781604,5.101802141642006
4.979155018194031,-5.052050260914189,5.029171678457798,-5.007176233471148,4.9292383034566765
5.111574816760124,-5.017623947279333,4.981106527301932,-4.992008232404595,5.086505838460442
4.91601273367405,-4.986200707528973,5.104363608089681,-4.993563565963018,4.938233301034826
4.969080157351967,-4.98965587351216,5.066540195781993,-5.016966792220803,5.0413325898716215
4.9282315586476555,-5.072185918479753,4.9758599655657525,-4.928098563906337,5.003443731975689
5.014490559778331,-4.986096020221324,5.055460399129337,-5.030511034626893,5.034414255424411
4.958455866807244,-4.900836367203962,4.959980444785166,-5.044119465153931,5.027483490674403
5.0039894215716165,-4.983657379686953,5.011365689774616,-5.054519609940372,5.080667946453974
5.044677110294455,-4.932052502436644,4.973583455544479,-4.979173822764241,5.009868423111735
5.056400131310076,-4.941987593408519,5.009652540147906,-5.075897556592163,5.088983094354385
5.027799371684507,-5.030421852069557,5.020327106913335,-5.075554677422626,5.052767653373552
4.926439412786042,-5.011041724601854,5.012222722480278,-4.948058014400895,5.005327233821719
5.031748143680628,-5.001408345422478,4.998390702452786,-4.995726137482585,4.990547103957382
4.915671487845929,-5.038416174684832,5.012238742055585,-5.0124560501744355,4.992209545890905
4.983832316528064,-5.043179919636591,4.975345026951185,-5.01534158721943,5.000257157027092
5.019668917223486,-5.009027514544287,4.948517237215379,-5.069904101995939,5.129871860368762
4.943509248486772,-5.025931250063219,5.025850015125696,-4.981956969521716,5.026043284628079
4.977864146523391,-4.988072096468023,5.0030671832120435,-5.0156065683770645,5.012270487088567
5.0527682773375355,-5.001110011171766,4.999222642317822,-4.9465919482562,5.048068017990941
5.079196822048174,-5.087811511723979,5.045255959158469,-4.969920997729891,4.955717380112337
5.012579395899942,-4.9474439126121,4.95854205387573,-4.97787187854886,5.043567683786551
4.946449021873425,-5.007114284622258,5.01504841883212,-5.039806575277148,4.956042340045323
4.993247769906861,-4.959918014154815,5.032186700059605,-5.043070636459317,5.032608394255784
4.958203011191674,-5.080508489899672,4.981642821447639,-4.943851531420713,5.032798027607068
4.99992140963134,-5.020835274179553,4.980511893194178,-4.99456075470696,4.946578125707709
4.982594632739935,-5.0107784730679885,4.932446277077426,-5.041922412544879,5.020525339574319
5.000475591997049,-5.0154380895596695,4.954428628123102,-4.9211575087205395,4.958101039266034
5.012579640363087,-5.02439345440369,5.001813964631917,-4.9771195129029815,4.931487170539605
4.999669187792326,-4.940463567551007,5.0880750946746005,-5.006500698662757,5.002084060360845
5.1105666514300765,-4.9432537859200405,4.969135771537239,-5.0309491725443065,5.047827473089363
4.949448143497714,-4.9456136624330576,5.016714998187551,-4.974113961798646,4.9871633098259975
4.96850875978768,-4.926900358456584,4.987663135972326,-5.020546753828693,4.9959931466060095
5.009651106635897,-5.051541256335972,4.971756425289654,-5.030901603695303,5.042264015230343
4.955701871600006,-5.087788392887902,4.901645271854692,-5.073519006733786,5.0680769101424055
5.000810329974202,-4.97493754565964,5.026824386356067,-4.997190804080384,4.9962609351674345
5.052226321490907,-4.992700204284368,5.06995487396317,-4.968958502735506,4.969110186325949
4.975143298806503,-5.036373240322714,5.060877401097536,-5.020252547647278,4.960076360160018
5.015988902056341,-5.004858355318625,5.014728425628758,-4.905509304805308,5.045653540296443
5.001350527715095,-5.0704211692103005,4.975001875139569,-4.964447694872735,4.94144794801691
5.107048514816518,-4.999279171868222,5.002442419660475,-5.033332259647899,5.024836887838786
4.942099909673888,-4.891755370544927,5.0658675652326,-4.950785177740148,4.93047854971051
5.0102706635228875,-4.939545680099299,5.029655269967887,-5.050105455231689,4.9674953122345675
4.9774031930997005,-5.0301718917244305,5.076438941785516,-5.096050656941163,5.032795956982942
4.935384831253577,-5.048062574372554,4.899513331656564,-5.027452721557943,5.0755365825769605
5.013241212123239,-5.059918077349955,5.050857383718966,-4.938434786821566,5.005202324051954
5.101737457907629,-4.958921793768769,5.034132625364629,-5.040168935358315,5.031369924281067
5.010839563880225,-4.974008549866449,4.965770719042934,-4.993595055782051,4.959156924989252
4.8926433950016985,-4.950084771571081,4.924880550915524,-4.994640676760879,5.016650106472452
5.016328150793153,-5.014153953679912,5.013560573763999,-4.976451646510742,5.036748240787599
5.086672066969213,-4.98829029242509,5.003202442250885,-5.045336448267505,5.0217973161949665
5.033369155157028,-5.009615159214081,5.027230625209202,-5.014625809677467,5.033549632604446
5.045630115701488,-4.955068606663476,5.005892216307065,-5.051998407580853,4.969404347367909
5.029757866194236,-4.877559384712988,4.982963961423396,-4.977208116080593,4.97219737212603
4.951301647787545,-5.033815793178868,4.895876401164866,-4.932328246854612,4.888493487354269
4.986808588479969,-5.058906394767503,4.95578098923189,-4.931173867013067,5.01005334950157
4.951730192040915,-5.029475856624826,4.961725938977896,-5.002177283603944,5.008644584239384
5.094778738661428,-5.095815038299885,4.998259384262102,-5.015778384626726,5.047327426385839
5.017740905908919,-4.970481889594253,5.017254309300754,-5.046599556264177,5.06056327482465
5.0399252452307834,-4.954223510413763,5.063202508525358,-4.979116244967402,5.074049620205875
5.018881978589332,-5.01095292940123,4.999669804475832,-5.001192188406806,4.974030433895473
5.081594442418511,-4.985185231724817,5.004736923791645,-4.980586287253678,5.148992725836857
4.943413790570017,-5.042251925585814,4.93097144912765,-5.011629961921774,5.012275922166368
4.976733874082946,-5.026986339907588,5.007120243331407,-5.0251053912414845,5.015508791359142
5.055711717337131,-4.96614847650996,5.04405066735826,-4.945704079424664,5.014141408005935
4.992067948697845,-5.03861265354416,4.980441091818214,-5.0261842766338445,5.036583616331046
5.01733912772971,-4.965162106864285,4.941983157194993,-4.928412525787946,4.978650981424662
4.944999167896267,-5.02196088824109,5.124188299629376,-5.019385843324578,4.983745176426454
4.990394765968516,-5.007431019171573,4.960926196709937,-4.992839345839694,5.0537797454099165
5.015714465773935,-5.055558264945,4.982782704753315,-5.0275763700050815,5.00264697341174
5.066522583578116,-5.007444139801044,4.99559225655648,-4.911117759059029,5.043810299583583
5.028704064105327,-4.9020934192349115,5.0244905627397,-5.099326357098876,5.041633287894018
4.920399577144067,-4.977399731570878,4.914312821293538,-5.023342770519996,4.9818107735195065
4.961494044638412,-5.01744259985956,5.051628086018027,-5.035697645607978,5.027257043975527
4.951717518019635,-5.009474978819607,5.0161919633163725,-5.049826420830928,4.934413978354465
5.024593907528945,-4.943845980032968,4.9960467490256315,-5.022865645327835,5.007783769384419
5.002773995938269,-4.987854872964437,4.873587744984314,-5.053455214558298,4.957738494728157
5.007543381425578,-4.990706105818886,5.031809024434202,-4.987120912539478,4.934963246480633
5.072350230879253,-4.936404084828881,4.937090135498654,-4.983364735281291,4.970228780737849
5.006943199460028,-4.9473344860179065,5.106505213316048,-4.96243611474287,5.014746736755507
4.983008941584585,-4.990893256449441,5.067988594666415,-5.002235437837979,4.955694367432617
4.919015506724168,-4.974347606629488,5.012364406281387,-5.032295408663114,5.051300706285365
4.978911156780619,-5.0067322045912395,4.999166793335103,-5.0175476371069045,5.011793253287479
5.05757575729665,-5.057124094905921,5.024426006923701,-4.991392066519678,5.007688191477235
5.043592228493704,-4.997535128739142,5.0240114630952855,-4.964206768521443,4.97478173998097
5.0149591730406895,-5.012539380360532,4.993365911014005,-5.016103069823917,5.023554020204845
5.0040822354509125,-4.980272798284166,4.999124131855212,-5.0802060506235165,5.001568420804985
5.003176897757841,-4.987870203142327,4.970313540315713,-5.059773485833276,5.031230332244714
4.986319672173291,-4.99143779761575,4.985926996005586,-5.0003030912886794,4.97753573260321
4.951595820542309,-4.976313416961567,4.969843995588694,-4.991802425955259,5.020523011095104
4.970659364219846,-5.060194281718649,5.1213042806926525,-5.026388593797272,5.031170857930058
5.096973177478506,-4.960504612657306,4.984977859558622,-5.003355819376756,4.958369639013058
5.044084821347887,-4.971686464597066,4.974278709086913,-5.052108740354922,4.9339383131168155
5.04932570019021,-4.993981343552222,5.010749226816637,-5.041147431293118,4.92682484483478
5.048130678735582,-4.997898048150138,5.045361733002881,-5.019296656325778,4.988159107848157
5.0356649088310315,-4.963382596017474,5.039878281134298,-5.014760062655135,5.030727361882543
5.055454973273836,-5.005238600584077,4.974325581811297,-4.932862619834162,4.967277713322435
5.031473824855724,-5.002921115525993,4.907921719175772,-4.943570296626071,4.862107318522631
4.90079359666212,-4.9736334960259665,5.026353559933906,-5.031878992893877,5.007391104515162
4.8734284977110995,-4.96465122677647,5.01248627435268,-5.00228214266669,5.001042074106889
5.024662708809651,-5.001445076174893,4.906297224863439,-4.890183388273874,5.060040040971423
4.935752766902259,-5.01725686152383,4.988198290492198,-4.946057521674552,4.8920365532340115
4.9750495867785105,-5.088031822166875,4.985745224208583,-5.023625044654246,5.003984703369135
4.969756280049541,-5.037551169569526,5.0309828345881575,-4.977266362952871,5.027569917138912
4.9911549954754575,-5.02858692911126,4.9940573758989615,-4.974941896496578,4.8911610149514075
5.019705596518543,-4.98454309063326,5.003107545304286,-5.007465671093584,4.871694030703379
4.978007336844979,-4.910528064446131,5.000645064778415,-5.015364491933736,5.000845309779506
5.0177386434314,-4.967058987765527,4.9885559918421025,-4.9787540198803155,5.083832540138068
5.050312539971635,-4.882984989207151,4.967161482082414,-4.916190524624899,4.960466318003871
5.0176783073370235,-4.963376173538095,4.9744611404047765,-4.9956017861262865,5.045523055122592
4.964486455084405,-4.916530827022617,4.930770168763632,-4.903015427863581,5.050066306739979
4.995513721183611,-5.0201334105618365,4.974648586860448,-5.00678978201285,4.9975752069225585
5.062761312331729,-4.9015672949807705,5.0099689960327005,-5.04228142439947,4.9727136979681905
4.990845460769436,-5.0515061052648385,4.941052929894631,-4.895143639381349,5.0151306762973125
4.958343343315983,-4.9591698214821145,4.9410826937596575,-5.054800602393553,4.959847879946787
5.082725664043251,-5.012644003288918,4.877914650654875,-4.93949670334122,4.984680931791882
4.90752959970608,-5.0158341743981705,5.026050194830245,-4.979797541673351,5.0899207489582405
4.957361606871504,-4.997663993986752,4.965021536071079,-5.0771096447093615,5.044276368615297
5.023163478457376,-4.985816077515057,5.0213395096629325,-5.034273642634421,4.94971524563409
5.001882368608468,-4.94193942987942,5.080403856772677,-4.960228364659629,5.0014587213384045
5.013489196469997,-4.9994203070337315,4.9487028330150284,-4.998767631089473,4.933258659120575
4.993796138694848,-4.918194744470184,5.041142961139167,-5.046155959211826,4.996378546517886
4.958281184412263,-5.00312568840886,5.0520553908262285,-4.967349603084505,5.124207204037266
5.059623870125378,-4.989799980946115,5.033857498706665,-5.010122158709167,4.943624787645676
5.065288828914376,-4.949550426153418,4.987947289270302,-4.986303213153433,5.0620469593692405
5.042317571310301,-5.073155062562485,5.012181001074492,-5.008381576274418,5.055650034956934
5.051552136939133,-4.9340696085910976,4.9441052830639896,-5.039205576702812,5.055704121806772
4.970417709232878,-5.076071649045716,5.026629824380703,-5.027360922013298,5.08948953851542
5.014809227699423,-4.991987035667917,4.9815378054192125,-4.920458233303651,5.017927722994491
4.97957502409219,-5.039704185330272,4.996326347271789,-5.04888234185774,5.051443872083947
4.9095828972987885,-5.006975701416653,5.0305066772543965,-4.982894028994517,4.964135851349217
5.033012935335328,-5.044301969419295,4.99888076717516,-4.967407921400982,5.023145638974656
4.966248049429026,-4.940125274171782,5.0043347285742765,-4.962850229453043,5.076455050333663
5.05587602743873,-4.943993529683448,5.009633996492473,-4.960303243954474,5.0106798287282155
4.939533776611079,-4.984862810374748,5.012818049186923,-4.970813531923909,4.99360015123933
4.961927222161807,-4.967174695841239,4.934336385637388,-4.927059043207176,4.9884290969397505
5.012276408602808,-4.972072092335921,5.029534402242209,-5.070449214997587,5.041204329027213
5.015157691418814,-5.031763069227931,4.962516652452704,-5.0167026541028426,4.935062915669476
5.086113369549351,-4.9256924337428325,5.022585010048797,-5.011169920817104,4.99014460060313
5.0379032853086985,-4.912108655024903,4.971480163020163,-5.055879302131166,5.0773820386797635
4.910643070620777,-5.050426540412633,4.987657105374457,-5.078021673390252,5.05560745314033
5.042845263525255,-5.028739661360766,5.063980705958888,-4.927535378579809,4.994341467585497
4.977466591121599,-4.887019898612876,5.036058091104207,-4.987183767351557,5.068177297331981
5.015096531750151,-5.025281029295959,5.0040079880243775,-4.948067285634013,4.900390721682539
4.9855984630280386,-4.930847130070919,4.974406579945324,-4.92269457197843,5.070737190967991
4.996723544225553,-5.02842696524445,4.985632056292518,-4.866769275399928,5.093721222346662
5.006269548590337,-5.03040767758102,5.005852051779063,-4.987808653669162,4.937832063119532
5.004002063460763,-4.933879783759414,4.910032165939176,-4.958670801743137,5.068739898502739
4.9719721327452815,-4.915291212090447,4.965483146877583,-4.97794586690698,4.984661365766819
4.98465018214187,-5.030864953487902,5.034928774043101,-4.957559727113428,4.99677889002114
4.932001589316386,-4.979841491668281,5.021100717970534,-5.0108357505693215,5.09336156435904
4.921803536754967,-5.110864185512678,4.963458255015117,-4.964478773295427,4.947207768128308
4.950951454073696,-4.952448933191092,5.023127396139888,-4.98114695451858,5.039071445973277
4.978740352336356,-5.01894920370291,5.040488963628071,-5.06724433903906,4.892864007680073
4.9783357913186075,-4.953456335546716,5.012777984949341,-4.957135424793849,4.8991852844788415
5.015774840416174,-4.967306774767881,4.932460128869466,-4.956897120472672,4.9944240551747106
5.1535668350803,-5.108861803444837,5.0684557183837375,-5.019707904826304,4.919142414277998
4.973652242821751,-4.9861260379331265,5.051873333478252,-4.913901785593391,5.071094654435218
4.951730898964775,-4.943491765386694,5.019564247856044,-5.032730151046449,4.989404470326126
4.964507867027764,-4.998145382903177,4.963517105885294,-5.051399703660872,5.0239559563891385
5.031436527412982,-5.0093798500045805,5.068382565196798,-5.013021529324756,4.984861272743723
5.033024449117285,-5.006621279247167,5.004239886451307,-5.126021923530954,5.000835369236898
4.908640203126437,-5.061047528549944,4.933233873062225,-5.052129157676691,4.972557307018388
4.975675369222726,-4.966786239787144,5.011119390706735,-5.095053721440899,5.00416473187734
5.0159127623291715,-5.016428325812648,4.996955701154665,-4.990484493730147,5.038229979881779
4.9212560006268635,-5.012215851931982,5.075416804902886,-4.929166934585102,5.042546846388789
5.026841234197784,-4.917268262579896,5.095892400080333,-5.006453999402343,4.951528377835584
4.986485384118775,-4.845165224311398,4.92153218286374,-5.023526956976471,4.929365442375368
5.0062381931438695,-5.060134551444744,4.994562448858319,-5.097504758000938,5.030881033254232
5.061117262823399,-5.019197181103173,4.993243499646215,-5.008170361536566,5.009045533761252
4.998091520651679,-4.961594152378465,5.061651956672547,-5.040703561124609,4.984533575361285
5.045080972446237,-5.071083452402951,4.901463935907722,-4.988684202355076,5.024817320553525
4.96388499060232,-5.0289325527060225,4.961990383912955,-5.043346261967222,5.03467479103023
4.940975075650118,-5.013276143071668,4.954733191624257,-5.072764448795061,5.043508908737339
4.974008738891323,-4.9905779959789625,4.92459620600995,-5.037096972687824,5.03780439403475
5.129363572792266,-5.098810803219515,4.989944610235528,-4.979385970092825,4.969194992338036
5.042476099349706,-5.043336633533015,5.007692383010832,-5.026103595224918,5.060971554147739
4.96618177484822,-5.017593689814325,5.047284451874858,-5.051401932954644,5.003437502838179
4.90887328281567,-5.054396672931453,5.01910656379454,-5.0495348754768115,4.9727713534088105
5.024654320102397,-5.028959307057346,5.0411421036608175,-4.989216860625697,5.021784155596225
5.062048279936927,-4.984008846869297,5.076942364523467,-4.954436885848109,4.973827378508277
5.064657403751063,-4.986806698954853,4.980266014566975,-4.986080715233956,5.055616341219513
5.0227522547121115,-4.90888035837243,5.054326527894941,-4.973841998329892,4.948696595862942
4.991013374299494,-4.9964167930124574,5.034831575060887,-4.968133347936391,5.008477020510914
5.006017495768859,-4.963977155246196,4.957070688718501,-4.915224209037508,4.897641655741826
5.0727704741086015,-5.002259276421258,5.05012899071358,-4.981807978285369,5.01730172054554
5.027712723801326,-4.959547285545611,4.983558458670638,-4.948260043473688,4.945776468821061
4.999733471333694,-4.958201503786386,5.049750878980794,-4.97696055758693,4.980330378102213
5.044835388918435,-5.033468311955938,5.087570453687445,-5.0042335448749835,4.923018715289702
4.940265826599172,-4.997817818156021,5.006991263566302,-4.901517165752445,4.948075033119289
5.0019731099651965,-5.052971070354102,4.97536725733933,-4.915801398496533,4.943183188842201
5.029352121203392,-4.980354632049281,4.99879142868209,-4.974028168840413,4.941998980902835
5.082816125390178,-4.903757725243824,5.002355234887966,-4.878844693469322,4.980048603422504
5.020021599692814,-4.928405546811274,4.977049776988855,-5.069077452943972,4.919414146719057
5.103041328195133,-5.026451232531939,4.990713161829075,-5.055638203916053,5.04741696396646
4.9609220070387705,-5.024563151383066,5.014976020970808,-5.0532022963622785,4.991070886524288
5.070110479475163,-4.978587280124157,5.006527114621418,-4.989256764526806,4.980543245201172
5.099807615987746,-5.040607856526703,5.0105463080981965,-4.99424872168286,5.050438125356656
5.055158696939682,-5.001600940224353,5.014533324655653,-4.9835732623043025,4.886392917221469
4.9205505198761115,-5.0302531845360985,4.9719200661811565,-5.059964121098207,5.037479128568681
5.000105921050873,-5.010734727369342,4.9371922362746306,-5.002227243212239,4.868665762200069
4.991852184459708,-4.9968408165596125,5.012095749216075,-5.078205088173964,5.011240836834574
4.947928436506773,-5.040623491614617,5.0358965692911335,-4.899294313832013,5.002567937940134
4.959145227067989,-4.9905664776245,5.0469514578749575,-4.968950121706364,5.1371556436231876
4.964233121545266,-4.987388426004035,5.07744589767091,-4.925692038149073,4.902496103673781
4.999832118998001,-4.925773961707565,5.144532149519957,-4.9648102058124595,4.9816068353151755
4.9495398423781305,-4.889062832123457,5.036437079323288,-5.042403346344271,4.9898421816833105
5.015509325841435,-4.972809667305594,4.95501906712271,-5.030709520906274,4.917353271881352
5.051988114480239,-5.017080923338516,5.023316082459164,-4.9288870745711835,5.010993507118697
4.994351476202547,-4.9903039261558035,5.003159680192511,-4.937691750106103,5.01554191987694
4.972779949021055,-4.9476075471555125,5.061524217817918,-5.066916531341024,5.076639194238405
5.018235588660424,-4.9858365024926705,5.050331231579825,-5.028348819550214,5.047708225709546
4.981161226513107,-5.073747533985517,4.950112186044653,-4.9716489083548385,4.952726583000267
5.0805038061594825,-4.940535827328018,5.066671958301648,-4.993761071016129,5.012893080864748
4.9403144072877865,-4.9502108244921255,5.018991672751854,-4.971634718735387,5.084415590572644
4.9697018508026245,-5.006307077493866,5.016333546077108,-5.046771770272936,4.990620058936158
5.024647490523348,-5.016271063568642,5.065449470486455,-5.075546228090849,5.056138562011667
5.0330592737408,-5.028441429377829,4.9537795715885,-5.104014130862122,4.960241249379308
5.05235883275015,-5.002804286313934,5.058149044019592,-5.030993553531228,5.035355308005328
4.964125069895779,-5.048278750310492,4.994643639141466,-5.033248325565999,4.922858892548139
4.9908842649641505,-4.994678229178436,5.063417930574803,-4.953159716143347,5.060997159961642
5.036017874919676,-4.9833693620525015,4.938552754676405,-4.9925063901032365,5.029839688866541
5.072871897468522,-4.96568557291341,5.062019171730271,-5.051599894568262,4.983679118692595
5.021467535683064,-4.941952365462872,4.992738567708054,-5.0041222979574576,5.034357015300149
4.943706458642744,-4.919629772508829,4.956043195344615,-5.095929471177965,5.000503350426129
5.084922935118779,-4.970677343483319,5.037554527150181,-4.997930711884644,4.992381125136441
4.9227545315203445,-5.112969312895209,5.0098136169220435,-4.934372540282989,5.017206685241403
5.0311799763526,-4.920814122718023,5.016438342572053,-5.006132755015381,4.959073759717497
5.1011106281486045,-4.973672611042316,4.952819914204033,-5.058558383390062,5.062653186346446
4.948127915179584,-4.907308292124889,4.862176860145464,-4.928870240110501,5.0243447405580985
5.005929721152843,-5.008772921752088,5.094536492429701,-4.96464705707994,4.954839819555227
4.914054502198556,-4.991135139342634,4.999946443323129,-5.075993401868775,4.9972303237258835
4.97130326834629,-4.999535496584666,5.03629618058242,-4.925369502626798,5.045444451818464
4.96392796250849,-4.9815542435585405,5.003155356074601,-5.066606447731545,5.019911639234613
5.092833616895886,-4.998378669790649,4.92029086601373,-4.998486566444569,4.939314390051337
5.043180275344314,-4.973756750413743,4.991454497326263,-5.016558213292791,4.989388284919222
5.000413724717116,-5.038611751067077,4.930612345949928,-4.9430650526652675,4.980729951175152
5.008352155208457,-4.9857359024416255,5.016101023982761,-5.058690899854922,4.916207991772407
4.9705653737654005,-4.980214423379152,4.963602506626285,-5.0177460676849615,5.106364870687479
4.907728805759773,-5.037751699795525,5.094830203428696,-5.002229933599761,4.964700741725054
5.058438445850556,-4.9972384781759445,4.982584580247799,-4.990381553648125,4.967094559530862
4.9491254468555965,-5.005679846381738,4.949450151996199,-4.999465334410176,5.017720328373717
5.042653022802581,-4.943603750724159,4.979713174918388,-4.975029269603047,5.024626172310318
5.016390935790799,-5.023972970547523,4.948596609376795,-4.974899905546672,4.914656871890347
4.986608028371585,-5.12768155078243,4.933179878832087,-5.043856696922371,5.054836210381464
5.034405401220213,-5.027696734192112,5.036468489756488,-4.95561885183098,4.991966757581264
4.930781092789315,-5.010395615503306,4.995105379741394,-5.0616227195415116,5.018352339646499
5.013990592715118,-4.97774786500529,5.013946154858372,-4.963507848244251,4.991033598606348
5.010089255368547,-5.0198870142122765,4.9707750392189025,-4.933087518461896,4.897811564923675
5.043837999457713,-5.031027043772283,4.962498091117844,-4.98692112579673,4.9255195193824495
4.95919884640269,-5.04245698232565,4.988930087090745,-5.040206884408034,5.080055934281964
5.089850825824898,-5.1010996761374034,5.0272161352382865,-4.957066828046122,5.027149260119555
4.967094325345415,-5.012204778107927,4.962586267261115,-5.021013201557942,4.9395017485666415
4.994260558918272,-5.075140085565254,4.989993272288593,-5.062429084454989,5.0103408180895705
4.966029021952855,-4.985470982606273,5.054079036418239,-4.920527653194765,4.873599770548975
4.958290295306311,-5.015154303855601,5.023016390919074,-5.082517725207726,4.950895379659989
5.006517860132855,-4.995755587923667,5.0188809203210045,-4.977816213655594,5.016929721655793
5.009682765831575,-4.997213011333682,5.033238154486218,-5.111966133328211,5.077216674348562
4.8897758974559835,-5.053958090845224,4.988661960167493,-4.966369355445508,4.850236655460019
4.998593783802908,-4.960380248029213,5.049725905801424,-5.034866482924873,4.984958235652249
4.969192593555369,-5.019633732676304,4.948408672463578,-5.0444626081235455,5.021718846101418
5.006580768663637,-4.9754206746204765,5.010700719485042,-4.96478306994262,5.04391069990775
4.912914169006695,-5.042715482520718,4.988431202125498,-5.001133876274367,4.9664954713090985
5.045601183549415,-4.90100258158547,5.009308097779087,-4.995782948390089,5.042472812755217
4.906708012239828,-4.998576552978079,5.0489517912733755,-5.032157699860056,4.938671971004902
4.990709719495011,-5.003034271660096,4.954567385904227,-4.8951919361974525,4.976065180949603
4.942317032428671,-5.00468106595353,5.045393031885225,-4.999129287550089,5.0242796960022
4.956424470283342,-4.9256155776798245,5.028085551395922,-4.947614921556119,5.018258031623758
5.041244201886439,-5.043652627983861,4.975429479165522,-4.932675970222198,5.077987097364198
4.9426467200140465,-4.98751319660681,4.978452809975739,-5.034851573468243,5.014241984767772
5.05704814661827,-4.97741687633579,4.984024377504048,-4.974256941003242,4.982001191320955
5.02060571503653,-4.930176714977214,4.8961420170349585,-4.960137385072998,4.923047253921476
5.061416385527223,-5.031851280493643,4.939116431119675,-4.965236538645563,5.018208503157121
4.950040654851917,-5.0626499878584195,4.9906259256254355,-5.060204347508559,4.946926351353818
5.005781039521072,-5.0482935817127546,5.021326964501327,-4.925492820205826,4.992572229254971
5.006507553099279,-4.899095163358226,4.940619944131132,-4.940438240240963,5.053542879895624
5.042715866958689,-4.935412607463369,5.014028748297931,-5.029146474779964,5.054728664561028
5.056642110585645,-4.944734304925335,5.002225104115962,-5.035809725680666,5.009568112705581
5.047111500878392,-4.948782410507001,4.9785161936462705,-4.98423135519363,4.934561084775702
5.0492475051502925,-5.039165437836253,5.0392627679785775,-5.057465228869508,5.0515707953217
5.016091759501139,-5.039067884780847,5.034567819054026,-5.029518084590267,5.037477751872256
4.986294426230964,-5.086052356281483,4.9508791879759535,-5.021520735434364,5.068409451187429
5.045057181526461,-4.9188069293838925,5.082681760801493,-5.026737540229545,4.990575657012059
4.979436003783473,-5.033575530265054,4.907925264533177,-5.000737385900842,4.935721720314445
4.9982914059232835,-4.894211459521851,4.974532745183464,-4.990261299718597,5.045332419290464
5.014014564598296,-4.985375790602885,4.981879878315596,-5.011593898753062,4.951999473890608
5.042302250444471,-5.087074582830705,5.04855441691911,-5.0701849192372626,5.048130363703833
4.982309123689391,-5.061593434406654,5.028964932253982,-4.953561623246212,4.978096067594823
5.0360305274339465,-5.114254224733467,4.93397018551267,-4.935379553476563,4.988816536290104
4.906889333677557,-5.0349433090221,4.953829976373746,-5.008298086573646,4.981462450809618
5.008946586446908,-5.003473302580629,5.067986962751851,-4.978772570014017,5.02288358055968
5.058257856194726,-5.019438437521479,4.936906127832076,-4.939651483768388,5.0067920874054055
5.006967560394947,-5.031666496076512,4.969157233344821,-4.957663883061458,5.04923278990688
5.039191170287333,-4.960351919727726,5.028451476862988,-4.993423863496092,4.991231015783951
5.060516192497078,-5.0186860435245215,5.018498960694037,-5.040200649897712,4.967035048157477
4.988192271607138,-5.040196918836358,5.039892591273915,-5.067401712577252,5.004961481169054
5.006625404842109,-5.090539978915984,4.97794880897382,-4.987215023097593,5.021436399664704
4.989784639569992,-4.966155589775965,4.994534187138198,-4.999317354396247,5.012582693449327
5.046349981436708,-5.033785900120777,4.975658906374085,-5.033444824586461,4.983390114192903
5.071311712903988,-4.971363734033509,4.943445512741558,-5.0300223482794335,5.01863836121382
4.9546746109533615,-5.036267002040738,5.067247983308707,-5.0306687814236595,5.04773334080147
5.0627661594765465,-5.0366731045584485,4.955501872172143,-5.013806604324058,4.945568613966318
5.006051693925137,-5.0102825955926695,5.018029000794315,-4.930152827188359,5.040874249038516
5.024461988770618,-5.098302420648396,5.022168799105119,-4.9138686169647725,4.849473874184324
5.034469127148781,-5.007967928737823,4.957510249848853,-4.959943570804402,5.085485295030367
5.038761536441887,-5.018559597563076,4.952826508779593,-4.992768618310523,5.04365846461908
4.980647348688314,-5.01451914958254,5.14110001249192,-4.946067402702013,5.057506433919682
4.926985704697059,-5.035359433964673,5.003734081972712,-5.050056877894257,5.080019864944465
5.0705156153295325,-5.026677266869203,5.089195930330375,-5.000212604835997,5.1294694858694525
5.007234306526252,-4.971190362483579,5.069995172058478,-4.93611833250961,5.0255366033067945
4.992942984027808,-4.974293365000344,4.959190791406194,-4.992393314056795,4.9445346233751
4.9109559179959845,-4.997478661793028,5.063113894533584,-4.953709767920197,4.99590438521372
5.087349484908775,-5.028453069542329,4.904108366910099,-5.109105064710048,4.940940452970215
5.040831237163111,-5.031740134173369,5.023047932092865,-4.917685830820801,4.94499515187111
5.023924986589795,-4.9730518463672135,4.956963100576345,-4.932289453737746,4.985614647222526
4.980812350954349,-4.894419339079102,5.026138337118336,-4.953735472515725,5.067744646576092
4.967476300027039,-4.937508945147316,4.974905294250116,-5.027231169466915,4.9864000013845935
4.968896758252752,-4.958892178367142,5.013360532757253,-5.024561220730855,5.033725251657741
4.986240878130682,-5.016403518518234,5.002434194245077,-4.976826982216689,5.019492382468871
4.9818375408873585,-4.95764443962803,4.988880292446018,-5.032749224430436,4.926598917561632
5.0491589240499515,-4.9993804961903,5.010543617925526,-4.947709854215025,4.97612968842011
4.931280037576293,-4.996510964889239,5.015398077604015,-5.013142453308019,5.073686878903809
4.875691671613932,-4.943997168105011,5.039557682518211,-4.977161461114977,4.833204922526545
5.064194439163513,-5.0513217055317945,4.974615401080831,-5.008529633239504,5.020370901732599
5.031971402109628,-4.955357972284035,5.040792675503925,-4.987353639789344,5.02079613295288
4.945462314208887,-5.0375513403409515,5.044773011183741,-4.958139525663566,5.036189970822221
4.974279161917174,-4.954475393402816,4.9419377773759825,-4.946132009506886,4.986956459937706
5.0842085203170315,-5.076072104603274,5.088170202295926,-5.018073216458173,4.981026037199412
5.00974194094928,-5.034853945640035,4.996383549934885,-5.036881313263542,4.964946823451041
5.024344297515029,-5.045078274765176,4.961590288249726,-5.068639562487321,4.974803466001933
5.065580101486196,-5.042296682005149,4.963418336740638,-4.990303902675923,4.981460178310024
5.111407721667483,-5.008126398233813,5.016760917310869,-4.952811560760034,5.046228893293143
5.011664379077869,-5.0080563743343,5.101201426818963,-5.004988013765713,4.977915494778576
4.967707550585299,-5.086340160135338,5.041080787611858,-5.117403419855041,4.999713857954754
4.9897569682864304,-4.888001740388428,4.908417438564319,-5.045055164349218,4.9931951770659175
4.990123533126542,-5.027477229540502,4.995950604529892,-5.062978136443487,5.017859643949747
4.883925732896121,-5.001288467793863,4.9699821652868215,-4.949185602862168,5.087765553531665
4.983447391562482,-4.930463703542928,4.984194185968479,-5.048306326156455,5.087295181609281
5.026038822236701,-4.99977807386951,5.0343588737549325,-4.986289248243492,4.996539029602924
4.9336782586346,-5.013526836858063,5.031162771172924,-5.006138571284341,5.045116288056519
5.019182751193339,-5.04390681590427,4.934041402108393,-5.007858924996508,4.973788577594771
5.016816090481084,-5.035906882938137,4.969230383712256,-4.947346514120254,5.007410148431395
4.964863646728635,-4.999117909563249,5.068945562150084,-4.985310665586264,5.029647540471257
4.9623882731736275,-4.94867903114327,5.1159051130231905,-5.039573382125643,4.940905301281401
5.0087771121917575,-4.95622474750778,4.995430516397487,-5.052660319802133,4.994570791910981
5.029904613638872,-5.020351591347303,5.030362750887746,-4.941764460738004,5.012011531288523
4.998602611436086,-4.958532803738686,4.957194958628138,-5.047735491684646,4.986671385753551
4.975406027259277,-5.040167098764524,5.091523423749939,-4.891400339525285,4.982314747887221
5.004585947487418,-5.00939214100319,5.055374962005907,-4.934717721907997,4.911136810065518
5.023800540003282,-5.065341067058057,5.087913607893764,-4.97798759848948,4.958832523081869
4.987933930603107,-5.014448862913308,5.026255647144291,-4.947904369791126,4.942589635401415
5.0919377250456055,-4.919715494608957,4.956233821620447,-4.9963599102818845,5.085540427205716
5.061645929333874,-5.016837151502394,5.040716990728393,-4.8501400854140435,5.005257999092561
4.968367587427999,-4.99137900739543,5.012327604774866,-5.026226836950005,5.022081253390711
4.937279947013625,-5.033276693350434,5.03791223880774,-5.087743542577113,5.045158379599739
4.899400931714715,-5.086566228943815,4.975051062847205,-4.985656807859033,5.066263180156369
5.00288113815798,-5.0123276803787995,5.02897906239924,-5.043544941023397,5.00697075796732
4.940027687102232,-4.995870474156229,4.9935081837075295,-5.04021339607247,5.008252031826887
5.0079274826579825,-4.941227299383043,4.9197183298468605,-5.003802445384852,4.961986880014826
5.043488102908815,-4.962304396740393,5.025393992253431,-5.035191662903473,5.044273529147005
4.923493453562833,-5.086765535179639,4.936206450004904,-5.001673740516345,5.033758220049415
4.851198376299524,-4.933862858406011,5.006555609808922,-5.078388617379488,5.005047348514479
5.054626270733921,-4.970027949234687,5.054953653127698,-5.068312331469856,4.97929973824308
4.9537653884738235,-4.914120989747784,5.031968142174332,-4.857649520552118,4.976619523329139
4.963766289415885,-5.007141331929757,5.068917861071127,-5.018305984468768,5.006221879895347
5.004834535144341,-4.99802516193989,4.967380076976876,-5.006864553395518,4.9909948699324325
4.999621767016268,-4.952824159092365,5.088031401731224,-5.042021738133485,4.980400318760614
4.958749405079691,-4.990644923138887,4.973082527124451,-4.988010158312901,5.055181345522239
4.873708415709769,-4.975411005519965,4.976990647555106,-4.97697888660078,4.9551765281124895
5.059813049415344,-4.954335969097986,5.028417607427132,-4.960338714109495,4.9627189766413915
4.969018812265536,-4.962378189959126,4.96161354286157,-4.927718247667095,4.983820446435948
5.025094719493031,-4.895037524037246,4.964688832296596,-4.996561912457761,5.052709158231865
5.0475638694438265,-5.016390765511968,4.9741634781239075,-5.0116567966272525,5.072392888307569
4.986044707182002,-4.996094215375827,4.978660676453829,-4.964722571760201,5.007776251879183
4.949828309462089,-5.048441205701749,4.900069721672224,-5.041566070456281,5.039697290181609
5.066188026900614,-4.965722081839141,5.027731610032034,-5.006326302476433,5.0387457277457
5.014313911154094,-4.909777551400643,4.995077734291162,-4.9328495958131935,5.043705704090893
5.036772164310208,-5.100574566273091,5.046459478077385,-5.006375398945457,4.977803675278255
4.9258543479411045,-5.000279356698409,5.001677579840912,-5.06515009609074,4.926335991355315
5.024330974006405,-4.956414743446931,5.009514145496121,-4.942458267515782,4.995680750782425
4.99728243627999,-5.04585140143704,4.921987901122314,-4.907266893307021,5.056564952512487
4.930374371643076,-4.992212404608436,4.994997684444817,-5.013699623658153,4.979549107609253
5.019063457348399,-4.959091223726427,5.020119558451411,-5.00602591871896,4.992138664155444
5.046840715846133,-4.976827753094197,5.003634473151772,-5.001795064880006,5.017263525480614
4.976582565572028,-4.958923059134589,4.946207071908106,-5.020572825488324,5.030555304772301
4.943355859332287,-5.078650427132475,5.003153883771462,-5.084822907722324,4.935059822297407
5.037829705925321,-5.010239262880287,5.0642743474854495,-5.060240717046873,4.9953023817183855
5.019979227660388,-5.0585257465064455,5.051588095224981,-4.974466055841698,4.919535645665628
4.99811291018957,-4.980702163187068,4.9704971663235975,-5.073993245275441,5.01392293947237
5.110562147514128,-5.0193492049578845,5.078462059064235,-5.037614441088073,5.010777281750498
5.038576126543806,-5.000420683298568,4.985113217555939,-4.963693623932481,5.094572755763461
5.015029346231956,-5.025803008826517,4.990512422137016,-4.874014617717731,5.006745355816906
4.970279315071101,-5.057253395824127,4.90870494529437,-4.981820786307691,5.032732099641225
4.980165191001739,-5.000748520901547,4.941476914535569,-4.993353576758625,5.024074766028356
4.973241786641618,-4.915477366520708,4.958144683662654,-4.985826169799051,5.04241586098523
4.996135524992531,-5.0094238409447245,4.928556692477517,-4.9321329252141854,4.99150533991662
5.026868271246741,-4.966363975606993,4.968585075399113,-5.009876430214561,5.066724117537175
4.944140116712978,-4.893604096262137,4.962756360736186,-5.0589758728320255,5.006615451034427
5.110417413216994,-5.095548296779611,4.992949214075515,-4.976186749137172,5.001682497926777
5.01909608350015,-5.0359016541086135,4.970013907703431,-5.00742113235796,4.943505595604862
4.997765679927991,-5.019437264683575,4.976497740742256,-4.9839746793700686,4.908967025340035
4.988545494830842,-4.884132311719257,4.945694515683718,-4.93572497517578,5.002732806045635
4.969852109555929,-5.06603208297649,5.006984098264262,-4.927330144709266,4.980539442740162
4.995951928763161,-4.949481457490483,5.017043539567314,-5.078613788986229,5.004944360792759
5.07561174553328,-5.001847059323375,4.862925528526131,-4.980589250420446,4.990077178022799
4.908545279303939,-5.083960404502689,5.04875535716444,-5.036619137279754,4.9546251809632
4.998218071953416,-5.032210149915997,5.0050024313888875,-5.0101360014718335,4.9400002209953175
4.974440110071931,-4.977862333934545,5.0020959020119315,-5.004097124119592,5.096869212058969
5.036551876269277,-4.957377936758933,4.991701579610254,-4.988992740482436,4.978445000523715
5.038877488276206,-5.005519995204952,5.011118887446528,-4.991969434892241,4.999091655929727
5.146909403357789,-5.033330963874736,4.966214423492065,-4.965295162659412,4.970241550046241
4.985429681932556,-5.054320547667781,5.024577895970129,-4.974787137775793,4.984240397003828
5.035740834424003,-5.09290625068668,4.964657329924282,-5.008498959310547,4.941385875154852
4.912564348129064,-5.015394798251922,5.034701004353037,-4.935894580428674,4.972635605839732
5.036660791881079,-4.968172898096217,5.060930408716724,-5.0175095515177,4.910074975240766
5.003509292621137,-5.050689687048486,4.9638247445468995,-5.015060957202659,4.9830536184325425
5.0070779633447895,-4.96484218417902,4.981613220836202,-4.980215124669599,5.0007408004965255
5.046774719793922,-5.009429592555316,4.996053666211272,-5.018720022399945,4.991887573002075
4.960825593582706,-5.044129864307176,5.038788269264137,-5.05416008415923,4.984044095515105
5.05076713931355,-5.01763503975018,5.041437022684279,-5.029552286036342,4.94744181968249
4.920258707254959,-4.934363796536367,4.943156440918279,-4.962640670493745,4.950002648660331
5.065869195896991,-4.889660863769245,4.915673497015483,-5.0542378217079404,5.0386565931901615
5.025652146168291,-4.96115390726199,4.971312222479781,-4.900623291948832,5.005902473334489
4.939151871157824,-5.012657425002147,4.939821655188559,-4.920452932072295,4.966983436859994
5.024624174237231,-5.023533657249109,4.969230634511875,-5.095512709064052,5.029908730149528
5.064959062631459,-5.045798379068257,4.922738544250066,-4.959834197863109,4.917687932544688
5.060976646797413,-5.045219756147731,4.944835362858768,-4.987576878943435,4.948093035749428
4.964644445935339,-4.98230090336645,4.8785443831416675,-4.9178790377035835,5.002182006623287
4.935351699379823,-5.050862268464342,5.04958231891304,-4.969947353246295,5.069339032864261
4.965862857759788,-4.98517080814246,5.021328395589184,-4.965236624987388,5.056364056171604
4.964136804707783,-5.005708513388024,4.969492512720993,-5.002630593667819,5.034921639103149
4.917298224986965,-4.944531421527036,4.943040893786812,-5.0153685159848616,5.0621970962483065
5.016400485899171,-4.983023502586817,4.9409686977352445,-5.052204296791192,5.047062819833446
4.970542822725781,-5.024745593664992,5.048197562552736,-5.052495677268476,5.013461756644313
5.002145366308384,-5.000134286293162,4.974078218406125,-5.028992759073167,4.946081791810257
5.024133251302065,-5.0334074595758365,5.0484372310583625,-5.011227752079533,4.947077475528948
4.988109305892579,-5.020542859956824,5.050455170586402,-5.018450009462577,4.986189480939983
5.0705773352746215,-4.974586633926832,5.0831353008001745,-4.937047749796805,4.955641870581857
5.0494975427200055,-4.92373483539627,5.076640656616171,-4.950595200821166,5.048376149745459
4.984866947816222,-5.041869104217478,4.982389134055127,-5.0832394500716385,5.067139765771085
4.985835352029114,-4.935433463546752,4.9384250211389205,-4.945868753949889,4.975255967091034
4.935781529584541,-4.918644097392012,5.055365583467038,-4.989410378990711,5.001696894256749
5.021975500940956,-4.99026857110413,4.960386202291426,-5.020602613489246,5.098035891601935
5.133607837131401,-4.921866574738466,5.023911197008132,-5.016887451635097,4.960090705305151
4.96338587947849,-5.027663382934338,5.107558202071289,-4.9096858851808705,5.0373139194967695
4.951969341179359,-4.955347203664449,4.9880691485744695,-5.107650471932206,5.014355031870063
4.957904347958297,-5.040402671454502,4.9874796003216,-5.0249161486471206,4.9982871590448
4.995883472499139,-5.093790454642382,5.076013899444142,-5.049168836147434,4.952380080743477
4.983572337410485,-5.005416742368465,5.072948990841592,-4.986528827397255,5.028323274205476
5.013726809379164,-4.988426920875061,5.015486475154351,-5.096636707128447,4.987504075758023
5.058113055528558,-4.8028834494596655,4.939784553373024,-4.978846001983783,4.971447671106283
5.102382595194842,-5.067689138039574,5.031246974515794,-5.07036055497521,4.984071666596958
4.998284333462509,-4.946515415913019,4.946141658692073,-4.966830847557631,5.000938886169397
5.013639669314299,-4.952083364265743,4.9358721653497355,-4.95947025134257,4.971554757345529
5.054793672748842,-4.983272118273106,4.989523580924147,-5.029501298454541,5.041164749717766
5.063047584274046,-5.02664257704301,4.94334967171093,-4.965289447852738,4.927573452898315
4.934724378120851,-5.053135013776395,4.979227475848062,-5.066816594460772,4.903060004530921
4.943227790283144,-4.967876277671369,4.9364227963936615,-5.017013483897708,5.097334923118278
4.997541293498646,-4.98287345051352,4.952697999087422,-4.891826257314993,4.972935275543079
4.9885947657774246,-4.934147066101632,4.990913287757319,-4.997605560866239,4.985915583960543
4.986258381097139,-4.981474899458595,5.027647159459906,-5.032162421560629,4.961695977192654
4.969543195557121,-5.070062700709989,4.9204784870740355,-4.985141642638754,5.046929790158756
5.043552264657261,-5.119099563656833,4.987746745647837,-5.055104597779628,5.007186871891043
4.979108824059531,-4.970404404687771,4.999042345479933,-5.094800094745894,4.951645706360023
5.0002892557413325,-4.995494478538446,4.9297161596148,-5.076822985177306,5.002812266878659
4.929816634697474,-5.0834314713250395,4.977742974368433,-5.024422304566933,4.956079976133035
4.964813152163752,-4.99930821383888,4.963991854816009,-4.996465148916758,4.980976573194133
5.0083825077693325,-4.956089721728167,5.04196239226953,-4.935589476446696,5.041907344844858
5.01192787657709,-5.021671581882007,4.980611953859189,-5.04388886532179,5.000226464552578
5.034869373935597,-5.036283380144151,4.9981391070668115,-5.033868111436089,5.010467716509381
4.972530830802502,-5.036975528564702,4.9660016652533985,-4.9748335613077215,4.9951625297334825
4.978578913499998,-4.98692977487264,4.979274189126618,-4.943674105315715,4.951306692315337
4.990651424359136,-5.07023826108335,4.982656280405496,-5.0839817748853315,5.037315826127957
5.038325188350279,-4.960791491313776,5.001443624008723,-5.043993520235505,4.959982968398203
5.0765086027610264,-4.92821614481001,5.006127757847539,-5.025781701704016,5.068431171134925
4.96527484193076,-4.988557539595204,5.0675978652699225,-5.041816924983231,5.041461179281856
5.026028039792194,-5.001975827111578,4.9503283200433446,-5.036221988005164,5.014472553642533
4.92883316025593,-4.993462807049087,5.027052549203083,-4.950738991359545,4.930082146276989
5.065812364858064,-4.915231825291003,5.02050757838568,-5.051902429071233,4.983594535581988
4.997620137744074,-4.986476824563472,5.00109907763218,-4.985941742855269,4.995462662133044
5.0132553547256125,-5.023026171058065,4.983090664150876,-5.028801258523833,5.095862976725203
5.073195039308716,-4.972235290499319,5.066265449863387,-4.960076933051106,5.009063557975702
4.924721432949016,-5.013108196006257,4.983248105399082,-5.056653758654607,4.925691886269669
5.024635967328352,-4.98377478388146,4.94163015099662,-5.037293925321809,5.0580611136577085
4.956115174324172,-4.9914600548033095,4.990511085021601,-4.974681826446897,4.957194617367178
5.004504173877005,-4.991563871132706,5.011509040311461,-4.996046307101869,5.017230466029705
5.109588516602541,-4.871935111161445,4.9680391929606635,-5.115912149017625,5.029774765036099
5.009312622995063,-4.946947907040821,5.014244294985766,-4.997069803023714,5.056445329793861
5.063439029420692,-5.0693280029390495,4.959169690643021,-5.005279647964434,5.004921881196229
4.988700839832387,-4.9782896411069055,5.049805239465855,-4.913864514463963,5.028945651188645
4.957383316077345,-5.007368811259891,4.996232387937022,-4.974267988000942,5.019408401671697
5.102519832555576,-5.023075656762745,5.0192375266883404,-4.882264430112795,4.97073965515482
5.007257434808518,-5.047244025056201,5.004104344981371,-5.039010857406882,5.052340045174567
5.007365942951569,-5.046769862999115,5.0420283848895835,-4.991016698056421,5.047640938861173
4.942616868602612,-4.981558779387567,5.038667084732236,-5.021168874511787,4.937049863651592
4.99791962523148,-4.938594235310954,5.056296516531702,-5.021421421737779,4.935845728181178
4.978441013982521,-5.023423882536596,5.022322339165239,-5.005250075145206,4.9623367894131425
5.055213153363034,-4.992978706627758,5.021770782636547,-5.0862492717065635,4.878786756465136
4.92812271092778,-5.024027171280339,5.028817800880691,-5.117112343520365,5.079642603218599
5.008528301338506,-4.931985250352504,4.955701495876293,-4.974807003291375,5.004259796498539
5.040884315652728,-5.011689568379986,5.02366076045038,-4.94489023406144,4.967441185305411
5.0121122116244825,-5.094393111861118,5.035125150953168,-4.902266872826876,4.937778197612565
4.995430936978603,-4.955975934954294,5.0015708736733275,-4.991745022425339,4.980450027923818
4.978592387345604,-5.004334707679269,5.002083571106968,-5.059072063078865,4.9966989007026985
5.078426696935466,-5.020956689679445,4.938137250856268,-5.007570803399322,4.964269359393785
4.933082908733903,-4.993041576913369,4.9644858981424465,-5.031235708342663,5.00767136901927
4.923341270231883,-5.087078482512556,5.033543609725097,-5.0965416800362044,4.951166115234632
4.910008023230578,-5.0243068233424415,5.021402937382558,-4.994383102563381,5.119593669472864
5.05434578088945,-5.04655789250783,4.940147249758679,-4.8646656029512245,5.053128600286668
5.029468480363478,-4.996257409389219,5.013676078373751,-5.074103663774121,5.007851958509838
5.003561569872951,-5.045206942155074,4.973073677321576,-4.924241180327822,4.993741253985257
5.103558565126655,-5.087033971824369,4.973893490688712,-5.077363927562346,4.939528877305408
4.958589714717035,-4.98423451866147,5.013341308554019,-5.03396451598138,4.888610022133171
5.073884643651608,-5.014288235801818,4.9441854914849435,-4.986253460946496,5.010222258526158
4.983866176750002,-4.992573449217924,4.942248507979599,-4.962004357841176,4.950156645262156
4.969721517234828,-4.967559909192421,5.0601979482505115,-4.920711271597683,5.052789911923329
4.9837963908099105,-5.077051653455023,5.070252779280144,-4.931465200554751,4.9664011923323255
5.046059451891228,-5.016608889696537,5.075063844175586,-5.025743233120189,5.098932564377425
5.039306027379912,-4.9101227577657,4.976810136517506,-4.97974851977779,4.9515360400827815
5.04219946260596,-4.955047923358144,5.119851195910059,-4.975898010139018,5.036204710125305
4.976458481174811,-4.972931031368238,4.981005439565621,-4.9942069620579,5.008725783077289
4.982384756332541,-4.9968527451729,4.981235241514329,-5.018986556251692,5.053833232575114
5.0087706820913205,-4.9826466863899865,4.9271347615507235,-4.978827083408481,5.026521173198762
4.980083068865563,-4.895748516186965,4.8855386367907965,-4.960781643211472,5.035640240247743
5.027079146599971,-4.9911893647180685,5.0275339661312515,-4.956591226022205,4.9637056208084
5.014959781109004,-5.009165842101165,4.945311579988725,-4.964141501269336,4.971781978765798
4.925107066261027,-5.026955533035083,4.960055055095343,-4.9485760495404945,5.0076596570279035
5.069119137284497,-5.033327811561652,5.043708493594825,-4.858018854259605,5.017801623356357
5.043082443116158,-4.96532411678873,4.928896233628708,-4.9707091351266275,5.015322816032478
4.987012630830084,-5.044201818710244,5.034699162016352,-5.048620186980531,5.106682280234095
5.005708454174407,-5.061165352389325,4.974300186083583,-5.013906716914491,5.120618832696192
4.9557705526595255,-5.005810863162569,4.973108581506749,-4.975037075720917,4.973905829314748
4.943047166693015,-5.0097647289898095,4.985030307833388,-5.0296122188812005,4.973059482055144
5.05923478989405,-5.015987010713375,4.943293616876078,-5.0231057981899925,5.00271678297327
4.933186518172432,-4.91870110199968,5.043378973875313,-4.928491362819061,5.019606406274384
4.895315127493495,-4.923233314168074,4.956821582014506,-5.039109337200105,5.0078162571977725
5.068911492333507,-4.94733564330238,5.0453140560088015,-5.015591352643727,4.983619623695394
5.017297183399004,-5.006503542064177,5.044465895366468,-4.958494116775238,5.029567066058635
4.873701935911531,-4.993600581816136,4.994557305963365,-4.991598719912023,4.9622837680726795
4.933760704480039,-4.976843076001248,4.982184934113397,-4.97126535031462,4.9664542811157615
5.070795532024634,-4.949946757871462,5.014841355427294,-5.010664420669297,5.04262044388991
5.019627390761871,-4.988070790603469,5.0521432704779805,-4.928673192279668,4.9373794407757225
4.94748079463251,-5.03901303627394,4.9248787701178225,-5.003137426278458,5.0300058227622255
4.998929085252383,-5.026706082080644,5.056322887856458,-4.992972179839662,5.017149148368316
5.057711740244988,-5.006162096942557,5.103010703631234,-5.022390750193589,5.099897410225645
4.951263240904379,-4.974125754855978,4.967873391559688,-4.944021694150945,4.976088369607079
5.014543559532204,-5.032527099802079,5.046861258683331,-5.032787563031957,5.084170742237133
4.95020014465193,-5.067281395916408,5.047577603903954,-5.029582182013176,4.999638134327523
4.983887942308214,-5.065630413357635,4.996150316793083,-4.936754205251385,5.050156850165278
5.011589638131296,-4.944386585348244,4.947024070765291,-5.0162727164452505,5.019790247036511
4.9934792586591445,-5.012341166523828,4.939967813383945,-5.104067069432135,5.040893321247482
5.012161078662611,-4.954900081089495,4.978138202892081,-5.03563889424138,5.000327398331832
5.042709982430641,-5.011572610749383,5.040089259216424,-5.050315400279654,4.991927643341507
4.996494292796099,-4.938680502803904,5.010381369900795,-4.91269612408529,4.9326157600026255
5.006495945220564,-4.991030098040977,5.031004659879343,-5.040667996822444,5.084222316970542
5.000648197073588,-5.054353375646746,4.999198750479319,-5.015658076144006,5.139161757112366
5.052497179976251,-4.997516932214589,4.99440416574004,-4.952447156875927,5.049943108016411
4.854422504033968,-4.9678503422633336,5.001398327198931,-5.065557191089349,5.044010706981209
5.112309400677913,-4.972160202658611,5.055021422112843,-4.90979404540178,4.9584868924639975
4.907121427741654,-4.967156696834525,4.987619423177928,-5.068708672618577,4.9960915031932105
5.036377368689531,-5.007448583238218,4.960658618463248,-5.011175353014825,4.999026176734933
4.903525886868696,-5.0071387476585345,4.9327829763927555,-4.967048702398945,4.921947871220661
5.050634610227547,-5.020458253460697,4.972851214661399,-4.985277270134901,4.95669827773883
5.013937287706503,-5.036605438734418,4.972163274383761,-4.979732291533543,4.943070963313281
4.936783134911882,-4.987588724629483,4.998655007375531,-4.9915653627595304,5.016381961836071
5.002868777690349,-4.969595368801647,5.004871814348933,-5.100365194983765,4.912605770266907
5.096397459012104,-4.999996406647057,5.047512082585855,-5.017285195281354,4.997099245280303
4.977331767286458,-4.876703633426931,5.012662121118207,-5.0267428952753095,4.917423014328491
5.098686672136792,-5.008163919261415,5.03721145597808,-4.957200135484673,4.976858473828481
5.033622638769308,-5.0302069143375805,4.950478681898029,-4.94177676537439,4.99209053100889
5.025925641680133,-4.979453950305912,5.031896598002764,-5.0778268467100816,4.970735473434181
4.983776242125178,-5.041573933645075,5.0214503424008194,-4.940655346120205,5.067259232767315
4.983039761739506,-4.985401706877105,5.022282175224505,-4.968937195289824,4.956093246346367
5.091029013413248,-4.9536739907826774,5.047632467184622,-4.93982699715498,5.026706797113299
4.948634328847452,-5.006948636577755,4.917447330246905,-4.9792463745150455,4.991539317091723
4.997973880823653,-4.939799943495718,4.977150298072177,-5.012606157938603,5.001098664798161
4.908000387529318,-5.0133031827881,4.875710254385691,-5.029276078094787,5.0427594526696415
5.0223633279125535,-5.029741015522704,5.002039910911191,-5.05374947835652,4.999882829842524
5.146516014274625,-4.907709933981403,5.002631106500863,-4.991992791754232,4.951021734268273
4.959910544602447,-4.981890783894765,4.973755371718176,-4.954792520257421,5.078484284048888
5.016631039239052,-4.994913139708004,4.915961018754468,-4.962619487736397,4.9428164349230475
4.979099543568329,-4.952021205380743,5.051487908215452,-5.023325376367506,4.979554223254
4.965034056337166,-5.059892687266296,4.968260225894788,-5.080656500945734,5.034153129075413
5.019726180258094,-4.971973535756474,4.952279797471243,-5.059753528175753,5.002675713715678
5.003205128247512,-5.0073634913756475,4.985525836540607,-4.914461211115281,5.021301250589649
5.098533919573325,-4.9365517487284185,5.085163546300867,-5.0537231383178005,5.029658549549901
4.978411725550331,-5.083169335567977,5.074800158477776,-5.014684626285281,4.947244918486666
4.979271806837565,-5.039811206138691,4.965315101619167,-5.011080169509133,5.086540759652237
4.966684139172768,-4.917036466789041,5.042441839798976,-4.9801864218206955,5.037406001612593
5.0006827831918725,-4.935697494806829,5.028349013163355,-5.083233299251276,5.014812596594498
5.0391986571496306,-5.014450060930061,5.006312793635697,-5.030642899733721,4.931118717196822
4.922481156453438,-5.0768533993534435,5.033452237123527,-5.1245140854188165,4.966676003651826
4.961717335737731,-5.014107976799373,4.90717842250319,-4.979805595262969,4.936341930292005
5.056620277035464,-5.031088284379441,4.995219348829404,-4.99981130717224,5.0122120526430285
5.001850718874807,-5.021355527436632,5.017152426534702,-4.9766926434752525,4.961743266644519
5.021318390948678,-4.940413984879915,5.035294709805227,-4.9533812379176405,5.008596042445372
4.953192477696256,-5.040482222985182,5.015994398392721,-4.952861813742384,5.139295595699703
5.04909109722193,-5.058521787874875,4.961636371382001,-4.8860741342022,4.989280553401161
5.002375731738065,-5.048020846020462,5.078255170278712,-4.974983339633969,4.961269932605735
4.950308735557137,-4.984639802705106,5.002210308744023,-4.958394489138944,5.02734842365636
4.986775982561569,-5.027190079773068,4.992002892585059,-5.027534042332838,4.993490223359762
5.000822046430969,-5.044896544669003,5.031533993104894,-5.018521385723483,4.957905782485732
4.982419628585907,-4.987887092168986,5.004151909990665,-4.978894094254777,5.044917306253777
5.065247010200402,-4.985725691865597,4.946529880638225,-5.013455540126515,4.94978408078085
5.084842703685614,-4.900629955873642,5.032515559874817,-4.957077057868048,5.012547159661833
5.01830279577304,-5.079872710916456,4.996303381737154,-5.044057653117313,5.014067826876919
4.997019507730573,-4.9026589018826945,5.045831384436142,-4.985774400873917,4.986653015643019
5.083801072937996,-5.001497732306326,5.016583698081764,-4.997887519778658,4.979792304714634
5.001825311119276,-5.098098342533916,4.922614679937941,-4.982518472916519,5.078409984526374
5.017411055207209,-5.036018442744833,4.927857312296633,-4.960773636976218,4.9716402424492445
5.032161770927628,-4.980506742096714,5.023915019612734,-4.998319914632322,5.019182219248482
4.994027279937184,-5.031765326718411,4.951825046974197,-5.119250439898549,4.990944521879775
5.075968909147598,-4.96349599537312,5.011385455923798,-5.036700249714458,5.049866961287954
4.994034534409849,-4.921253284310547,4.950945636835266,-5.037498476398633,4.957636502789018
4.925894081478299,-5.046852234259588,5.005160812988296,-5.035610051242531,4.80718123353797
5.053713664871006,-5.084204686467371,5.029461414244332,-4.9984392705165215,5.105868640821017
5.049847874076131,-5.025230229774249,4.964896821882235,-4.924863615960036,4.9262064451449294
5.009543996795935,-5.006556023162483,4.982838696564766,-4.982324300777579,5.009477993025434
5.022870037139588,-4.9930512173818355,5.020884070250863,-4.9953317403534205,4.967028655639185
5.00020006301183,-5.035719327985201,4.960981169763458,-5.016807500135887,4.994028841963208
5.00176126531739,-4.954181058631834,4.975076795872958,-4.990157403676259,5.005901385697191
4.969568585626697,-4.996312960689672,5.050136070758866,-4.99067468915583,5.011329196451365
4.964733583452866,-4.9015570574397564,4.967582181483875,-5.083389173027374,5.043009206010904
4.994259148017579,-5.015152091047354,4.972722310979424,-4.906414268784208,5.0177295139302345
5.027487561082254,-4.991869218820886,5.01350248067226,-4.9300687694720295,4.987457266938615
4.927153122723963,-4.956597267288611,5.02483508061212,-4.994601009355748,5.0235376620773895
4.981462788985291,-4.998965370857287,4.993414987307005,-5.029574412853546,5.05945863915525
4.92938706862911,-4.881955891409351,5.043868110460323,-5.0888987767351175,4.988791683525453
4.991572704204822,-4.980405668552894,4.950531086463014,-4.998398732831589,4.993944030093868
4.963119081871328,-5.0438376115735615,5.045940232335118,-5.08482912700213,5.023893946804803
5.0398755153439065,-5.010927916916921,5.00261864198625,-4.941825250015131,4.964757424463797
4.969917378555544,-5.024774184054966,5.058266279961164,-4.9353853126557645,4.930205488276819
5.050312037365582,-4.959054584682636,5.077679740522491,-4.980744598393681,4.997786993986071
5.0572608343285825,-4.9650548104249115,5.112244920707436,-4.952064607751908,5.007677398821196
4.941294780981192,-5.029045858859706,4.928202251098599,-5.010753101803044,5.0463033796616426
4.999816445575974,-4.948913736561996,5.016878686671951,-5.0201546144877005,5.0043812577584985
5.023604834552755,-4.993038830076819,5.007534211442596,-5.038452505379335,4.978351186737889
5.1129230398077326,-4.9385766754788225,4.926307955159515,-5.118348447875318,5.0038096210724365
5.0446736447213,-5.02599709187111,5.051082936409897,-4.9970172717496455,4.991846936013651
5.0378057588087595,-5.026593789645114,4.9856646839098175,-4.966491636893477,4.9984302031466985
5.095438813668887,-4.965308729357199,5.0314406914166385,-5.0024752323032535,5.0437377338354805
4.983869611359918,-4.985881112440024,4.954185347649772,-4.94802793038847,5.01453023486309
5.099125653184894,-4.880385080816512,5.038165972571657,-4.996578734439605,4.952696774393721
5.0452374901629415,-4.989485771805239,5.026901741957723,-4.913510630627187,4.958778835566832
4.953784791575933,-5.011821296918534,5.0410600574875915,-4.972256637989275,4.955215574415211
5.037827645035124,-5.060060640944664,4.958112916282557,-5.005772865859459,4.972328437701239
5.044492974432547,-4.9856810758499455,5.088278058881363,-5.012359268267721,4.993889892447963
5.0605191304530885,-5.00454604015619,5.074700262385377,-4.9729585894807755,4.882360676505732
5.058878520707474,-4.9543636593440095,5.0475666303055275,-5.095548918927263,4.966850501936448
4.970564758322162,-5.042056068378019,5.087096126594697,-5.000588391891181,4.9981719528685415
5.0276004155157885,-4.971534916605531,4.833255364468709,-5.032317876857468,4.929360571110436
5.020015304657741,-5.014444620716702,5.000769378225064,-5.103925987444526,4.984507388765475
5.055756512591641,-4.929527525844891,5.035943170977035,-5.066773264672406,5.062970090149606
5.0362001127500005,-5.005859451703227,4.898748184274512,-4.952320252466874,4.970391683500831
5.017308291052739,-4.996580306968167,5.076919749221914,-5.006268349299876,4.999244320495703
5.078930769523931,-5.032911112187509,5.040716142570389,-5.009930786143923,4.949872901899753
5.000058049336044,-4.965414744319601,5.067685491998826,-4.926265300732716,4.985261796288723
4.950637538398389,-5.015936944978874,4.940923462333492,-5.0108693099708255,4.982916735819012
5.036374510207838,-5.110296758995719,4.963319602695668,-5.036275915222096,5.0593563626204014
4.944307781129949,-4.98866713201755,4.993593579279011,-4.947847873658181,5.029791593225528
5.006062186591019,-5.027733343729404,4.907382874844506,-4.98764571721563,5.026524489926493
4.921256619376267,-5.061684708216427,5.012616498668584,-4.983042915689606,4.950467634495397
4.971296764321598,-5.091824441928521,5.068863195190661,-5.064993720368423,5.0271129695624275
4.998251965192331,-4.935520319018762,4.960387295361262,-4.996937364482981,4.915078654538132
4.903073658153012,-4.9701833208067265,4.910748708046515,-5.011410876721727,5.050564772398646
5.037334242804734,-5.03322927439743,4.920574843179591,-4.974525256917223,5.067112839143009
4.966888096066719,-5.040165642920356,4.97375490185655,-4.971419564459644,5.061425880320746
4.9380196594309735,-5.074914090466232,5.116999816096622,-5.0088661393945015,5.012644639784516
4.965403457969118,-4.975501884527365,5.0480030437350765,-4.985010191421353,5.087042903850722
4.983662770502946,-5.013144123651768,5.011570317563871,-4.9767519177246955,5.01139736310313
4.935779248652246,-4.984374241690222,4.981291320759828,-5.029048850703732,5.0016241027376624
4.951923865633539,-5.056769566193662,4.869226551999808,-4.9126381335745055,5.02778656595515
4.994161793934685,-5.033361161844333,4.856198385897679,-5.036426443811075,5.035793316858204
5.047108715179694,-4.967885400319835,5.007919597787623,-4.934806292703431,4.983573138895573
5.054259445806718,-5.019229122186011,4.955942934556112,-5.050285649021126,4.946775178941352
5.032953401440125,-5.037137278554854,4.948348557748253,-4.964313239016932,5.016398519523611
5.04812959914229,-4.97437002443636,4.962344420990134,-4.996194879176571,5.006256649538484
4.9540420670762995,-5.0552312487046995,4.965963919544115,-4.898170882166396,4.979362795288923
5.061643339569335,-5.02343302547399,5.044441940976999,-4.954875417222108,5.0476295253976025
5.0193913671004475,-4.9311316710609425,5.018917698467637,-4.914323513532986,4.919004009840578
