x1,x2,x3,x4,x5
0.15707480695568793,-0.04372301107924299,0.1448275599440611,0.24081216453442766,-0.02617914315211801
-0.07303960583701892,0.5003919417140642,0.17260462326900536,-0.07322941713216735,0.061661057967674286
-0.1445435397287602,-0.14527467753709278,0.05610641072319368,-0.3005141667641403,-0.19084967445303488
-0.17480792622799723,-0.317282319532683,0.07327084274610478,-0.14056820944278553,-0.15489735105001062
0.4674828399653958,-0.0673927311183995,0.01910376961207577,-0.22126846402740763,-0.056859834886738514
0.04008180774975825,-0.3589711226829782,0.08901363580829356,-0.08996431054314696,-0.0276073476524741
-0.18427033177685595,0.5917477983349917,0.002987934803844803,-0.16123277607165337,0.09796932290647202
-0.37905765307917183,0.0730554750576064,-0.4311885540400542,-0.20299764654193367,0.02901676228390601
0.24153164487805118,0.06219941673485769,-0.017851734082111746,-0.0396006664897994,-0.15729577582648485
-0.21862571689180885,-0.13665776047234648,0.24538872484414959,0.06333983104538975,-0.18810487271363416
0.1124943596535953,-0.11176369925871131,-0.1413543508049157,0.10672452318281889,0.1252792608635485
0.30550764261502117,-0.2543728715598678,-0.058130978177742,0.06338835844892154,0.12008027197922445
-0.139516186754625,-0.04669851141935912,-0.23537200876428216,-0.17712486220177498,0.10285516062937938
0.4418937674305768,-0.009758586864936853,0.23740979074740517,0.07019268916902431,-0.05911356823323903
0.1282973389922422,0.5003838814797553,0.006003068132572243,0.26140589795925473,-0.2788823928093325
0.2749234078572364,0.04254171494228715,-0.051845061126363286,0.029523667700911103,-0.20720194513563853
-0.05345033433154178,0.12894492672170388,0.3464831707744306,-0.06592970064285122,-0.0743763167561284
-0.14165249195893415,0.30649258370502647,0.09052799990477123,-0.06674542586392077,0.07440206057093154
0.04871663457873818,0.3243304594376347,-0.1389658261543621,-0.033789916295428934,-0.025821006228752056
-0.44378504356104925,0.112660472707437,0.07739275246691324,0.019827527504353706,-0.007208619824662886
-0.4275595078241767,-0.11299971068350123,-0.056613275562963146,-0.1068311542660009,0.0019877292657886556
0.14879312082867174,0.6174853748532831,0.06005780670654372,0.06174331336853278,0.012697714606002358
-0.584746712889407,0.013637598420267483,0.03548990639474389,0.4114947972169314,0.0005154123486203754
0.11838066543749595,0.012046197634642979,-0.23830133056980998,0.2037191758166031,0.10709169180378295
0.2741702894853964,-0.26354953924945446,0.3376983677943335,-0.1976280909135425,0.08963664176479276
0.7177079141339292,-0.2882100642295808,-0.10160299686453428,0.04078128930612157,-0.03126526435597464
-0.46433680662402205,0.04770754238040479,-0.21151230563817866,0.1009075641971499,-0.07676872836934763
0.5171593213983604,-0.2206594118337945,-0.044988117290227045,0.15565539315954954,-0.11058778710422973
0.09995717500622792,0.44138286107985675,-0.33141615048898637,0.057221204335397756,0.057083807734131346
0.2762631291920366,-0.3621291309448864,-0.26623404579052895,0.11155523667221022,0.06223292491027734
0.10924282449809668,0.1395865733597921,-0.1220281203529573,0.06675256393121771,0.06279652866152219
-0.1948667220424076,0.6210407365814953,0.1369832931446349,-0.15733059075318892,0.10443595601993283
-0.27618937512151415,0.2809300379397558,0.2911018793411604,-0.09772923603890837,0.13974075767657834
0.16356582341252152,0.29299128095953497,0.45716883787891355,-0.005766234832301181,-0.051237231997132
-0.247255126886187,-0.22394782987414646,0.016793567690896783,0.08797489746828396,0.06496900583656783
0.29661334596424654,0.03914659425757804,0.3600551354486535,-0.006810884532929801,0.3391591933747019
0.233889423689444,-0.23502098315393674,-0.20342280618988484,0.11232162305458637,0.011052137114533782
0.26282381821869777,0.18668791385104416,0.020751997094220802,-0.09685280583389486,-0.1323280314591875
-0.10316238774723152,0.30885511558646317,0.0859108545812963,-0.15893055747827997,0.05740025416851772
0.16088709323815073,-0.24046122348821508,0.07341301771329478,0.04824264553747987,-0.08874892507158363
0.15318233771203904,0.21737567803027735,0.2822176603255975,0.20666077440951852,-0.11398807782352126
-0.2555252762459701,0.2039094930103207,0.15592707225344793,0.12247723065739238,0.47178951664894364
0.22257347287875395,0.40113942760183324,0.2553633214245898,0.14503604214371463,0.006793868930500838
0.2830501841151699,-0.20134574807165678,-0.009911207257701928,-0.03369967217495899,0.05219685010639855
0.7760033516749438,-0.5464370563702451,0.19749648763697994,-0.210948724539057,-0.008719542588629989
0.3894014596267373,0.06537217188312291,-0.19594601353948932,-0.06805440195637372,0.12102638324373356
-0.1849161622751067,0.11449626226470955,0.05623621923451256,-0.05698101508354525,0.28574628223056153
0.24750984331024978,-0.5933592689972487,0.08873949929930537,-0.05759058061989703,0.1423519911916067
-0.20256901458853963,0.011765199482248884,0.1609666364053433,0.18493596353299369,-0.08614916991822563
-0.0567295294908055,-0.10114184567955209,-0.0970398085232099,0.3281918742535716,0.09432738081669245
-0.348676466035798,0.34030348307904706,0.5245786015893185,0.2132971414670909,-0.1198206762921857
-0.10207720804067834,0.45168353350016166,-0.10718865202140333,0.12122506418982723,0.1376577711087611
-0.2410691002280192,0.033228481683272165,-0.6727173585123853,-0.10991785562514811,0.02381407427872382
-0.3415306350530729,0.5692668329159876,-0.26673628080246636,-0.016524089435053624,0.0676702939645163
0.5098246864751721,-0.4000054263215513,0.31414537593227476,0.055672043066923055,-0.05568194915831286
0.20118500438994855,0.11800325789024532,-0.07915751880191552,0.06609173375491062,0.011975685293162786
0.09195339254902032,0.2654401600710687,0.41070019749193537,-0.1396597589114601,0.29453643725641554
-0.5602473068546687,0.0090583955393011,0.18860878366028636,0.10148577235843115,-0.012562865736709207
-0.0077559762308201385,-0.09784252615331773,-0.07372790794893178,0.19239194463014778,0.09797360283995646
-0.16005819430184898,0.34353751797634163,0.12777332087238047,0.18758384501913794,0.12945370361584238
-0.20209118028293102,-0.11708473884641613,0.22715999008070992,0.15656807280062454,0.057723190812963336
0.09816323737739843,0.46509417677437076,-0.07121832283702652,0.14756475238159283,0.03845523529140229
-0.006774778538339105,0.40952581131698496,0.24663076866975453,0.19068922947488853,0.20801902986118298
0.0697050609803619,0.2787155277042143,-0.0063146928270718244,0.11431826379568649,0.04851262724478338
0.09473688138635876,0.2522692406472057,-0.11889564276657263,0.39489954098009944,-0.04841209851491958
-0.31889508747988293,0.43129187939180036,0.24208622496023877,0.16374707280168538,0.13531622866864776
0.06219329644777058,-0.21767067937774043,0.08301648057861713,-0.04100260156574072,0.17508776657224429
0.020563439838359898,-0.19397806732779094,-0.0047969918271406065,0.13235726271889944,0.004040746034299214
-0.19194085079538534,0.1451287305650282,0.12284425858948207,-0.012086685854479168,0.015404384499623523
0.14244970236402157,-0.3888554072465936,-0.24564939846837136,-0.044526936478113274,0.04520495202749901
0.16838767497686058,0.5366186706350802,0.2618485919737272,0.04478156805489425,0.06794399339283602
-0.24595655027462315,0.06521670343423168,0.006525037179271484,0.12209735576501315,-0.0214161600726432
0.2363038600591899,0.5567666744179538,0.04775256355282183,0.1355882723031346,0.149232516058527
-0.05380398043160646,0.14393733797715008,0.07588881948787456,0.08851702029174185,-0.013352048125589044
0.08182487172466293,0.23155496119482527,0.39855964928847476,0.22574810924309988,0.31480719122186873
-0.1675815304954779,0.35092708127564076,0.11607159387128618,0.42131331986934684,-0.015295420532457
-0.18946728615229447,-0.11346852115960965,-0.398841445591712,-0.007053091913044554,-0.008797535682644408
0.12463576819726155,0.1851498058199928,0.49660163046603206,0.22735228063643875,0.012577287550613839
-0.2060255863991648,0.23363657874443416,-0.21713504162699276,0.3676571351171168,0.20994349234424586
-0.06928728925548489,-0.46266162594163673,0.3818141452283684,0.060968739387004235,0.21747114994061645
-0.42412221653591975,-0.10945894443488247,0.08125260698242548,0.08750836418626456,0.029761230652426002
0.2780435237510692,-0.25653014225651405,0.049244060370178554,0.10010149052000011,0.13859709124213593
0.30711446524447616,-0.2735609741883108,-0.26095627501897495,0.28410052562231153,0.11923591811518439
-0.1536091422658762,0.5736004070551753,0.10894871763820911,0.26954634007630884,0.09063187879161105
0.7357497966933494,0.6391715972880129,0.028414008088128155,0.23770293975765938,0.15623930879987744
0.5178843850236851,-0.22005050523139777,0.2384908551470339,0.2524366905720667,-0.11154796723267252
-0.2880931099946183,-0.5587757498766419,0.025844886543979796,0.1995394783726059,0.2540547108342317
0.11051791397274073,0.6021005427633904,-0.2215129805544212,-0.1822413246477092,0.0808766655507606
0.20954024701041918,0.07774910093780975,-0.37420601943532034,0.07399697258685739,-0.057756035797114316
0.30085814316841397,0.2050176334779864,-0.12107442020150529,0.007839595439418229,-0.02933458279244376
0.07026921918344287,0.39213261233033525,-0.13032495458974824,0.16978684187547977,0.030805486076694137
-0.15963731339067305,0.05724511946668324,-0.1403961295203564,0.0035514495977343186,-0.04283572873755173
0.7133927317113768,0.10324340635393049,-0.06437128805410727,0.12592528666407482,0.07953343434765861
0.023216370275066678,0.2873096566097589,0.2624769664076905,0.009213496703970148,0.028714656654801246
0.007115110364689842,-0.6338372933771175,-0.2447129273035134,0.31021589210403605,0.27800707550315756
0.01634298464850069,0.27741841550367263,0.16469274545176127,0.5819088950400529,0.2202673754886461
0.05564500190787879,-0.20607232277372156,-0.26311622133393686,0.12826652161407376,0.011533512031679558
-0.352659016198136,-0.10736720165398064,-0.14474438860400043,0.36385761220359325,0.1956674185073653
0.09557692754529064,0.5660975269690038,0.11539817761851723,-0.03808289134771857,0.2683885468451779
0.2695174182975352,-0.22890693509311255,0.05653807680485937,-0.039348302976614555,-0.05550261078613471
0.39298315689098473,0.7039106587113453,-0.2126291165185554,0.18911335212753194,0.02735604941952456
-0.05294147077690359,-0.08623030616290445,-0.09209310819254218,0.10877304410534751,0.008198053790778898
0.18762805992246567,0.08621541698209213,0.048671694513692326,-0.04139631258063539,0.03761710697091239
0.3419787829147027,0.2615070263049983,-0.11548489480999767,0.11880891962269625,0.18711073736697015
-0.42380819852161866,0.27592968388289024,-0.04406307274683065,0.19432367523480254,0.018769136180193047
-0.4656487295118133,-0.4095690041242856,0.11585722604803528,0.14617083835694938,0.0039994327592725865
0.30804677274047476,-0.41931267137736455,0.09133021393461625,-0.08537236762443512,0.03322861374438066
0.12209588304966308,-0.16497948924766673,0.021117873304875454,0.26621597061545244,0.04260863531107212
0.37237715778436087,-0.24913656679417912,0.22657592376630464,0.3360401203434193,-0.16823014781679718
-0.14289129727773714,0.29159533871799587,0.06370678053812724,0.1677924243103977,0.04158151236413522
0.13749220516253802,0.0608806457423954,0.37123411738772816,0.1503375775627414,0.14785523519936222
-0.01913582175958961,-0.04308351582323924,0.014388159892231717,0.17347947100353336,0.06404361528178289
0.20374696775631368,0.7684114702573206,0.30690151748737293,0.06056326548893456,0.24641191138599822
-0.0159316504639799,-0.5313984555102859,-0.11230183872671726,-0.18268506182106442,0.07381271084690544
0.11993851701887706,0.6442501402421988,0.187217297258329,0.07947127873494661,0.2068444771363142
-0.5841072640133991,0.18962298046683138,0.28748581261709644,-0.11866989756797618,0.24299070462266137
0.22315807886279992,-0.015209453150527213,0.2576104428703984,0.4751441809830529,0.13644938157232162
0.19561135860226214,-0.02814555393997939,-0.07291386092475499,0.248404737271894,0.02140403565860098
0.14074934943623768,-0.03293042919372141,0.22522126314011173,0.17087472919780144,0.23411861035471837
-0.04216222732267012,0.03377717122735763,-0.09973910112083319,0.04887018657401575,0.1613025966387429
0.3595009392620563,-0.17149416024276348,0.31456991521937083,0.3344652859289897,0.16634354751408223
0.7146160681961145,-0.12357250867936,-0.15719213139079496,-0.1601192442188359,0.28838396001320526
0.32905071178910766,0.10454470581532779,0.1847250101239576,-0.05583332142967032,0.3955655062485173
0.1639864488212046,0.15771679463489924,0.285409473806923,0.19917736051591128,0.14815411799134068
-0.12584584701472334,0.27321550944886874,0.544957595067923,0.3368537118990539,0.3022478040245876
-0.03653546618549522,-0.18781539642474032,0.09699831472281034,0.1339360073873942,0.247459455910363
-0.409078182791106,0.6098124066594968,0.09079448590567485,0.058630302573951035,0.012969416955791568
-0.39618450129504457,0.3874365219441793,0.14352152298766413,-0.07683359965996475,-0.017667081400432938
0.02194368280897517,0.6559190765044083,0.07008173732612283,-0.10953964090611751,0.10065321831336518
0.04288636392768601,-0.7237013091689338,0.11698842789281859,0.09261517383711003,0.2069673670336702
0.7148213854979131,0.4863812726967105,0.07000479108397947,-0.044826977950434804,0.4178405026617387
0.14985764422654826,0.13553595999495852,0.125736597657024,0.1624510818209304,0.1149911464150408
-0.049275722752340906,-0.04079984918265034,0.12480827826329297,0.04620913144521116,0.05243355075512304
0.16678932627280507,0.052502257282946496,0.4694361891485288,-0.28602199700997044,0.25516730907340424
0.5281808708243209,-0.5215294271414275,0.057506858593182705,0.07540417650352974,-0.023230457291614853
-0.11083209835234412,-0.2160597834687849,0.5269547177810271,0.28307887912275825,0.27729931661229223
0.36434888074528876,-0.22090138319324226,0.018849839038349664,0.2135130482574235,-0.0005019067576269576
0.3626070378840638,0.06113957336048299,0.05332465663091049,0.24954977837333325,0.18680728535673452
0.023990613913507,0.5047504119327544,-0.10359497071141135,0.23552610863524298,0.2044488746560354
0.04125196015640929,0.24227145618708384,-0.14061836129790214,0.2852406391506372,0.11846645182556591
-0.025159392884169463,0.4718659841575923,-0.017355897017528404,-0.08255714449497384,-0.03389629224779808
0.3327783142391454,-0.26376617254114476,0.5335250488849588,-0.18804080168877266,0.3308107291590884
0.20887172438615753,0.11155877083083142,0.02029453010795007,0.2052511030312404,0.13793445449539526
0.4920378325354006,0.1792650972968962,0.17675163871981478,0.08565100436072912,0.13677642886007157
0.24147960989691106,-0.3966585861782671,-0.15731928086611804,0.2616645161508102,0.16324748087711227
0.08696450570601294,0.15097446661731834,0.2228667772375451,0.059801646200049144,0.058128031484701234
0.20807785365068374,-0.16324249165074403,0.23743423752406362,-0.12305595866636806,0.2612092443705091
0.2965955932358056,0.2281108580631086,0.3668835312449795,0.4104817786124145,0.26055716813321816
-0.43398739754382176,-0.2564896174892845,0.008434466814920966,0.1522735054087507,0.20602418609489384
-0.08035119558491272,0.20820998584592854,-0.019759609429366276,0.05245969478931484,-0.008120342543702863
-0.14180183677997465,-0.27729005304325366,-0.06806174295796635,0.3167455459117825,0.044004127490600634
0.9835834508174703,0.30715196888283064,0.19248176487908092,0.01543286951621256,0.2294481759348104
-0.029880511673807814,0.1907350432695833,0.7246044577236708,0.1369637484052884,0.2806448162672555
-0.06921075688011255,0.14208882096699757,0.5491162127412368,0.05402095712796544,0.35579106222328327
0.37796496759733245,-0.02371345784558354,0.29556482355666347,0.3079285146217522,0.2236746213843655
-0.341393500160219,-0.07478580954373573,0.09980830567603907,0.143386196654515,0.22454840524818998
0.21235014670023505,-0.2661168072619262,0.24117098013102323,0.2526982392525709,0.21874263089259924
0.49893003155335247,0.4208664971221054,0.2598329442640095,0.14606298406438217,-0.028543920608506107
0.29401536783458815,0.2238347714989527,0.2188850322800785,-0.04371351679025981,0.037292362564477
0.4921953332428818,0.14665072122061681,0.31154734776302917,0.16363668756963928,0.16248599669218178
0.45687155201372615,-0.003027511408786293,0.18165341928917347,0.08706801924416797,0.11158200513486682
0.06339235124199134,0.23140602752178463,0.0541097149437748,0.3597136382871983,0.061141024114635706
0.10306815959712212,0.023106991955899853,0.48571625329753976,0.19324020110025922,0.2775258887853538
-0.3066122748854589,0.24761187215320152,0.3620906565522859,0.17617340421692357,0.282287490530068
0.0005831932026109099,0.6098389567155992,0.6782134119401,0.10679435046786476,0.11435546806418012
0.6247656915276458,0.6646697360720115,0.048250108821955795,0.09872779592519085,0.13366068814390097
-0.2589864154583994,-0.12433708661755158,-0.058366535177472284,0.04476671178314305,0.16228827786672778
0.24123236880542234,0.6574784742177691,-0.056071582903185924,0.3228022037224601,0.14324248706142462
0.15252636976587378,0.38156482864063035,-0.08288010783676025,0.22863245803759233,0.18677809079663527
0.3248959322586342,0.260612323434257,0.7181909709697195,0.06833362390946564,0.1098019048076961
-0.026884166415689442,-0.005487118295346066,0.02764607570610156,0.35817019086478574,0.3289873732117969
-0.009314654263615663,-0.09204277224324389,0.27658289414425963,0.08385704135317672,0.2419350996523627
0.2363420657293669,-0.3071482031665716,0.5182048547430238,0.45612536447342916,0.10366031378386387
0.05057117499337371,0.2635717470636404,0.24795998496790905,0.27729816525842943,0.3979208730411816
0.11821854772085771,-0.07826958008361842,-0.13425098147712736,0.05860398735145857,0.17047046601244406
0.7426641993433547,0.011492110415893209,0.22521568241617643,0.17257848730686862,0.30804158234684575
0.9752623720857005,0.008300730067483136,0.06673418974214163,0.3412725069350436,0.25241396238032743
0.7611573092816122,0.3618314827370729,0.09683702329938808,0.2705679059756185,0.3011340058312171
0.43763742539484307,0.33859231179359495,0.4166938897581617,0.36306004436816547,0.3327082511617998
0.3843192577246859,0.12633180197955782,0.211985356788629,0.36994499675828996,0.08784299450058604
0.2967649170350934,0.055795526270182624,0.18660771798852485,0.38232116841636593,0.20154570550664816
0.19586570706613343,-0.2488430883851769,0.3480485513900305,0.2832411914819063,0.42304041187910657
0.08485415851438927,0.2514836007212076,0.23794606910783775,0.431599445509951,0.1715278177637193
0.27141753694814713,0.3754169384202774,0.22491025164310788,0.11259583088111536,0.20488310407683655
0.5236963539670885,-0.1404284557306809,0.21391710721802532,0.07348536355913281,0.31779445911207993
-0.29648880694068996,0.0084385780444865,0.2695323246416278,0.43271626839041233,0.17783408252030722
0.01061668016639028,0.7810602837821657,-0.13759956518334707,-0.1614755615970562,0.23538129725625803
0.028423701400844603,-0.13575498515714024,0.3455805040333473,0.22573546472177555,0.12412127903807084
-0.21667961162503982,0.4640834200552374,0.3335775914847886,0.17250710726531596,0.3946484808346178
-0.14920132591478008,-0.29322422761479583,0.034473841345675466,0.18198140713233615,0.2163953667038344
0.11390465053157431,0.30151988174407834,-0.08966253271088759,0.4184694178903259,0.1810054092243154
0.54451115599423,0.2995704618335595,0.29332431588816316,0.2812793082798509,0.2412465299065542
0.39543897471328215,0.6125071274915989,0.23613566163921812,0.30429552937207166,0.18215943657047326
0.6485982430371693,-0.02070083343799592,0.5958957163348415,0.1868436636831556,0.03322767375068525
0.2347043671383272,-0.021173249991152082,0.3821678062327404,0.09100528268228712,0.14430936983906995
-0.4023300489495331,0.05216337830376094,-0.3468006991646811,-0.05524183053413095,0.28021213830648406
0.4446880249020257,0.33073769049442636,-0.02002624266955244,0.18865236841299018,0.19579342008129064
-0.16910988069894944,0.6726134835985312,0.3933813694594096,0.16225969366724174,0.20020312537839147
0.26409462803176853,-0.4474550580422978,0.1429276552165459,0.09036702059668969,0.08621367671074605
0.11030748155319485,0.7676775935833922,0.3424960192680493,0.10888787123181513,0.2632159002921127
0.6427152437753085,0.49259504413162636,0.213533956266697,0.09791051421621752,0.27826393983595726
0.3256322055933955,0.4842861533239906,0.3432299337963911,0.367150056442371,0.14136008535115563
0.6187987845415845,0.26468868375989,0.6662446404257648,0.09323204016196072,0.3962888557200303
0.26578808812823845,-0.002793256822942264,0.09500304137373863,0.15255184639330452,0.2506263976979641
0.36953930257999346,0.022784333594856238,0.1987583518182194,0.5429268890581642,0.3973494023247378
0.34318286452649316,0.21722296020720486,0.2320450258023571,0.3022109141690647,0.0908535200719542
0.12481659875167268,-0.3214464078873783,0.2954752102397199,0.30853686929988916,0.15218431743075422
0.7049455251024879,-0.1804139300641714,-0.12023697046201975,0.2426961557880255,0.32427635639547836
0.7407129002118211,0.06309626290087988,0.4494085751660587,0.20211948456674012,0.1889078893362123
0.4886470171591983,0.4154918157715583,-0.1432827930122209,0.44267073732297957,0.36350811336088107
0.012389914608393726,0.3353742773706929,0.320678718156719,0.2514263515230555,0.14868422359186825
-0.0011747460365436335,0.20313030442895078,0.4734413918362711,0.2971619424581137,0.16977526921220049
0.4562447715186125,-0.6885760571133857,0.4690840318374301,-0.06286068867364275,0.17169008307189113
-0.1408574962407206,-0.1962010175573918,0.4727819738813196,0.1392631601860878,0.2519535249140846
0.199376624375033,0.3650677693058063,0.23139211127129566,0.011355331778151484,0.32560023081477996
0.0590756739660063,-0.27701920122020585,0.11948575500341073,0.452506173175308,0.3102728957809185
0.1059627306354166,0.10577123261543016,0.14429643236934683,0.5445789039269251,0.25891789792656006
0.35320832660265034,0.5430214522498182,0.27061209640454637,0.17625905767867275,0.1952646367209254
0.19557591190971668,0.20644751352056062,0.38092113041916187,0.22643158392952226,0.3001298690029547
0.1936943954109631,0.24408584978318543,-0.22759203711082127,0.364103345974504,0.25795780849562966
0.535818727723357,-0.6956561478402222,0.6871950004582964,0.19814916208490438,0.3441188257063341
-0.10762590698135405,0.4149973442925716,-0.014329659560030683,0.12259468874548161,0.4352164321368257
0.16192315261010173,0.2909805339664684,0.4167752813071256,0.30059641026651485,0.2390395670723287
0.33863402571638335,0.983249964553174,0.2103392685283372,0.25501977436861817,0.3406899557398234
0.5738222202772081,0.5995961659458677,0.36704864379830326,0.043499279174708416,0.4068474213650689
-0.13728101749276858,0.3209269623152311,0.0565640177822532,0.2150840621956674,0.2619819801194882
0.32784830056145775,0.35964928377418964,0.5870630355934849,0.2979362957161127,0.1989286845428505
0.5320983587005537,0.6033708226828223,-0.04727422520840385,0.321684471980689,0.3056207230160828
0.13413038631255414,0.6632649204959048,0.19467477892739166,0.2480836089010398,0.20887821002379664
0.23415575664258673,-0.11744339243955532,-0.09277593722471184,0.48134261625231417,0.13453607177149632
-0.08327555768452208,-0.45073151475741735,0.08735403994465063,0.02103136542576381,0.4138131061377364
0.5505634334796781,0.013618984891963754,0.734891188801667,0.38646198458312364,0.19491397849370204
-0.5581492533519556,0.9566918840354701,-0.07848561730231457,-0.027928152746308943,0.3465590821199763
1.0047506863241062,0.6709787341886462,0.3593271457901498,0.3272721516300475,0.32864799335767003
0.4742285267488122,0.3231547700591635,0.2575343094109259,0.22433739173239814,0.14993843056755576
0.146477982701051,-0.30012471608075453,0.21324582619573318,0.07892525657601168,0.1118501986083831
0.2931237617749961,0.6764260095373196,0.4415780718250426,-0.012081712469690142,0.1255924469453502
0.5347352083477575,-0.0734525563610883,0.18700773789791186,0.32420811047094056,0.12897303590173398
0.2715608991396687,-0.18361766382925218,0.10376834510385782,0.28880020156145725,0.06013612444283831
0.3785295816113083,0.23302922195516698,0.36277974873548946,0.2746431724366706,0.3917547758531046
0.2798397049631576,0.10445028525495006,0.26758679326610757,0.3261432012420043,0.245702962171925
0.2540774610694903,0.019251978043721474,0.0930120898421509,0.019469875388912816,0.43684986772217566
-0.15110184991602008,0.02312637948178725,0.0816014941079953,0.3837422104798179,0.20926586571210884
0.6378139314500771,0.03026680770531906,0.30562823444904574,0.11116327699270243,0.4830782068220272
-0.1313073507305872,0.34221815530508726,0.3859610630774405,0.3096716263276798,0.22352845421212683
0.20419233538580117,0.25909964915510836,0.2123745983982617,0.3976479151524138,0.4923892301145021
0.06995186450047972,-0.18692348986925383,0.22650578011561334,0.6541341066558471,0.1563926979578416
0.7655814928734807,0.7777828277272705,0.12346115324688124,0.33721137126331785,0.4293075244295731
0.12835752968076486,0.183870485768175,0.11818044176791095,0.08780112124947059,0.1756568118966595
-0.13779464704703182,0.26002738827497013,0.07707800069902171,0.28621404755514807,0.07529482770888557
0.3548837669025606,0.5138352516901752,-0.1955625923451495,0.30939378697365977,0.3875078163021982
-0.13127082577180077,0.7801650806423887,0.3449467501319611,0.13977908917031784,0.24501607881699647
0.428810724506075,0.27628726738383447,0.3727217544917967,0.10668097546716057,0.27118736801575477
-0.19380252388862657,0.218080484350102,0.051133360083575524,0.13695575796142578,0.39145267156795804
0.5993568157213459,0.44688064142442535,0.010005694804392506,0.20422568565633512,0.38988270027935923
0.3000700782624035,0.9886916543405269,0.3432037978201713,0.28562088679183034,0.22069498390919662
0.29848559824742465,0.20804106051268406,0.41459416990956716,0.40752417444779854,0.16837996309154818
-0.1637155656943159,-0.3234018658273127,0.3708475711529338,0.08279967877328509,0.016556771559178174
0.3811376022910254,1.0466139263370846,0.2569007611693993,0.3908352904735438,0.2674070586716362
0.22798760514844432,0.5498967622730937,0.19435189796490016,0.30153769632377453,0.2952261674026012
0.048991508607543144,0.57397159624829,0.22113806933048452,0.14076645852802971,0.32024388430132034
-0.02285926145817546,0.2701729256998696,0.2592221916229581,0.4329564257165163,0.31433413713719127
0.25434804300808983,0.520862672182226,0.5731221205058705,0.35045981578167096,0.26341972034801286
-0.15157577787277327,-0.07355525096507282,0.19501294452833198,0.16689092223884655,0.24235923609740495
0.2821785434594981,0.4317678206497989,0.2485002582571844,0.34118692825960384,0.27147272298051167
-0.35943211385377305,-0.031778667862586096,0.2330463083347332,0.07399573221978692,0.3323393363615968
0.7503321823067289,0.6516726039350534,0.21853898939500038,0.5019707642657519,0.2828877932835644
0.16067132366499332,0.07329231330693778,0.19963298925521678,0.2058911231938591,0.2863203801522828
0.319046219576097,0.2692315044166248,0.3659706132199863,0.4565259740642457,0.3744316480264104
-0.20029669805658484,-0.5383515058039634,0.4781895526955278,0.053146770661313375,0.24413973338816425
-0.09975195794768305,-0.2995659779117035,0.39134501702511015,0.39030324047160053,0.20581444798224086
-0.5480882444288607,0.09853360970128841,0.3588813102649501,0.0374348205063213,0.29177153352002627
0.26743087287024114,0.4554603290636684,0.29901125552712376,0.11841656359459982,0.4060530331553125
0.22314182054735138,0.26463881974192904,0.06458821350225749,0.2031841952686702,0.1743493225112504
0.219583928103276,0.8155640230217645,-0.03249214712614251,0.019147816183490207,0.43875611721209107
0.20908131647511086,0.06369589782608223,0.5078050323891048,0.17951905067724025,0.4794293676285687
0.4906552600949116,0.12198514166423108,0.7586650576043041,0.18050433780407293,0.3592450611563165
0.3719219013646371,0.6889240171557374,0.6264417956281063,0.2823375775584459,0.19304259859941786
0.4237342414698927,0.06396586090629447,0.7284853533283506,0.29986640964361,0.23743408715930064
0.3376803198302456,-0.14671945780124868,0.06201977547898774,0.46908138348168316,0.20583626618874168
-0.05078204099172201,0.44998478133877096,0.5454117893833188,0.39395677993129213,0.3916417969949382
0.04196166109044569,-0.16833472956140283,0.6169896915493291,0.23026111899342033,0.25323729749154084
0.702294148595861,0.45817765554657774,0.38422188713082284,0.6245992097569251,0.21033475688776382
0.5766920942071897,0.3013124164031273,0.34334234266026553,0.5249553612391366,0.340061046906714
0.4545084508177729,0.6234408835984302,0.20267837310108552,0.1515935851231104,0.16747106521689437
-0.3365312661655765,0.9355150724542074,0.03860039537527207,0.2503020157304558,0.25433661750390224
0.38349681959307136,0.5442450426643906,0.47869400756716274,0.19409364837954854,0.2676015106591523
0.37664691375135095,0.20864424802605266,0.6467006844187133,0.36491724335068193,0.3694491215253842
0.4979097510133915,0.6593733047200339,0.32876593935373405,0.08324115338761748,0.3329747597836164
0.08331215388583238,0.12212601694032987,0.42040426983892426,0.4850790339772528,0.2916675238678111
0.38795186393671055,0.828577919512767,0.344124337803855,0.7016525098307884,0.3535161907684878
-0.2655107825221966,0.5295188291806807,0.3765208971704832,0.49521910736011665,0.36655525442253084
0.24850866578544042,-0.09486480390784863,0.24555327107529423,0.15781320069917568,0.22738779747748997
0.47941812724897764,0.8213634641657934,0.3815445302400954,0.1042075787309123,0.3430013827491943
0.6727023960616562,0.1014640087061168,0.2643271448110379,0.2966167017973114,0.2065399951204542
0.5002995686421654,0.257048132457184,0.3891056016295684,0.15497046092340708,0.2463859704530621
0.5247333392943825,0.17839610151330082,0.6824571529005691,0.23310826719809824,0.321416812310652
0.592208412668309,-0.1512293298229503,-0.09643152259966875,0.05606985326430569,0.43845849142598753
0.12378542966453562,1.1072719434310403,0.1721286996244043,0.32747842146104583,0.4707114324343356
0.9336815717441251,0.9512039699747485,0.5694982026314446,0.46121780169875887,0.3655458261450198
0.5464396845709381,0.12600007256533763,0.11734546805562984,0.29976675173600814,0.2812730810657562
0.15797800776636783,0.5215183480927065,0.5149140398636289,0.315279657377589,0.4664941863033183
-0.058731495745878715,0.24106180412624825,0.14201595863660033,0.007176949999482374,0.2930583206037733
0.2648033607091413,0.7818981345875193,0.44435708406986696,0.14136514758255123,0.5105971540483174
0.6904290620715705,0.4883797606757165,0.2536609202192037,0.15260364107532126,0.2626903216552585
0.6495978490682759,0.9012638226969318,0.6503850488106286,0.22801142502025712,0.18012827082390206
0.3508584494295329,-0.25292332360186853,0.37856880401134574,0.2829682882445385,0.2542018413976264
-0.1969820811146707,0.4697219216338587,0.18819177839178233,0.12232721361623111,-0.013821370597781046
0.2996073313519802,0.8687434715429556,0.6797771615060028,0.23603504427084027,0.24097895311635092
0.45754874507411925,-0.006407887748943686,0.37679202961482255,0.4304372368208833,0.4464846139322234
0.2786388104475753,0.24590301529557684,0.11398743560543262,0.17956904674969182,0.28498920042227827
0.42748248484343476,0.6002121367323796,0.1317150381294911,0.5473260970717815,0.28099877119952543
0.3055553805546822,0.07602323227370583,-0.22976428926389564,0.45209216268667474,0.39469396444753935
0.2243497284068463,0.33449763816520023,0.4286808296177562,0.06625312050226473,0.2541634258020844
0.5654828595772042,-0.08232682791304569,0.37995586348019983,0.0998198975667394,0.36646277168758423
0.3040444889908534,-0.1954342106512027,0.5757589525788611,0.19916618868249852,0.2247263389103642
0.3797418654884479,0.6795473392896609,0.08917165228999813,0.3260687568791553,0.3642594585469524
0.5364965551158852,0.37311303617517066,0.23524739753480106,0.186463813990754,0.3269484962341916
-0.020721806301389978,-0.6054938188293908,0.41593605815237233,0.4612429660290548,0.05413444071278378
1.4434290288356522e-05,0.5151130880967992,0.7793892926866411,0.32260709318202,0.2379261160989129
0.26248338733730653,0.7550944188967805,0.17587833876508918,0.19395696887955852,0.2663479537554852
0.019852345251727466,0.3601130813049351,0.6846104687930719,0.3724046397132342,0.29310734206559547
0.2300434966546211,-0.17200201496987583,0.5197916716518961,0.3100151808601369,0.302144054554226
1.3330725961543624,0.41779728812683736,0.15521773403444514,0.2559102682371293,0.45172345703491823
0.3601435732044917,-0.13049910767019063,0.5298701627838105,0.21868146855064477,0.5337653828104054
0.6668665123370756,0.18386972157074136,0.6117692918382426,0.3360542235783317,0.4206683206751055
0.4796123022544061,0.05868485206507873,0.1824242091292827,0.4891774305406096,0.28889730633731164
0.19968247554018098,0.0252910477874414,0.4220469579145645,0.6534411511104867,0.20797351910277692
0.3359871930060962,0.7749116796904076,0.31051997186352076,0.3998545895968671,0.20954912093871536
0.4647719258484607,0.2701491164840778,0.5497452571094041,0.517071548572267,0.6188513461101068
0.5136264338049102,0.4333561716996233,0.3737959815389046,0.2744898364263441,0.3681739744936173
0.23791720332484234,0.384603369518087,0.625955096991891,0.17218297792171222,0.45877362877029104
0.748840687664335,0.29499578580504476,-0.14212884692508454,0.23622723777493848,0.47734073096019014
0.32610181707942393,0.017326220839074424,0.22046222961299372,0.4662470298586083,0.3944600045372984
0.25877737038418835,0.21833427006573514,0.24673454913418635,0.18848847833676396,0.5149388268770475
0.23340865341513434,0.720234655264341,0.6755119460713555,0.4931821478911316,0.28707871734997165
0.4640070008772585,0.32868501377991416,0.13426245713777488,0.38762204185916066,0.2045156802758126
0.7129145370947819,0.19041244735988547,0.3823180038235507,0.3821290827166881,0.3083908812915817
0.5238672085147906,0.1881606159313699,0.5331663369109636,0.12552026464409474,0.3524680048800193
0.9524825251768044,0.02300679928265409,0.18779095678912344,0.4205953049574172,0.3594171929362136
0.4512193133318801,0.49503489367112413,0.4822683753886017,0.5157992913258677,0.3861594591073313
0.2650489721868578,0.5540278203543574,0.7661678569062945,0.32037010468283883,0.23238565277588347
0.6924319891913875,0.3042744757947893,-0.14348133741075686,0.4763314742621023,0.2824908316391114
0.3147142057301268,0.4483247416407142,0.3859403667111368,0.45551752495857567,0.29465448694990165
0.5066026446318534,0.2622684783148897,0.5095473901197209,0.44164248671876943,0.23975911801655003
0.688763043877614,0.17585882243024178,0.5260325620158907,0.4034185686469614,0.5508605281675651
0.2756801979601375,0.23588267627772952,0.34200399046022384,0.29840941363276985,0.4357825698859911
-0.16377494554787092,0.014143709849478325,0.10857935542495206,0.49760417076666963,0.5385997365630153
0.31531860530803923,0.2949622319688583,0.364012488217546,0.5320574383569602,0.2446671159884679
0.4247282402472767,0.6577339172403625,0.4613974120607819,0.37932483489679003,0.4612697049288831
-0.5044867586893728,0.5647133482835595,0.20409458136009714,0.060901874665425404,0.40750453849097323
0.7857403243581732,0.3078863146283037,0.5644205775088618,0.6062749272119856,0.4983632564918975
0.8709546718223229,0.5870336709536976,0.3692198267897657,0.09905931738655654,0.32484172984378734
0.08669536631520941,1.0398657190582103,0.3140240900657051,0.37283374375935036,0.4150112928245293
0.36814265856358436,0.8903765581542883,0.21512572445584527,0.3851244947643019,0.2713436193086084
-0.06207241445990486,0.16189698242022507,0.34707367576844406,0.28747671365277927,0.27794033635310755
-0.0883602734910533,0.33007606678043416,0.019890652010133347,0.4765317560790253,0.3655734009368482
-0.10356089717292999,0.2595768616897507,0.18917007209611267,0.40782327855704503,0.5072242732462405
-0.2346232426139923,0.39473279840082204,0.32255157672694984,0.4645065446651103,0.3821944660240195
0.12156577747041811,0.25846564604462474,0.18136256659334787,0.5294910261879617,0.36174207411651216
0.9615696436880541,0.34117772672299945,0.201955791707096,0.12102109997861582,0.15876321590859752
-0.13958640896224156,0.4458342254542823,0.47511573474109053,0.11135315968625276,0.4614296869984114
0.209605045138764,0.40878238860943555,0.7228658543130171,0.5041651090284756,0.3323397232243872
0.08154363682871274,-0.31710041387962834,0.20255579255629744,0.3299807414818217,0.25299333692805603
0.32285726688661925,0.38866706362660314,0.31408503831733237,0.2615899323448735,0.38322052992639094
0.5051192696907298,0.02055090103879309,0.6808594366421861,0.34977721295135306,0.3674728172781113
0.5903234312936908,0.4401157825549131,0.5794941968939011,0.41176468303197755,0.2978937862834901
0.4816848195505046,0.0056893838914436334,0.3916420555407356,0.3621132445142382,0.34409919536111633
0.32772123827667154,-0.2267245512702688,0.24566974890275933,0.3830484362053228,0.3862408563255704
0.044389955363314526,0.769621332316009,0.17568678526855075,0.5226540117551232,0.41713115100685594
0.16601535183939356,0.9317729679256348,0.10346506074487344,0.5157014058432421,0.482238874381791
0.1593026408093192,0.81170756246668,0.3154592709533562,0.4170178420966026,0.4004762377473809
0.329900219100608,0.6287724612616603,0.5498018442257806,0.09590519251931068,0.5182020448155791
-0.15235275402403958,0.6998931528815011,0.6253123010278412,0.20087643486021506,0.3274429396736422
0.024719857184678506,0.30641037709613045,0.30549581449039376,0.4976495285598904,0.5208713457661722
0.8167293489273503,0.1976022362044245,0.3285919421681111,0.10920042599864771,0.28527636288948766
0.6814892528484832,0.8872685234822091,0.10036757782900796,0.28269955181800605,0.3734241229985014
0.46597211475559014,0.12135826491318663,0.4722003095805039,0.3024567982898209,0.37576156437172376
0.5511286257347766,0.3804092784134486,0.2807995268144595,0.36104754666387384,0.36849909920456986
0.26237161799816466,0.297540878628208,0.7368477539080038,0.46806853134830734,0.3463436755230564
0.6007767147344059,0.2748173888819566,0.6426990239527338,0.4388259427125653,0.368383635974134
0.5229619046382918,-0.11537327487636673,0.12942851584961085,0.19260526259877528,0.3973629052216735
0.930251730260216,1.0879814429259225,0.5250549459763971,0.46157284709916324,0.18101800613401892
0.2117748600176248,0.1342642874130781,0.2445576400476859,0.35679751132307913,0.3306020522199873
-0.2415251729283019,0.6208943738575132,0.14451175159008298,0.4222126350665858,0.6162738764101438
0.09465044987770777,-0.4147617853129655,0.3214328971877993,0.5594623883105411,0.6043352869454306
-0.00243133507421045,0.5434564721327704,0.2823398051862187,0.3696344806890078,0.6820329603753567
-0.08789356195060521,0.467626913691685,0.49196675985538674,0.5590652793409885,0.3983422369779232
0.48580252231605237,0.2645382368489005,0.4485670019084536,0.3341249250909978,0.45788223831944547
0.27250833852557826,0.5086390045171474,0.3828460253281371,0.5674335670015809,0.3836433964113549
-0.17029170610599198,0.7894450074497915,0.18786249097577964,0.28702085600642846,0.3237934331380534
0.8260268791232415,-0.28396809423485786,1.0930132931477947,0.5583686341503054,0.41635026075219334
0.3750333852097772,0.48269251956163417,0.5089189098379889,0.49440993406450817,0.45451086012170144
0.4217212921050072,0.33098950559031587,0.3595676588505074,0.36257568835633747,0.5201527437659573
0.582093510685548,-0.5354381347667913,0.5410582666759388,0.42518489030366347,0.3923026918350187
0.2725350729187793,0.7508710495876837,0.6072687533740544,0.27319270624531355,0.44090522461575654
0.0891315578971898,-0.039877173811056876,0.2562581647110799,0.5327527769959481,0.5029590160223215
0.5596492535705752,0.6266928182205608,0.5128183712472425,0.2959702514982615,0.44568780594267843
0.6515101144597463,0.6369262605512149,0.6642475101959745,0.5103910700291605,0.4376915025300701
0.73781061856459,0.3910126408351157,0.20220623262148985,0.37361624853985703,0.31611675187906935
0.18689028284214937,0.35469958401230917,0.22320991939230772,0.3517074071319594,0.1886878444754359
0.46885079398939494,0.4017826061821859,0.2186948291303293,0.5056372938937297,0.5062249294717422
-0.10595266224532934,0.16120764959072106,0.23041694455257042,0.2537906734344252,0.4951405090116665
0.34211019654361013,0.31975646605745056,-0.04467384303329214,0.503871815493345,0.26485010277442145
0.4233567661850385,0.4921186938395144,0.708656915850868,0.1974617289390529,0.06681268243928928
0.46354373622607903,0.97477703402292,0.6824422319702083,0.43855546966375114,0.3504388088418073
0.6616409820427325,0.0985440665596799,0.5129232417954737,0.48632825601712537,0.5249414775857194
1.2800885364781975,0.5315002320576857,0.2935996808917347,0.4033637536014616,0.20961870837295635
0.18872082694155287,0.2789819373339768,0.2912186800083375,0.432497828820911,0.31645906466553936
0.763910432973792,0.40947488908591134,0.40732979438155736,0.3575647025636072,0.42676025533857725
0.6713293913906262,0.13619975945045365,0.2632510897418333,0.36238710862980517,0.25993746671908413
0.15233932863994615,0.2608171484397968,0.6069307760978121,0.4529260026677568,0.4330554214902108
0.6814899740970701,0.3689716386531334,0.49972300713893747,0.39609162024531974,0.44208082500874335
0.22912894498993147,-0.35780828827187483,0.3833876799523839,0.6383696457551655,0.5169674434743889
0.719699904284955,0.8053132710759761,0.4342388544255289,0.44561276709086617,0.3453588331832744
0.31546440225541983,0.6101393504851633,0.6846121592717702,0.39336702329643014,0.3650827254679948
0.416583371666187,0.6065346835445163,0.09356066456491047,0.05335832982591521,0.3548645254373288
0.03139425402158824,0.25672937789205375,0.38437273355617163,0.34575255149940065,0.5798082245268227
0.5217441853863076,0.5134367539034906,0.5575481654351234,0.23835309206751687,0.53459464806307
0.3954606483444513,0.6314440071671986,0.17974485589415728,0.17374858766624998,0.5108622630913204
0.5394515639656947,0.13516667255392867,0.22595784369520633,0.5983672842569825,0.28744012813551834
0.9408802197258364,0.13662013847528248,0.5641701956161547,0.3694622781924415,0.48885982637510084
0.25035846707537024,0.3709427854117919,0.4315722281992293,0.26396267228648557,0.5052491022097317
0.2611310438085801,0.3511337828838111,0.20108014392251977,0.018282899068127578,0.40206587028523993
1.1873604094588484,0.6725380855936485,0.4201176725885678,0.38285773461100214,0.4269361875995724
0.5984396809623911,0.052019626756256376,0.6745953312336618,0.5385371430415111,0.5057210305830734
0.565084629762809,0.43262975826571387,0.5768827727310599,0.5200004571315395,0.3868434716031023
0.24603862020094278,0.4596372161328769,0.7737988631534536,0.23150739623258235,0.2633531147813824
0.48053038117970703,0.4445205327040879,0.467188802914947,0.4670008158220627,0.40347365772369637
0.9005656162887302,-0.07682085929166715,0.24417186277293362,0.41310341836316056,0.24571533534904028
0.3748203849726551,0.9558334292422273,0.4351007911945329,0.46690744644717064,0.289539726541633
0.23652084030811477,0.31278391826398894,0.3603881760489452,0.6340771084931234,0.4937831875426985
0.08095856568859594,0.510384087828461,0.543838202183194,0.6127058241213453,0.609142253250986
0.112432464855039,0.17701777410541503,0.15223047548026125,0.3964316448089455,0.4855738847903487
0.7466570229267206,0.4104166119012674,0.36291435399115685,0.4584294798664443,0.34106261948587685
1.096205597402653,-0.0729516196824434,0.4767446846967857,0.7553956724378197,0.4361956811690648
0.3763408169419182,0.32340226890815094,0.39609963013681115,0.6535028395497278,0.18914275690766696
0.9223517511333057,-0.012857351785569848,0.37781216398475687,0.3695679353843182,0.5032396934167925
-0.06693285517486602,0.5845902681475772,0.8910878309560777,0.22290170335613282,0.45964823276482913
0.23010229421185652,0.5741167992290155,0.4437210126314051,0.33801145335137517,0.4939852191049326
1.0110254123150064,0.38007136085837306,0.6013832090393101,0.23595603128164733,0.33350760270450686
0.5908294233478827,0.9107601376551513,0.5209590036005493,0.39194262062845736,0.441362218159348
0.04702879811902211,0.6336069736187397,0.6397381130575126,0.3709606844476356,0.3898901327084302
0.5275215220388225,0.3053405369398628,0.42865574126012984,0.775438608765946,0.41582513049056496
0.33112733869663924,0.23967374584592854,0.6108508281027889,0.41579038672193985,0.3718423316223302
0.86327846780018,0.894363332193584,0.3111866546169896,0.15031956594547297,0.5580889003822953
0.22994748609786336,0.6964642134254128,0.005917840532894625,0.5875784775679296,0.3110333081308767
0.6785353523051171,0.4519609878035698,0.23414010862868953,0.38308935548516426,0.5241801836458448
0.48193521479065377,0.633256059694504,0.8903939984950529,0.20112013325746653,0.6292583110333143
0.4824496944430078,0.1652289777166569,0.15198227959478994,0.4195468901076231,0.5524930645361185
0.41011587705605007,0.9283195981478998,0.12595770142540536,0.4485390199650245,0.31042860663630856
0.5664419493464421,0.7319098695304246,0.3573662541508938,0.03968908639580515,0.4736945304631799
0.5905613090005694,0.580301679626315,0.7287817510822545,0.2831039962526861,0.528502925011321
0.83055744008266,-0.10898532490221247,0.5249297746421296,0.373735622638302,0.4443389415153148
0.5643994121403725,0.3003792540852341,0.30336153465933713,0.45985442579761066,0.33289666307656407
0.11208740066314815,0.6702921510163157,0.19857729997935164,0.5608087122712616,0.5071747342865028
-0.08929154996582084,0.24219170011637675,0.7234674362350184,0.30132056445394356,0.40453448147823473
0.6035739414942494,0.7051872881266856,0.4012116526394509,0.36298280043764564,0.6164832424526994
1.0083468144685974,0.7680005531047822,0.47753617510739965,0.3306604267072097,0.3656119512287109
0.6246929276799368,0.5917685941565074,0.7728664325590868,0.5623046492935339,0.29140997294066695
0.7931155055797137,0.14484597793545978,0.3746018739112088,0.5000205866004231,0.683582868842626
1.444904058921347,0.6533241390429984,0.42049745219077167,0.5459742250326542,0.5607043551039825
0.36105845559858785,1.0301581390706747,0.5139078481811584,0.5411625550193082,0.5369150572354364
0.5967808555206833,0.7287597437480169,0.32544145501873556,0.37518820525664565,0.34046248093052095
0.6034469567851497,0.7107858148390671,0.5668255891615174,0.7292249651692597,0.4638388105392086
0.6769401452558874,0.12023933624530542,0.37890734058519504,0.5754396410931589,0.5603979674384767
0.37350595532383335,0.44382479500291305,0.1270595785824079,0.4100151931795409,0.5660143304490441
0.6493632647125263,0.6257918700610561,0.47859720227021113,0.46858425090447287,0.3936413197253301
0.6894574186181921,0.6015918022262557,0.578487227500772,0.38529505689657456,0.2277174110834692
0.8164196204866564,0.31804777047074595,0.2765469436954958,0.5791181130166444,0.42564112392455344
0.8056517853174989,0.6655848835242073,0.6233212178714497,0.25449390895502744,0.6059699272827707
0.5540861433342659,0.3546957866865558,0.5035341074881496,0.19062402166155468,0.5171602447548308
0.14695662003867277,0.04472056982281397,0.13206260981702594,0.6484039520204573,0.4021186862700081
0.9584807608584889,0.304038173783892,0.09169662796317024,0.29693545879939065,0.6116414129594562
0.42517514193946665,0.3010908075698401,0.5102556375390492,0.553813291316514,0.5994034599912582
0.9335311510216258,0.3617066403346898,0.17896219872690156,0.41010089336157274,0.5045757207723462
0.17170914426210843,0.17379878091824447,0.5533497837750954,0.46878386425218166,0.48014329203637923
0.23762019225108075,0.40461837433550374,0.27081266371324764,0.6182302049083425,0.5932218717826647
-0.10533738484447575,0.18454133567144326,0.1438443640086245,0.37570067016099395,0.46914982986068743
0.021061410137225067,0.18796181019416203,0.2549877864308515,0.5122513217515315,0.4872324120528651
0.2522470263381824,0.5363961498622712,0.35823909737223447,0.4375280361477477,0.6675781120303127
0.9053724853217241,0.07051781017046826,0.6670152904327911,0.6097745413717993,0.35310174299556524
0.7414027076316124,0.968819257328074,0.23147383302729851,0.33741254878073884,0.5962604933796934
0.5693378391099252,0.6578755940137647,0.5596415475109732,0.5452579326169825,0.3351793910253632
0.8156754231592631,0.8543413149455696,0.43319115476994785,0.47761017512805254,0.3133014616557581
0.6481071181445395,0.6663859323120567,0.471579151325455,0.6632613610881729,0.4481345155751832
0.665030557111688,0.1640403105748423,0.4812200654493737,0.45891865775041774,0.5116766779641249
0.37063281229945144,0.44591220226580097,0.6721972502839506,0.4184289979785426,0.30786670707017677
1.041755497974386,0.92534262564763,0.19952976538416367,0.5975408677170205,0.43225419959248035
0.572811462967628,0.5825313285156766,0.4370743118931402,0.3655652567349464,0.4122846527778198
0.20076516781516957,0.22744521185858396,0.4754689681742349,0.37731889931012585,0.566746229646869
0.9618000207105029,0.3080625508022171,0.5450239652231402,0.5704986445629785,0.54426294965698
0.5165116571828072,0.7273492945103701,0.6003266365196954,0.2968008810447177,0.5896670946440224
0.774079492769565,0.2521212339374052,0.5019766513914974,0.6015372939190837,0.4700914970330145
0.8337999455246485,1.2420166126166248,0.31874267466077566,0.27613216968203014,0.5284624461245455
0.723673594533049,0.42248913784615605,0.8204544587167223,0.28384333468366263,0.5729661526942071
0.3049064826307838,1.0402115307151383,0.9420364740860878,0.3752774464680866,0.43505414082591276
0.7693230546922545,0.3750760369579125,0.4873432404737433,0.5015117592529087,0.2828715139055209
0.4941226189644096,0.2803874253464185,0.38823288328425387,0.726756760202176,0.35801675700822055
0.7566575590181179,0.4112836752391609,0.4369432240841514,0.6244682690049621,0.5375183900241417
0.680944173871405,0.8066673727925778,0.42641769386915473,0.40369737308708564,0.3791769833403542
0.2404837735594823,1.4340870433895903,0.7798203167748408,0.28787788722721264,0.3536462070682965
0.6548819307190729,0.6755628267969944,0.6252366592545452,0.4621904519882345,0.48847628983083163
0.6071881129510809,0.5306652570001136,0.007252853908092494,0.4671689915993594,0.40831337032916515
0.5599112200865836,1.4485262898794347,0.5866759029530426,0.45493110838537565,0.6075650455136316
0.6581448177610623,0.6383510477370732,0.6412014233671368,0.8306735941166805,0.37906833468764944
0.6562821200705082,0.21355907129229068,0.6307229104647132,0.3612494149079817,0.4598434781678339
0.4141918831539541,0.8160878487077645,0.7128801645967082,0.3105422959865093,0.5136493278314666
0.2841196562306253,0.11053431208442727,0.4599820208059693,0.45973309698449416,0.7798236597879099
0.6464234278583627,0.07386860482029745,0.3832222029844118,0.6710043883897868,0.7430045098722747
0.008978550741515878,-0.08397377808258732,0.9288710420771226,0.572113920969755,0.4134324318682828
0.6805760730636329,-0.3219851077817273,0.5122662977324867,0.5633445900821058,0.6148480545905017
0.19189046054552883,0.539609172139421,0.30558127532035645,0.5528922297794522,0.4124097505021044
0.38446069683628004,0.19860903585382383,0.6591120034466573,0.6492465529410121,0.48728213634628736
0.5266064302376874,0.05642968759377781,0.44750477889326923,0.5065764675690936,0.8075280898397554
0.16388066707056415,0.9785290127789013,0.7384199136591766,0.5598880271429724,0.7121352629797112
0.6341865988416244,0.6395794595874952,0.5046383774008755,0.7099797436439974,0.6391055036184289
0.31966098664511544,0.10033492434556862,0.472129667184225,0.3910203135441246,0.5104152541634329
0.9098308154337269,0.3739070377346203,0.5089429193546109,0.5276927184218416,0.6133759748595752
-0.19100927505349308,0.32766404066413257,0.5667639893669243,0.7092686632368618,0.46452315397339966
-0.07289754952395322,0.7164904866534563,0.37844917134444456,0.3324177055660905,0.4507165838786522
0.4631694798965542,0.33028446724400046,0.028341958267551426,0.6633601412269409,0.6640568842773752
0.7285518663546561,0.16275472453471418,0.47746764584278684,0.521491412049271,0.5894697705028186
0.7348713432094438,0.2913573832677043,0.5418582873228874,0.5958259039209002,0.6862894072976119
0.7473090537575491,0.7740461580339313,0.5432687283619878,0.7475376967973859,0.5703373978453151
0.25322561934722976,0.9693100760733312,0.6815814414372083,0.4554741150012372,0.4719165820336356
0.6203119486216155,0.6729984195869613,0.5706424182651588,0.575748749698781,0.7165875389467695
0.866379224749406,0.5878117946765652,0.7380109721811174,0.36427116384177805,0.5720171242158785
1.1006814335447097,0.45957636213945696,0.33899182008578066,0.42542422228643534,0.40670385142717114
0.28136602446719483,0.4123645812212583,0.21523518934801006,0.5319990049564234,0.6304071842861962
0.24347282159469164,1.0109702916490633,0.6447471137622098,0.6934796286766407,0.45698239151244935
0.8017561350918386,0.18623171357146928,0.730596924398505,0.5587017167998899,0.5933868983575649
0.16077687665434004,0.24948659588035832,0.6660768219420974,0.3825855471413596,0.5843205703694957
0.10120659915944985,0.8017497699982044,0.25793294196595784,0.6208598212653507,0.6034811983564894
0.3141959389690602,0.718587495606187,0.5927711950373077,0.4493361563244365,0.4217746929035232
-0.0851012024693355,0.6461045888807995,0.18563499872097394,0.55061077713153,0.5060811295499874
0.7513003392198321,0.44102136299741684,0.4628697720056442,0.6522554554516653,0.573997163008496
0.6375148295903625,0.6859329791267936,0.19417317235306042,0.657196334347095,0.6060136304131241
0.21703510404178317,0.4613535156202142,0.5297491618238865,0.5172727297046343,0.5758652175491911
0.9921774593087254,0.8816242151828633,0.2461184077502825,0.6378974412098384,0.6881188015418207
0.662860134914365,0.8855388431651989,0.9904978911106116,0.7024032319483016,0.5684140889020363
0.8720275349913091,0.587359097324792,0.5468864245069696,0.4859780721884075,0.7163364689055348
0.2837326738675625,1.0271197648338082,0.6543155585622262,0.32129280972695007,0.5836469830929703
-0.12054314754727158,0.7413465463316447,0.7414873207221768,0.4498838432722345,0.5573565958745514
1.1625033842645944,0.38461339408541384,0.30776560988966095,0.7788160984193718,0.7639684630344039
0.5467142195979217,0.8653982416413399,0.8455086792761272,0.42814848046637577,0.49128670365755184
0.9357832440885314,1.079394847609012,0.6724105332048878,0.40743568278779496,0.7687067326068592
0.3796398067125153,0.44156767569985944,0.624096614466434,0.7932818864847585,0.6430249642836745
0.6797405389254532,0.6950532454490218,0.5582787242590653,0.6367981544495034,0.265735134203843
0.4557540353839766,0.625862245919144,0.2921749761462651,0.6106326294254308,0.5266889720711821
1.1056807089257066,1.047983064155665,0.4463932588659317,0.5267010142706364,0.542282961377001
0.40872428440525876,0.6132238665682356,0.38199452633636855,0.37278557075571506,0.6211727829012061
0.7516272866125246,0.2982055767031372,0.7527601132734304,0.4526913453725824,0.5808572866421946
0.8129691080272792,0.542924327307202,0.6552367127233371,0.47189885725783454,0.5315879217609356
0.48945608661376694,0.3184657518715902,0.5150266500153021,0.30969650202331533,0.49964189625388017
0.46547001469432003,0.47454440472519505,0.5015550850195919,0.5457897780847626,0.6091587468393622
0.8331031372530656,0.3510827504349051,0.28751266623295446,0.3917948682695739,0.5020856140251401
0.4462702654107412,0.3140634217021824,0.267737060754254,0.4854385224046005,0.5778416703327011
0.7467233972539316,0.3822859117478289,0.46620943807134985,0.41203469056937514,0.5550435524528486
0.2912628679446813,0.7407984875829399,0.16022767208918437,0.502697115603055,0.5932243835074007
0.618694138974012,1.4121725799292528,0.6387782239070543,0.4018055895014177,0.5498873332649604
-0.00013684836613381268,0.5360736828999296,0.37528456430939794,0.7062974724985254,0.5001210910430858
0.5256379378637215,0.3615815262007642,0.9513815451137079,0.5117696214232942,0.7674486686558392
0.8210209564968951,0.7160064478198809,0.6460148018595053,0.6258283835027594,0.34804321727460646
0.4763738918530776,0.8318269817235058,0.5536308219489267,0.34238454152244596,0.5587055688738272
1.10445104602801,0.9598673472340125,0.5517010475835675,0.7160029052467727,0.5245888349768724
0.027755061084788535,0.27422475238180893,0.9160391193320929,0.5232444564810917,0.5393554104407192
0.47275040459304385,1.16970842747916,0.9311430339047075,0.9183875258203783,0.549785772470054
0.6620532402249323,0.08896408331915001,0.8988211460795787,0.3839264092197663,0.5928048133902725
0.22257204261160574,0.3833535284685674,0.38235199848618356,0.47345605171936117,0.5092938189468418
0.3971927543746696,0.8340938918389298,0.3235157394607628,0.6054412319599509,0.7067425434892329
0.4092846316935375,0.3445456845691711,0.5200246983325015,0.7581025051483996,0.5932734644597291
0.4045878629126013,0.7255878050054752,0.32609255476270993,0.6803049704934224,0.6182562583787888
0.47623598838426584,0.3083894599171593,0.3753056919157717,0.658135619323445,0.7109777709029431
0.37304016946643476,0.7195291778104831,0.10790114612728025,0.4821383951047948,0.5711020803141776
0.28790842084084667,0.2794262568153341,0.4262555273506667,0.6217753024380825,0.5546315546098275
-0.13121428616689135,-0.09404769508277766,0.44087739748996213,0.6489431798983706,0.2693961967344019
0.4195490203619465,0.41116339353992404,0.8880193423580891,0.5167002838847203,0.6203970478032949
0.6232480084223646,-0.09516569968121102,0.7503549342980257,0.6126357564427163,0.635404740035765
1.8211649583370129,-0.07947479940484437,0.9652334745227782,0.5341301361260515,0.611703927686863
0.5661883449225584,0.44642527260694287,0.4531620642446182,0.6326804862472234,0.4109554046089545
0.8189355549457675,0.4499693546960104,0.3288903954433319,0.5104283012001473,0.7221351369198484
0.41329476394501274,0.6959355694896633,0.41913579047459487,0.7024205492909302,0.6592246777344358
1.168165025175901,0.5280653893052647,0.7330993432756364,0.5990894230571677,0.7284664533020575
0.3572698245105261,0.8201759503464426,0.541048945669354,0.574435542658728,0.5948428242011373
0.6653510026467954,0.5488307349328541,0.6335969129090516,0.8351079595124462,0.6957622098576568
0.8614374016951554,0.44253233993968877,0.3877462925579119,0.7376328672896679,0.6845315955649504
1.0532869454588276,0.3965921435198867,0.5362589478346468,0.3283623805198853,0.5437079839697555
0.9037318548273867,0.4410697969580779,0.7318042246170071,0.5584674027741101,0.6248192657730874
0.2266577053114212,0.6165351834908425,-0.07924874649829539,0.5600387123032425,0.40729713916750787
0.9719595423867466,0.8364283810403759,0.6949413944708642,0.8310827912467456,0.48449849831374403
1.1441563520884666,0.8863764474573947,0.5386962213257366,0.7711489026852791,0.46790421675062055
0.3318583212434501,0.40013962399169645,0.47430958121127487,0.425536161073547,0.7293374366002967
0.5117366448410136,0.7050654522469257,0.4660591509575055,0.30573093632592385,0.6237869241529557
-0.010113524336984758,0.5728906035282901,0.2886300504480518,0.9088105194424135,0.6964880445416912
0.6290378807571868,0.9952147351708918,0.40635358998983906,0.6815272304921269,0.6179350812160336
0.6800870771003269,0.9989501015190644,0.7603868100763367,0.6422478160422745,0.4115745564707557
0.2940043023686312,0.5587936256563132,0.618476295207912,0.4188966980988254,0.8672312469148005
1.0781245030926494,0.7890051299341243,0.6147065304702162,0.5650454143583108,0.4921708793162668
0.6241010908806458,0.681108109554107,0.32193349374398256,0.652437530540032,0.5822411102348948
-0.0027011214170059583,0.3285229707274257,0.5081155917405148,0.899070226009724,0.6628251315779701
0.17928524844848154,0.7552997716072543,0.2556139114893248,0.7727900882301642,0.5489282642345668
0.5729922398192836,1.0218563146474824,0.314784078851043,0.38169882133271243,0.5373542143359651
0.931967827940573,0.12314418834911162,-0.02968564041957711,0.5322691246469112,0.6652901003316499
0.9841606963599756,0.4581401217670231,0.5126068184782566,0.7870523303040466,0.3955611275603567
0.4827445488183525,0.6658229269128428,0.7060539653614925,0.5249980897615134,0.609456227775012
-0.1802715934817739,0.39845018169014335,0.7080142375726267,0.4512922825945943,0.6132012430603191
0.7489211002308024,0.49928403906950347,0.6457244655725365,0.4553862234118013,0.5845077642916785
0.8015759047051605,0.6582478173807049,0.47745622964118734,0.6440603349252114,0.6885044120711272
-0.03863874138064671,0.9761410118186684,0.5344207642648792,0.6768854751352154,0.7434658849657712
0.1768493016313638,0.38626566729220146,0.5460891607309117,0.48668829806410635,0.8045824166217017
0.34067648639519627,0.43593229461663086,0.6573143884635725,0.4215350820869906,0.5673731631679862
0.7130001482325151,0.5073529105392698,0.591730676142066,0.5289178569123516,0.44328968455094664
0.7153103164016019,1.1685721783696883,0.6177283433464758,0.6492309978940874,0.6910623721137256
0.21321706735460833,1.1529970215658603,0.6598567088753248,0.8726338454436714,0.5326590342275177
1.190537275866354,0.8607413058099134,0.7392791382404349,0.6526181308123183,0.587829271397188
0.9962580610082987,0.6610023046970787,0.17676645924649315,0.43997392711168604,0.5958384298549885
0.7156479035315524,0.5997227661905349,0.8901877724741414,0.3091213257495063,0.6336712369563406
0.04372310950941727,0.8588607406351011,0.5974970079626627,0.684964780644406,0.5220335673944942
1.0242219566546364,0.9490418829395912,0.7501040925613512,0.5991411448014811,0.6844496349780399
0.39708156303207554,0.891171075375804,0.989455761350164,0.7898990134487476,0.5390485846685653
0.7359118124626937,0.21269436009525933,0.7496119861667284,0.6928682769261634,0.4125697995899343
0.255234313067761,0.5330862418328689,0.5553483379925941,0.43138752795443247,0.6661117666542714
0.7031465611910738,0.5621903300120262,0.4546235065065594,0.7894387795199475,0.8087037653887291
0.47170905685604697,0.43104044798334096,0.7344619977176442,0.5680152091617329,0.6090395437968161
0.8595244894228318,0.021834215542544277,0.9204069869522835,0.6371174255464257,0.5796192934498164
0.5984083093847758,0.6147457454969535,0.23951824690271722,0.8629971146269808,0.6312469727751397
0.7677172016797009,0.9285340858300918,0.39928876051007006,0.7024901080794577,0.5977044439865324
0.8964010592036865,-0.04405974631888576,0.6064704694764036,0.533314313984945,0.676957095717259
0.7782706529302762,0.40585867373439444,0.4703827124199961,0.6121318984924725,0.5293819810409485
0.8968892536660584,0.5138770624358039,-0.019391696188795104,0.5713660598209553,0.5145179015796564
0.11577692475112122,0.24032297021678156,0.6560961096649208,0.8417081921094813,0.6666467202846117
0.4408394210955262,0.7768021977891684,0.5299769184865194,0.5228066711251665,0.5035709627897831
0.07965672363059462,0.5103289309913353,0.6689754683878829,0.6183560899770553,0.5871271172695312
0.33556347064126674,0.8269789690194216,0.34011498380109717,0.7573354214153494,0.5225833655082671
0.3976947214551362,0.1717974315806583,0.5235187071855738,0.7898460755920762,0.6932846084790837
0.9460408753447385,0.8017526074796694,0.3898485605056924,0.5843342679208635,0.5494077222019975
1.0584023670599718,0.25917983758392976,0.837474516118492,0.7788260413879304,0.84219539483984
0.5090843626843624,0.8638946838469629,1.1488314993874478,0.5409809147908204,0.4670159215546157
0.04512826652774782,0.8650189723397865,0.21855445193345313,0.5807708284616075,0.6885327403234495
0.6991982869733331,0.7751781196049384,0.6903461634685742,0.842847080230341,0.5341684324697146
0.42755698140264037,0.3973052713718397,0.8272781742104929,0.7840071587080844,0.6920901659999033
1.0168962010183202,0.27011341087567164,1.015445287358146,0.88348781586996,0.7248876822219252
1.2070979320555555,0.11977338754805311,0.5263734753080075,0.5273819582856919,0.7243074842577436
0.3125609845569882,0.8841856434882287,0.9511058430043537,0.7545658746556397,0.6763689735242581
0.3332526659450115,0.3778478564786207,0.9250689274668675,0.7688715428718612,0.6412831307567677
0.5144920445919876,0.006029948553313957,0.4071967664417995,0.9488685405707158,0.5034873617001554
0.7075664282176598,0.9662294046782924,0.36703840843179497,0.6768529380476134,0.7525097925990015
0.6526012812921038,1.5557173389780226,0.27553851164290727,0.8160483275603837,0.6293288270762206
0.8937522357570231,0.789203224358756,0.48571094016333094,0.6858571584563158,0.44192995260854506
0.8414142601115837,0.744936636269842,0.7934594058113963,0.8179538477125445,0.6917517982799768
0.6984816380451901,0.37303337984107987,0.4923942474010427,0.8392908705484107,0.812238831934067
0.5773555213123972,0.6671999986471927,0.45037472906169795,0.8380817912825919,0.727048515209993
1.2675205069395181,0.3759035091160701,0.5691285178299927,0.6902484671706376,0.7259333813085156
0.5864545594308378,0.3786001192008582,0.8517433697099763,0.7686761670014206,0.5522120959105064
1.0842843046128516,1.0257049792606852,0.6856852653542734,0.6682411827551005,0.717601197639515
0.38416221977966974,0.6661534442228956,0.17536906471684882,0.7952364620517761,0.48207640706739674
1.1330807513871777,0.5532645178253784,0.6103274816386245,0.5584042122705942,0.6254539325450449
1.1072376569596825,-0.1280555150747803,0.9441967994794038,0.7121048638036727,0.5237095359125313
0.3196160238354792,1.1897816816199138,0.44823789398509173,0.47729893195958983,0.7868152910859896
0.7677204804071303,0.3640625509025005,0.7090994777235554,0.49847492084399003,0.783736234558627
0.9972966307986284,0.8298967934222344,0.7425315334379661,0.9401299547927584,0.6616265919975313
0.2889212482677385,0.8047987940004699,1.1291169633654483,0.5022150988753923,0.6222498967795177
0.795355463959049,0.6466174536851038,0.4440139056371533,0.8410449654957641,0.923052101913578
0.7266868777974179,0.3787731690747859,0.31830656181633105,0.7054542487784525,0.7880819035885159
0.8159269006231553,0.6649055044220367,0.5339005186042183,0.49297943281602774,0.758993701164193
0.9556266251470142,0.17786398935577263,1.022165469515748,0.757435296525601,0.8231461050412011
0.2432496080550111,0.23575614622880892,0.6343571173475777,0.7471648657202293,0.8685069132767753
0.8919504262160232,0.5919261106482856,0.4391655368333154,0.8631488353238728,0.560811323156595
1.1846366427739896,0.579739347235122,1.0253346334862716,0.7770181322368573,0.6543531083194601
0.5064231163308437,0.5628661341999777,0.7664451946755604,0.6828701838869783,0.6042805369578461
0.6192944208047085,0.696519910239997,0.19567225755837414,0.7441144113715599,0.5621355087983653
0.3079569433320889,0.13908753928471274,0.2715461157167227,0.45835760474152254,0.5934017197359839
1.291348447185676,0.5073759185716746,0.7134198057359866,0.7369953407667847,0.6883272069667891
0.650184902096681,0.29668959807782713,0.9991119375126172,0.9604175533600428,0.4865477135252071
0.35184940204230536,0.5871918761973884,0.45999846804698186,0.7556758540010863,0.594252368140442
1.361327520300358,1.0531611990004386,0.7242096749511522,0.8390574625664662,0.800320102937117
0.4993418233782121,0.4195671218517531,0.6951509977546956,0.8139143110623732,0.6932251028960408
0.17998860409900752,0.4248032982643937,0.6621378435299439,0.6667148961685431,0.8992155984680497
0.24139180892857065,0.8395610361475851,1.012655493320486,1.0388274189869626,0.6344666732714254
0.8360843186692667,0.8608547256025644,0.724391724691933,0.6650518820959854,0.7294242110526332
-0.11908484085222293,0.8973709927924314,0.7098959186663395,0.6465053118801729,0.9105278321918522
0.4692498057117799,0.5552188631256206,1.1280075391370794,0.5511222388718201,0.6211779242773012
0.6371901624844664,0.9495472707808342,0.7301497369173746,0.4793016707703339,0.6241854295516445
0.49262234908956426,0.6602652460643158,0.7799062215330359,0.750808820644603,0.48612053414014145
1.0221333673558035,0.7655549676206487,0.9952764632303805,0.7559196080394583,0.8088173356196002
0.8342212682721901,1.1124006501250099,0.8034654790295119,0.6712049268658729,0.9407526121541846
0.9688259107722964,0.8691216042065375,0.4022973441513951,0.4839883677812029,0.7204142734944783
0.734706531967034,0.4944860818955785,0.7202133786870887,0.9398726609333978,0.7664370489294905
0.3288711176443798,0.6544275023911189,0.5096937126101788,0.6283889504642927,0.6434460524443545
0.539645895156015,0.2937820359628311,0.6621462361386148,0.6020508403845889,0.3631683703185517
1.3408984486949176,1.0359908871515549,0.6075482916002176,0.6946672447207063,0.5606967533549309
1.2289273501264661,1.292668058129796,0.7277304754934035,0.8545270972229461,0.7122903503553544
0.2709839943800809,0.5634637097327884,0.7231936838772367,0.6218233888705491,0.6692475141013007
0.66579161680866,0.6691186679959022,0.7063800484100846,0.5269983093083261,0.6145298521739351
0.2894744830930142,1.0049081225494891,0.2248587258387445,0.8780943442785499,0.8506942703379746
0.6011388047415255,-0.12648752922250728,0.6159051989419455,0.6865482897276828,0.58370838081163
0.5347713360129337,1.1815879070039463,0.8463799311969706,0.5515112754831364,0.5190806804970677
0.595286742902142,0.6311977382235605,0.8096522100311517,0.6140576946353244,0.7558860897472687
1.3116491386864046,0.957583766211696,0.6889467825668892,0.6707410675466422,0.6598224310109949
1.0740521389135236,0.5023267710951957,0.7108128058457659,0.7087957997690031,0.6445995224426283
0.26768998755923695,0.803835207461114,0.6880607989050895,0.780796664762272,0.6420433738010669
1.0887602947321273,0.4254424885679452,1.0855265482309082,0.42637710804647533,0.7513114736492618
0.8540480863349584,0.45212646936985273,0.7986010731333083,0.9060133689612493,0.45585582277381004
0.8636865720540903,-0.08373675688324467,0.48877549028901757,0.9622985247259039,0.6396594959670704
0.334492266988731,0.6431122998584334,1.1681036200293426,0.41609131316237413,0.5881656843134621
1.1802361826414334,1.2941637687278882,0.6835787818557965,0.5107952726581437,0.9410291337190309
1.2119146632931002,0.92240959689162,0.5260490199772503,0.6999554882464625,0.6897789056030269
0.8133330776510492,1.1675556519762003,0.9053523371642049,0.5383605937162712,0.8626056903602501
0.8087307868141416,0.9269789914407556,1.0376382150225005,0.5339534401836549,0.7057042882436637
0.5426500251949052,0.2149100271989493,0.7882374185509138,1.1078226694769584,0.504983764680743
0.7015036861938792,0.9142691731082757,0.7392328342568765,0.6938245960512676,0.5664549064044648
0.7863263443910167,0.4734029308589487,0.2230313329392843,0.9015943273097882,0.8198635048046464
0.7300503490135782,0.7861534906160067,0.9539385243021616,0.7491849279596723,0.8147859489786856
0.6206425829026049,1.129600401414373,0.7864445836544245,0.7453970210235702,0.57271756821784
0.8064591244669983,0.4526284707297227,0.5729913591775535,0.5867935090122244,0.5965070263301394
1.388628430789233,1.1377230941002618,1.1461239443743207,0.52336003666313,0.7246831281393429
0.30867469107368123,0.49771968087233176,0.5124182830280894,0.913713158291326,0.673417892970798
1.0565699286713355,0.9097585180374006,1.233828003249628,0.4847980479037231,0.8595052749032475
1.0822561550369412,0.411910304282365,0.944921579995735,0.7728689050775182,0.694287100693558
0.46016944233356977,0.49331834536735086,1.1790726394485849,0.72082868387748,0.8081655132540385
0.47161737711289287,0.47511056671640356,0.9636608801322231,0.5083349864975174,0.6752994112102213
0.7334831349094313,0.7579418317980853,0.6826762467617358,0.7853073252833416,0.8001863511532539
0.9560365135564208,0.41198518757780656,0.6601847122115337,0.9126323190893377,0.8237483200884329
0.29058844732776634,0.8358724284129222,0.2823801114838698,0.7321457843381096,0.9369015274697741
0.42597572932012395,0.461889612913558,0.8965679785688487,0.4817873874446562,0.6549815627293327
0.9153379752247458,0.5261479300958104,0.6739622335213779,0.8443928190640152,0.7738570116485545
0.812103113120418,0.6204878469476252,0.8104759086848047,0.7081638732221167,0.7789119509414681
0.5715850245634473,0.6709953498167012,0.5073674368285349,0.7231935395757983,0.6380560756844721
0.37743730955601396,0.8115255666713901,0.7772997897633094,0.8535129358677523,0.6815284257093179
0.8597683709027288,0.9049082165383291,0.8301851776230181,0.6001834209226825,0.7474300757164538
0.8468830040698072,0.734001762285456,0.26518114396649883,0.7571073693607396,0.9791002220527566
0.6188783190953762,0.5024945385899219,0.8162160086143653,0.7821240645568236,0.8660845781840107
0.3359608968469465,0.9650164771143542,0.8657561201711155,0.7112583928218643,0.7716001270332328
1.0602777743499032,1.0105850786232606,0.4791478465955444,0.8644131303237884,0.7275023288236174
0.7587805489516742,0.7588826566793562,0.7021403821261708,0.924161235513578,0.7263757832777139
0.3827051656053273,0.6122916695225015,0.7766940901375665,0.9310926593332995,0.8041647723574573
0.4687748666210515,1.5236237932166752,0.7969432971487787,0.9393947196757351,0.7207755484054097
0.907401741176371,1.0042019885640898,1.0111353572700665,0.9059233472721216,0.8362533278354671
0.6401005666326788,0.5589377661630052,0.8141130400309267,0.8872802426017471,0.7148388083930955
1.077577691882365,1.2000984890444848,0.5358451543154157,0.608411958493372,0.7250463320378472
0.8390174086016902,0.5758590868520634,1.044103452672167,0.8087925998716176,0.7461520558106421
0.2886682818074969,0.3266452466242505,0.8055783213363799,0.405549767404631,0.855959046968915
0.6937311068509102,1.7692997885035993,1.2598095060191503,0.7150541268367554,0.7318549054345643
1.059575262805268,1.2833352143201933,0.37847031259006064,0.4622939834065438,0.6751991392652217
0.9300235498468681,0.9028709712647283,0.9849539151190202,0.556056911100304,0.48679298958237743
1.018074658937879,0.48484808952347935,0.29539913909360965,0.7696833389041314,0.8354264845946039
0.7091498935306142,0.6029633754108448,0.7121132693353128,0.6891534682085737,0.5970314987892237
0.5227468748486631,0.9135919285807368,0.820678257290832,0.7753213372478042,0.6374877660922551
0.6923534102625958,0.061301333639782296,0.789658345034261,0.9756719901986618,0.5849367669966075
0.5654641515700334,0.8548234521632528,1.0308948803197278,0.6798802162075754,0.6733548110664929
0.12912358496666132,0.7844617603038151,1.208373835850252,0.7956059751582296,0.7492608861555475
0.8546041223601375,0.7492451531234364,0.5709572124469559,0.8829247370233985,0.7779936583718414
0.759323553065026,0.44531593389883456,1.0452269882553828,0.858852485864728,0.6919353248272841
1.0715595901747392,0.5974090400970755,0.5798934579650621,0.6346351449163454,0.5567432708788964
0.9048705492976669,0.17669690162564478,0.481067364430703,0.42757647611463523,0.7461328715616077
0.7092212534183598,0.6534463430946723,0.523629297045914,0.571410326207356,0.8086748858363788
0.583657950317328,0.8577990430379694,0.5598101338411441,0.7863862910854481,0.9034686720088191
0.9441206603324404,0.6283420583496868,0.8162701969046394,0.720706253508888,0.759639790191392
0.6567925041484464,0.7077924047247054,0.8071852752647317,0.602695958548664,0.6461810540571428
0.3216650509434019,0.2547106043622547,0.4885680759968661,0.785973996905818,0.6609440820556107
0.9241809163794965,0.7727392129798543,0.3215908382375375,0.865322494658761,0.852411806142153
0.4484757893722181,0.8956389956716143,0.5712439346171906,0.7782058052853373,0.621387542993188
0.1967337160483773,0.6427063390996104,0.7360971302982685,0.7008850832127603,0.6313851229826305
0.6383055777148066,0.8499232427734273,0.7547263780577709,0.7936207113658447,0.6898436077161866
1.1362955043383647,0.39382709909847696,0.8747875625073552,0.9526391557667295,0.8195329250815809
0.7027229828777688,0.5997045719072397,0.9984430086055177,0.5417746759100289,0.6583035771252373
0.6420489637236748,1.159148250608132,0.852686392751952,0.6147062939598826,0.7330743116086367
0.5745027332987576,0.5443137814114152,0.9876551283085406,0.5518771361107964,0.9486359364848859
1.0316789944456708,1.1147305188981729,0.6662533479338638,0.7460620604550973,0.6095385258020485
0.6048579498710187,0.9268781404243468,1.0605792816977417,0.5957139073668943,0.7299059647068302
0.7239267573575517,0.3303844705320177,0.9040014820732458,0.6572988491593945,0.7499264664028027
0.6298538325403666,0.5231620204779711,0.7711974661292709,0.7386819050915739,0.7311977976355623
0.543413982520796,0.8748163466027333,1.1435338358854008,0.795891887341271,0.8851431758821252
0.33514800111586757,0.8246633222862445,0.529395759017377,0.5412524395707781,0.6921105383898697
1.1526874396143358,1.0761971589566128,0.8301132835124837,0.533434538762401,0.7538309318172075
0.8721826965990328,0.8322862065114356,0.36449199786268877,0.6360051647146554,0.7696126649526404
0.9473678540295369,0.08330118302391576,0.7415257547822305,0.8003957742429167,0.8727672858188289
0.9978795848100065,0.9630040054711704,0.5999066436846636,0.47709715208985076,0.7348341446021286
1.0965235742368507,1.220428792064879,0.9386633891887097,0.8476645244069915,0.8222247828170366
0.6049205918525354,0.7396521047028253,1.1539960726728824,0.6317492745243554,0.9613185380133874
0.6799475378922331,1.2009202166479043,0.46720838248143104,0.8744213700988703,0.6994083763932496
0.33523600036367357,0.8518893148130251,1.0085075368496712,0.6491858110120454,0.6151877034356767
0.7547399191377979,0.756134305093628,0.9063917798447063,0.9339278687459382,0.7771409645727453
1.371546452859012,0.8556940371125364,0.7073214631208681,0.5299736119074134,0.7554185576665629
0.6794108935211941,1.0894608262091299,0.88920026797518,0.5993111544642242,0.8050444116576655
0.9991435890333349,1.2699927299696732,0.9852387069306463,0.9070872056739389,0.7935046052095465
0.9105828257803635,1.1829159311651873,0.4897697018238124,0.7325365788856654,0.7014119758122422
0.908687532501868,1.1778191990992113,0.6553012801960116,0.4108484836762131,0.7427011084082726
1.078655547380718,0.9598032929434797,0.8855351455032916,0.7455189616140673,0.6467898062148375
0.953741162959258,0.5269677177750574,1.279169667318184,0.8809959007880164,0.7258723370142658
0.5984548008344341,0.7624002529701693,0.7382375339535432,0.9683787167157858,0.8126337531744332
0.5614305224507345,1.3906026274469463,0.8038184709064241,0.9143570193711696,0.7247910019746047
0.9086210375612461,0.8921754112785246,0.3712553667176584,1.112436766838946,0.9380922312641131
0.6691906072975974,0.4462264972224798,0.8725119342782219,0.8085029046971017,0.8345597921184577
0.8563778878135754,0.9558832529101626,1.1194231886020913,0.8856207995082144,0.6784407433698415
1.2276770037675853,1.3156046751033876,1.5016181095272998,0.6191567926644943,0.8239518313925974
0.139380376261789,0.9727189197936936,0.6752164845991421,1.101921281173786,0.7111932113302722
0.2646322203088761,0.6497721188717026,0.3570663042826916,0.9175580500764549,0.567915495268225
0.8087988771235929,0.1427380098032941,0.7281790334010125,1.059640701265269,0.8401214598594199
0.5277401471329137,0.7909333912016631,0.8048294958641306,0.8755302200097136,0.6479813900052992
0.989188027025231,-0.05340192229457519,0.6609553340955512,0.7245989286003471,0.8726098935552756
0.8099593067878653,0.3583247382860248,0.5825516441331179,0.834216870588493,0.7939628052423346
0.6206686803672014,0.6517508087210201,0.9594717003446088,0.7219494209028333,0.7939549033102272
1.4909990044517143,0.3545968250260407,0.3907201816608215,0.9287012093913779,0.7289302039291962
0.7051702633450355,0.5587824694395993,0.7477127282737887,1.0585568738463058,0.895486493813668
1.079465821778018,0.3589564887808948,0.5494010060582968,0.3579090557892291,0.7163152800255252
1.110343919179735,0.9712806496331032,0.7582759364199343,0.804281823356957,0.7307880627120362
0.8735592527628294,1.051000786169783,0.44748553874945196,0.8561872682672665,0.9130581966111028
0.6785435727579795,1.0313907990273328,1.4391856769110634,0.7933117656467087,0.8537828748019004
0.5774166680516666,0.8681274610484119,0.913730674968283,0.84161808980537,0.6968054082504416
0.8770691337493367,1.2741987669913835,0.9121298184710189,0.9639153416803148,0.785313067990343
1.0499520902612647,0.9011250574123766,0.600182709601355,0.8631754057013061,0.7019377551871996
0.6136794983308738,0.8736846814726307,0.8802796539338626,0.6257796509607949,0.9316530053979363
0.995699082349379,0.591960115973044,0.4710004022117614,0.7919033891505491,0.7649567918982013
0.8515939697958173,0.700988245255098,0.36693481556339874,0.7544127734465887,0.7816465604372256
1.0171980270930576,0.5960266934808814,1.1921798849936482,0.5145599064369153,0.9634097995655655
0.7468819307818386,1.0896424217008893,0.8356619721238872,0.9979973685225451,0.7745094335859203
0.47140453606437055,1.2680217161998877,0.7934437749865139,0.8538502893969611,0.9568682795764257
0.49348691898293146,1.0081305760636436,0.6879153423176491,0.7989220097841674,0.827900853816951
0.3464090130458341,0.5745309226785544,1.1229299038201248,0.960939950735809,0.8138175031715432
0.8987042099736414,0.728774171597208,1.1251630886076411,0.7901432977760403,0.8477425557247863
1.185229375092823,0.5769963748048096,1.1713786807354745,0.5808356265337585,1.005022352031115
0.7059734564616703,0.747075740983951,0.4012047017307164,0.7519144650875202,0.707569919482606
0.6326701784990756,0.781403284863793,1.0389935406488937,0.857649796840339,0.8592241204295514
0.47939217686306207,0.5473069276605607,1.2280329672121348,0.7095803354276013,1.0109955376506368
0.7499641268993561,0.8275503357622763,1.0661677527289846,1.0279306764285303,0.8144376059495853
0.7050545943411559,0.8101442293169888,0.9033974284913099,0.9687553146985248,0.8283007404401359
1.0245378602711217,1.3469236668968132,0.9140922501786434,0.878105472042408,0.6590094359957446
-0.0020800843327953844,0.9526450190594462,0.8086264871240105,0.7484355421935993,0.8570573343865833
0.8117294944878065,1.187466260046698,0.8500858063336912,0.7127318899189824,0.9415347817977444
0.7631689570687596,0.99833735103544,0.7250795526085037,0.7290851796825649,0.8412421260438852
0.8368896061216787,0.9845674643013687,0.7727618162061105,0.5424788568203947,0.7844472417033219
1.0848612743216333,0.7397952606279401,0.7787408301788116,0.9897936532908982,0.7542328071182909
0.3469576197262945,0.784038814754504,0.7265702480421503,0.6820578772760534,0.8152269273759137
0.9912635686493463,0.8328985347617356,0.904478890469059,1.1225607685254697,0.7975008137113132
0.9248584037443577,0.6758094327561905,0.6475850501283417,0.7443548165536107,0.7833100013001774
0.9515140662332865,1.5806808260704646,0.6777256580023061,0.7719635930074078,0.8307804704247698
0.9640014245583586,0.9221809233352242,1.1259713873277941,0.45519256686567944,0.5719719664747251
0.6830293932885569,1.1868366267966441,0.48975029708895457,0.36429141194916365,0.9036996388225457
0.9178920203662152,0.4960866718658811,0.6204674866678409,0.6875108958063749,0.8531990650301534
0.6437835612322707,0.9980785712089945,0.2035279149780823,0.7063616662834794,0.7159451816953419
0.7617808027818689,0.6726972021651392,1.0212461355700742,0.5488558860553331,0.8479289445164621
1.0204053236419133,1.4309673149887197,0.7361176977827228,0.8951452536535126,0.6421658525312413
0.08844187794482206,1.1119859584865606,0.8436015253876502,1.0311840624035697,0.6912937338332971
1.0102533379763976,1.4368179366534397,0.9396948729283209,0.8895772216631613,0.8468024447630573
0.35009051298264443,1.2755166479794169,0.710254926128926,0.9266126534262974,0.6720942988139684
0.47486995303358326,1.3016623301428094,0.7701886951627467,1.077630876445843,0.8391013942688751
0.26638963087499656,1.1309453930480136,0.7169449166582043,0.9593212501685737,0.8516675095284172
0.36187301992761417,0.9018044164712454,1.340940273811034,0.9277978530761398,0.8434191695681869
1.1909042925526272,0.9174700689722266,0.897704129098921,0.6782497560910413,0.8769958549543342
1.1792878102622248,0.5874657852420313,1.1703788008491083,0.8373518562790022,0.7525962030442538
1.16833181584408,0.7621605523788335,1.022685544687057,0.8067217626052302,0.8461640866646266
1.009931294665301,0.9458435805164128,0.4076393826187265,0.6765696523086471,0.9577650491018193
0.8130695965374332,0.68923647498636,0.5510684697967999,0.6841335524727046,0.628810895066278
0.8238280804402903,0.66661327664819,0.6397202328087238,0.8450845965787174,0.8965490094758661
1.5187841627906722,0.3787573406104841,1.1161023393213163,1.0107177232305038,0.7697516405557154
0.9221267097508979,0.7131415177647972,0.8993790867040315,1.0964724223556817,0.9255666930459162
1.0196949485039284,0.7227831039133775,0.5270137003356147,0.8258971406064983,0.9937617516829242
0.3769269802377928,0.5262113060132265,0.8880941840182988,0.7041722684048398,0.771253044784256
0.7269072276730585,0.4290147199000967,0.6430405942101213,0.9720825802006253,0.7146924756209843
0.35657032639000297,0.6626304700490544,1.0255320878735652,0.8307257901504354,0.8099201182755288
0.8768903463044165,0.310821701250666,0.9734824099323076,0.923489264559548,0.8171007842706256
1.181965125010823,0.5073182912992447,1.116071981998697,0.8882914572313332,0.8262361404153037
0.8585802695497106,0.8309447676001516,1.1377284156818999,0.6946269472663065,0.7796126222207043
1.1935736143427345,0.6775411837276917,1.0672311835559172,1.1345702880636024,0.8209438162027233
1.0823325532478107,0.5020373340678941,1.03563036280309,0.8983985676562511,0.9197541546103652
0.6637200537252537,0.34258717019544205,0.9803984505275697,0.5416151832175284,0.8323870042005015
1.1664967079024138,0.9295522611876883,1.3045315285900436,1.030952857491043,0.7957608065351917
0.8785071189626596,0.8548899384295948,0.5160843903436161,0.7211797456076189,0.8071748945132997
0.22696141013505566,0.8858896242364795,0.8151767132783242,0.606363120273395,0.9160632430778748
1.0982507106778363,0.9436664779321127,0.799408024960715,0.9653870870602123,0.9479228201571365
0.9700824169909312,0.6121075830877711,0.9347226843040208,1.0618949606363213,0.8061677162524961
1.537300544326564,0.7076547778703317,0.8811203023515025,0.7675445650220811,0.8988363121994191
0.3239360011067478,0.7022012966832475,0.6306691505100686,0.8962737465800693,0.9860574714590837
1.080160969260166,0.12589133443854672,1.3324965317494901,0.9225637338619368,0.7890606327452505
0.9265650876782567,0.9325929908418065,0.7277649706956556,0.908170249662418,0.8089594103985613
0.750007388267395,0.6608573599140812,0.5575228385508618,0.9009366484678738,0.9433163442400205
1.041699368224826,1.1381620098205105,0.9514035546218591,0.7946475817782096,0.9727561528347941
0.45059514092699104,0.5950625806726615,0.6642781895186272,1.0506517372571669,0.9852868401810415
1.0349803273599254,1.2198548674835377,0.6842672735890447,0.9359986088798857,0.8668859543354092
1.149689517673048,0.8454447802308959,0.7958060352878762,0.9674070281038915,0.9798405727633306
0.6715335749883905,0.8635690597731424,0.6462083621858142,0.4879047554151122,0.9052949510121654
1.0764366644079728,0.9667566854685402,0.44794863116088146,0.8284097181432016,0.6358650644234534
1.3180224062691561,0.5414442706093321,1.1656016658799775,1.0344400070675748,0.7841958224773282
0.5276678313689942,0.9966826766925737,0.6970892916680452,0.9020901306062484,0.8319041201630498
0.32363514055832654,0.18155096802715742,0.9375750257931242,0.798096811081095,0.8250495654727412
1.107939355176416,1.2589629175770782,0.8269450355005135,0.8340345037907232,0.9438055789136665
0.45978818505400687,0.9594560808715862,1.0122943437711758,0.9964427284814263,0.6723533539687919
0.6491282137730617,0.6121586634748437,0.9122252919023321,0.9659022821322565,1.057227200573921
0.7343690627786441,0.7335446513191514,1.1479653694951208,0.9377838222526667,1.0326186384307232
0.9831957032701952,0.5259794885352369,0.5937953294903286,0.6465762656580594,0.9659115372493121
1.2687602109524083,1.4777125514196237,1.0814169764196244,1.076753815698936,0.8280450954992044
0.5282031035784469,1.1627125821213817,0.9872901493839485,0.9108823411283425,0.9372033420558993
0.9970951180217273,1.3008734324611386,1.1844624746481982,0.9809436880156371,0.9894585308256599
1.0584567484420964,0.7500612217800046,1.065068900143977,0.6754068657224654,1.0137245534882144
0.5191555761988178,0.9872758318002649,0.7079147266475047,0.9843953778248747,0.8931039413305547
0.39359178390586536,1.0309348023789795,0.7686708836371552,1.0372194274258348,0.8980461144042549
1.0239419937443348,0.5960890074473604,0.7671202058185769,0.8263817632472711,0.9946811480146501
1.4303331091444593,0.6452822355863861,1.14069046518981,0.5568437785076097,0.766385465957294
0.5977085315958843,0.4732000995207,0.5467997721064546,0.966201762577261,0.8769674047055821
1.021880423201296,1.1202485369297532,0.9612956671731901,1.0059033917829883,0.8941279559684675
0.5275426354422201,1.2374131181647947,0.7711734253760547,0.7549721391772708,0.8830110796673529
0.6152477460989914,0.7719008267398304,0.980836699558033,0.9589815689100152,0.8035234508653609
0.7506789243429146,1.2446388309615561,1.015903345634104,1.2330014957713207,1.036847245837342
1.2677631466451678,0.46702333467024054,1.0767102730628284,0.8975089832754493,0.8443042675520579
0.9600380227000667,1.2058090389104434,1.0188962551833858,0.7680080030555474,0.989916336971594
0.7062850238370592,0.9764291265515448,0.8400767707221058,0.87330211498649,0.9935764768815205
0.5799707726667829,1.5240336017144607,0.5017016845268703,0.8144093507608375,0.950299856508329
1.0946862734137388,0.8781366972545875,0.8970769585911149,0.9748235780704971,0.8840755569538735
1.3514735077641942,1.1763364062125823,1.1060803690374845,0.7581481197841233,0.9020350152310231
0.816896236183834,0.5939128353741732,0.9924470717482592,0.8269026534663413,0.9851882877248537
0.57448862576877,1.456521285604098,0.7124868374064168,0.9475876570004955,1.001445475245104
0.7334615654728449,1.1834881686261203,0.6390601057629647,1.1435138819169197,0.9154958498286685
0.7263130677459593,0.8203053313872293,1.0957947623820734,0.8225044192756235,0.8311341782643397
0.8458598925710392,0.5437278163082112,1.3230019093340177,0.8263610677839899,1.0088934991723804
0.9831571735162122,0.6055799135654953,0.9155854034583262,1.0408786406431318,0.8958686597775245
1.295213359390157,1.2409494485291395,1.1233935259729542,0.8452398008027178,0.7971878620064593
0.7248854812194212,0.9809757531869987,1.040960538186374,0.5755633318821974,0.9180118354029672
0.9699121224752031,0.8321527197744484,1.2086575280805825,0.9866092052353044,1.066403828421872
0.8526282080227331,1.2173773340674527,1.2865328815098231,1.128317865502128,0.7988157787228417
0.8417025026287807,0.8127712582096729,1.0313225617949944,1.0304439476219023,0.828130869674516
0.9443753446287783,0.28416581515883654,1.2453516282018584,0.8419094421760407,0.9291687012720856
0.8260040866217264,1.2863296637641102,0.2894381949681176,0.9212975982006752,0.912093027170953
0.7814725034928587,1.4708056890902441,0.7265120260809642,1.0469566153987093,0.9647551975609585
1.3248533409424632,0.7149422121359167,0.7620290975425348,1.0992297950458558,0.9734782938111897
0.43837484115135444,0.7563837070015285,1.0133247148600304,1.0593890810411835,0.8509866312798753
0.006359266666927765,1.093385627081763,0.6550559262215105,0.6089586572132564,0.6112642627929524
1.1863322779297247,0.9696013379412729,0.8784706282460122,1.1485529645502666,1.0001839946778337
1.4410488816528013,0.4895083029141547,0.9222041755473205,0.6743051005052534,0.9042842055866179
0.8523116948979257,1.129083561598317,0.9411193244861314,1.0295002542595348,1.0095779287209343
1.6133802135064221,0.8322263749982197,0.7215128592258859,0.9708411678943594,0.8422342980482121
1.401570076060215,0.8433715251816122,0.8064662124295658,0.8584113741388164,1.013254442688075
0.8840499578307458,0.7310210688769749,1.3063179433605185,0.7985615959122053,0.9379103418954622
1.1412122520176788,0.4190614773429122,1.042324447740113,0.7681077633727342,1.026924846367992
0.6315189569829496,1.1550087392431487,1.183207726736137,1.07214100996902,0.964033991402826
0.86379315647669,0.754657062024197,1.26587029352968,0.8263370315304019,0.8209894250538714
1.1483460698403722,0.6861773752224855,0.725497281610392,0.7096840625187727,0.8839469765360765
0.9127821517161215,1.0158112929142553,1.1516574819063057,1.0222488155988112,0.9175987760420803
0.877264963964185,1.101265896651793,1.2244952789845664,0.9599119684993288,0.887489515922089
0.6269691434635876,0.48392690874008926,1.0899233687445218,1.0323273696090647,1.005492145434311
0.901256252645068,1.3868537735667579,0.8336897556362903,1.0929832703552635,0.9376103545998542
0.7505655396737609,1.130317478323309,1.0345403636846011,0.9993852920388662,0.9520301467840219
0.931961099365137,1.699213483666546,1.208751780090393,1.058232911053022,0.9564434698224454
1.263436016517402,1.1087492758916053,0.950804505798577,0.8969472107343204,0.9358981115663412
-0.05663070183306107,1.0125437788783103,0.8367193738950063,1.1977691837254647,0.9481086788107785
0.5709637009116655,0.9311734572384367,0.7130271610573871,1.0217992316902258,0.9794758511738213
1.2508434346957076,0.6978491657769813,0.955552389443097,0.7321190514819189,1.0263774488602004
1.1130304231900485,1.105736263128429,0.9493109753661314,1.0145303012781917,1.12831951420592
0.8597952299413237,0.9937934066635841,0.7070847262379594,0.812665837847014,0.9608858085729373
1.3000453902555398,0.8699078384249224,0.8981984112951779,0.8866167450035343,0.8911633375794816
1.0452301164294873,0.47847751166547775,1.2383787488016125,0.8467394485543172,1.0326632152836377
0.5513441336545699,1.1644587732579936,1.1032043349717182,1.0137006344176853,0.8417724642775045
1.0328680204641003,0.5798387395829947,0.8974343718930349,1.1167184565657382,1.043027937290717
0.9597562229560781,0.6466940491523516,1.0993127559409615,0.9580193977048989,0.6955357846101391
1.2034452375501743,0.948292861037086,1.2248322289679165,0.7827784812770744,0.6007896724215034
1.0452110220128146,1.0491574870857527,0.5789112882611333,0.8022425942380133,1.2649996653455218
0.8613153961730668,1.1891074821073633,0.8124659975355595,0.6274520499565308,0.9389225072796789
0.8749674222157994,0.832506356866112,0.9333244888399925,1.0007434415447742,0.9421753735800323
0.5602461132384611,1.1137050904669539,0.5240671841280574,0.6357699808334865,1.0426028516496915
1.1212948489435741,0.9428109528838777,0.648929189387683,0.8490304133068404,0.9315849815262606
0.45729597748002426,0.7282605804128532,1.10782745995681,1.187638755348476,0.9150677310084454
1.202185585266097,0.357684022819057,1.1104207432606268,0.835847557371938,0.9973252475402438
0.8856177702187514,1.381515536495241,0.7684342088002482,1.0631972326720023,0.9327140795564852
0.9149043773057414,0.9068252590577297,0.775866710125753,0.9627357227190578,0.95796068079827
1.042252830792973,0.9926888394053474,1.1444029718266948,1.1119854992409466,0.8485027076482858
1.2416969540056484,0.5918144488776204,1.0984155396519157,1.0649562726672561,0.7532752421519189
0.997370587383892,0.819816488652464,0.7983028983971019,1.1815564753457606,0.8948844182710223
0.71397019410645,0.9929058107455583,1.1222714967089784,0.9465723610122558,1.0993731603224675
1.1378792173621861,0.28115907041871147,0.8515775577457629,0.8811349340038709,1.023564153851335
0.140930937030893,1.777038616714007,1.0897120155719418,0.9945104605282801,1.1030742576675912
1.7131004574092166,1.2473262381568202,1.1841330301372328,0.9926358792105007,0.9561489117172036
0.8225132426343136,0.7117334233533628,0.8193519501300836,0.759431325230524,0.9644902869088111
0.4412353095466749,1.0343470798996393,0.9658502030493163,0.9972064845528938,0.9155978897858043
1.9479636561828966,1.405081387612976,0.6966868118672772,1.0117946525067858,0.9069978216577095
0.6551693183299181,0.5522079786228968,1.0726225661307456,0.8682403012039364,1.0841822149816611
1.2912385065852037,1.411446853710791,0.7863775017706862,1.0521388795321591,1.0476875080304051
0.8280296729709101,0.7339222560171867,1.3378777399645574,1.0139482342583737,1.0490813340824323
0.7190157182626018,0.5934073759916336,0.8516461384253505,0.9593694758426552,0.8599955650660349
0.9768667781336061,0.4460277564492374,0.7295297625133741,1.0860603625990621,1.0474858123555468
0.8570586669087876,0.6591356471899055,0.7512465628272942,0.9219620892114583,1.053040338984706
1.275519043270553,0.8249648605140554,0.7240532343786699,1.0243317796041287,0.8899079731735974
0.8190971087635738,1.4020720804174163,1.1679316153341759,1.0079609149086444,0.840778115564899
1.0508334482588582,1.3200257250912288,0.8999897428550667,1.19761387913917,1.128517301231752
1.5111035017425825,1.0815113369799898,1.1163297620035244,1.2085876284441601,1.0350051477853597
0.827481843828044,0.8441442868279246,1.039328495286726,0.7819303083012027,0.9699691523291247
1.3337456325171415,0.29405167685719746,1.3301076159739158,1.164449932894684,0.9355837402546859
1.1598232555599304,0.9889833866356067,1.2630221955378786,1.1433638354582598,0.8314553224707629
1.1746976700644223,0.9239637522005475,1.0075109148319406,0.8738549022290296,1.1844366550160608
1.3188864158171885,0.7560538074431427,0.691561985935637,0.9290097927360094,1.0385688626431746
1.0669507484062943,1.387266384689822,1.1676224105474045,1.1442933144974727,1.0275345357198842
0.5526571582073408,0.9301066826746307,1.2290352640605766,0.983845501698995,1.0482392051453981
0.8921959253410776,0.6673378927109351,0.965412421810174,1.0418576842447091,0.9196848773566131
0.9194555536079219,0.6969096317258308,1.2442647659084407,0.9474364507875642,1.1564170016735895
1.4784275125745894,0.9693660106263585,0.7694990032150572,0.6651855819875567,0.8304162469606086
0.561551278442159,1.4319063668102103,1.0218951610465266,1.0575978801378272,0.7477453802636155
0.6181667493224539,1.2775162529813224,1.0611216379444597,0.9737217987846807,1.0601482925170562
1.5152826838875715,0.9280982335588182,1.013509557430917,1.0284502446740615,1.2654439857032418
0.3351242574283164,1.2150530866569529,0.9733284357794882,1.088613477405364,0.9255025131352563
0.9845158976786867,1.2249677782651176,1.6960678817386565,1.1277617395176878,0.9051833836712385
0.9788120158988648,-1.0226707054191928,0.9102178413684993,-1.0165045095850718,1.0366414540910873
0.9362883940461603,-0.9475758674474704,1.024388741054217,-1.0367116660985518,0.9929235181331076
1.0799160903820517,-0.9633226093247067,1.0004391827449073,-1.0118841658480493,1.003830453522583
0.9744118221028848,-1.1052374752859508,1.1021088955267366,-0.9922337500400299,1.0199073632561269
0.9971046125061546,-1.0367558400362293,0.9907037759525614,-1.0799697381097155,1.1138543249026651
0.9382744000788802,-1.051598314192359,0.97798703978068,-0.9355962137573811,1.0007254499631326
0.9381932101984769,-0.9372830819621331,1.0365500313392741,-0.9730782521391774,1.035786712058542
1.1197180950291226,-0.8907452552481944,0.9656642328498353,-0.9188057503594423,1.0191584094879451
1.0249547908068875,-1.0846135415821665,0.9914807117305902,-1.0406411795168282,1.0414029407446654
1.0535540250201403,-1.1037243175508156,0.9988982567997865,-0.9439069247602874,0.9906660518843278
1.0364531822501182,-0.9824417266186458,1.0170830115976313,-1.0135657489034149,0.9391709597932145
0.9439234926287486,-0.9645323742772342,1.0009729127759441,-1.0069256122303611,0.9788054978838824
0.9847405577259624,-0.947654410275593,0.9832377959065987,-1.0670532356650784,1.0371825887770088
0.9897561668067641,-0.9984302067233611,1.0803789153199754,-1.0010280278675254,1.0144591836559362
0.9410538254350838,-1.010983472617548,1.03047630226043,-1.0777686866920622,1.0100422546557855
1.0050395536322403,-0.997935627220628,1.0518579449329122,-0.983278074257574,1.0739035949178222
0.9503205242202982,-0.9932037716390826,1.0042233393194975,-1.053462724687754,1.0478147501045674
1.1162336652926408,-1.0008503037241916,1.0252510544136884,-0.9957740762092336,0.9643207665046412
0.9089619861098992,-1.0352886741547682,0.9304020809524134,-0.9147948960970441,0.9942445153038381
0.9827040335476415,-0.9555423087606097,0.9439124448572056,-1.0383432019002277,1.0034036134624311
1.051438449571174,-0.9749157477415606,1.0124162571257942,-0.9960941132381992,1.0200117927763388
1.0100826452564626,-1.051498613738847,1.0023039610816575,-1.0536844329458877,1.0040541271450412
0.9759676029255879,-0.8730309188608569,0.9980052808124144,-1.0702119783130795,0.9932909894661538
1.0259679372818944,-0.9163318026923738,0.970527380003064,-1.079121398701182,1.040841850571549
0.9309700647050174,-1.0218077720753742,0.9871189757244503,-1.0034816726650053,1.0344582228537167
0.9658182858856806,-1.013686462608338,0.9992864823525306,-0.9925201021240606,1.004891358735396
1.021800288761129,-0.9578080245179131,1.0196317057825484,-0.977320723824539,0.9208888416626761
1.002511384958284,-0.9760246225999196,1.0364470597285225,-1.0346175387116898,0.9670480362555678
0.9712949662358201,-0.9731793050054328,1.0516940527462104,-1.02037300536458,1.0453981156813525
1.0061739904582296,-1.0062142888581218,0.9894307885091016,-0.9626694317698922,1.0162788908393534
1.1137912713823819,-1.0426112321498662,1.0259050851014988,-1.0264600504905756,0.9565356506505678
0.9994566431482514,-0.9931323760296482,1.1459086777530045,-1.00920729078416,0.9434910635257658
1.0136505358747192,-1.1037320018773185,0.9954021608697867,-0.999198735885242,1.0397300191472605
1.0486811124713924,-1.0251784809453859,0.9924692992685034,-1.0383060415305336,0.9435968722596153
1.0154947389690316,-1.06367927742983,0.9792686549714068,-1.0497586979949618,1.027484159314513
1.0900715049633245,-1.0650793991401666,0.9073490758551215,-1.0062443442675033,1.000784889797888
1.010932965337865,-1.0223160257617172,0.9899680350587284,-0.9816244794729699,1.0520215446322418
0.9022475614840859,-1.0184469719515732,1.010690439697053,-1.0458988052305367,1.0865584815883649
0.9682295059885632,-1.002064634350364,1.0278011048421145,-1.0295642394400948,0.9076713476097791
0.9785672736541733,-0.9485279722036479,0.983155243660743,-1.042321715072949,1.046283610475136
0.9834612551988474,-1.0255080406825108,1.0074728044831656,-0.9614624895190607,1.1190856765866273
1.0413618053828713,-0.9420080016805827,0.9747016900506073,-1.0512934052984737,1.0031165674809561
1.0053584957629798,-1.05392563706823,0.9912352735047993,-0.9800341199140434,1.018019669750904
1.0252143926692137,-0.9854517634931279,0.9746495670364972,-1.0256950313324422,0.9400524301003061
1.0892387519592548,-0.9993274817690353,0.9887573472102574,-1.046439604072623,1.146782895116389
0.9463335983888552,-1.0214423962803036,1.020791841814303,-0.9699893517127861,1.0478966027607841
1.0903804253884632,-0.9746921172269644,0.9471984600016666,-1.012847256256089,1.0153916186256942
1.1034113020752911,-1.0698902739212148,1.0601288252612613,-0.9910042815226792,1.0418915267614741
0.9949002641682034,-1.0421216315063164,1.0375436389700665,-0.9672784486447189,1.048602848286986
0.9993347682310683,-1.0299911011659926,0.9220606502488079,-0.9590313365930296,1.0211944741221992
0.9517108683568021,-1.0269286836648313,0.976662059402428,-1.0741492215991209,0.9591158801697433
0.9433084821596823,-1.0206239505943968,0.9630651250835218,-1.0813502460433375,1.101129511528474
1.0626270365514616,-1.0389509710759992,1.0136210698326804,-0.9791267455089352,1.0595542927386739
0.9590697486669961,-0.9453946608008787,0.9726047347896533,-1.0667931202084306,1.0362068279657248
1.0645379212061215,-0.8706045513234657,0.9400137367454893,-0.9650540157459606,0.9795099378103234
1.0391679355262016,-1.0735244775615624,0.9368615112150718,-1.0387937411583241,1.0039482022834043
0.9679459366730823,-0.9670472828043291,1.0513447309128958,-0.9700211229377322,1.0809393819830433
1.0207913314727672,-1.0608448355170084,1.068168825676917,-1.0302578117802998,1.0455209249842785
1.0786867108277554,-0.97716559946348,0.9251920593417675,-1.0459106083254897,1.0661372233442568
0.9915438657178591,-0.9960213232528917,1.0379412208081804,-0.9651838568959838,1.013939990619273
0.9895665814389767,-1.015633422286618,1.0428949412645672,-0.9723215234466104,0.9871349999691105
1.054105615649657,-1.0064517057564892,0.9574168912832803,-1.0379485349451671,0.9510629581845117
0.9863794991698156,-0.9383137860831904,0.9597452409484746,-0.9905762119490948,0.9671655327186294
0.9869845479364281,-1.0755020605992627,0.9889730885421731,-1.009685268990248,1.0270143972017847
1.0111640456627686,-1.0599196062476022,1.054209912202177,-0.9894848479889002,1.0099196758588744
0.999540882330743,-1.025887872361111,1.0108901169874362,-0.9762205782035709,0.9126552154327222
0.9730619581326952,-1.0127473485201794,1.0128085302847138,-0.9403344497036437,0.9614129592701609
0.9751019076591079,-1.0256267055323276,0.959923620494773,-1.0173593247556132,1.0385401109993986
0.9473082252317827,-0.9786092802423548,0.9149048884990832,-1.0280668998221103,0.9835255349891007
1.0837429836457033,-1.0137401152376344,0.8899378263274541,-1.0999444453430625,1.001701479317334
1.0306885427894954,-0.9812272071186373,1.0083785052900496,-0.9418870201247167,0.9730204389631434
1.0447455278013413,-1.081600744251321,0.9547526083530967,-1.090352069746591,0.9862577349665104
0.9976869391366828,-0.994294925388674,1.0030941676443568,-1.0463776665405864,0.9904879577793392
0.9251276665697126,-0.9318385512433874,0.9848186963551,-1.0244443059521846,1.079447016422204
0.9378876733225385,-1.0562793557015984,0.9451889837565718,-1.003393569084974,1.0215815814818798
1.0369837734058918,-0.8714002341252516,0.8875283772899618,-0.9695632205437792,0.9721434713713885
0.9706792425555614,-1.0309886064126939,0.9545615164596013,-0.9157737582698274,1.0421148663506952
1.0011597989278687,-0.93244921237565,0.9243735517350562,-1.0665352565665462,0.8911016133902656
0.9650292729938357,-0.9919150736647624,1.0051429288966167,-0.9925329044470059,0.9294471584466959
1.0401577371307011,-0.9880186240880501,1.0366527140733,-1.0946381088795025,1.0155745429398895
0.9406117380041237,-1.019866162627568,1.026718244931819,-0.9954453196872043,0.9574230010110341
1.0003136578092209,-1.076576765762182,1.0575133697949148,-1.0102642009748126,1.0559274972127664
0.9736734156451978,-1.026178799420329,0.9617906606681077,-0.9561913034153462,0.9645284421335762
1.032229771620759,-1.0191226198834644,0.901201835005419,-1.0285157033893233,0.9410445892818576
1.0016951361841169,-1.0595203867837246,1.0462987550357308,-1.0045537930176514,0.991120200262063
1.0327946068893792,-0.9518046532962069,0.9989950624115174,-1.0385600149774645,0.9113015191943935
0.965697512148241,-1.030860612332398,1.0053528726496148,-1.0172573440569013,1.0343966486025713
0.9693508364364656,-1.002852058342647,1.0591993721598445,-0.9829087393022516,0.9969981229155718
0.9699027779032412,-1.0316615698357487,0.9574693373524026,-1.027050343289145,1.0377832919372156
0.9889055864353866,-1.0674886534690615,1.0884084646529892,-0.9840017404427418,0.9296528299743415
0.9779075536379588,-0.9944556808585792,1.0852296046648688,-1.0554056229129434,1.0488020359677974
1.0699743213486173,-1.0314327152537286,0.9861243190569883,-1.0518154623686886,0.9898269429459847
0.9981705012828535,-0.9670175000958815,1.0545091735510224,-1.0374048032310823,0.9016337467887002
0.9989377610361879,-0.9853231235015679,1.012470884384252,-1.0163336623754522,1.0062376049831967
1.0757722404176124,-0.9809132915518746,0.9813315787498458,-1.0250098908547998,0.9915073821161134
1.081836998091532,-1.0091650354763098,0.9990102827739646,-1.024115678546815,1.0549491678720981
1.0979918627372338,-0.9774693475284306,1.0041386451892713,-0.9981608583412883,0.8807846605607127
1.0372575432142408,-0.9932916792002078,1.0214171025330363,-1.0355731097041851,0.9807771560511455
0.9794487531748414,-0.9489188507963481,0.9810620081698453,-0.8958669838945101,1.021543120950752
0.9362158670002134,-1.006427314662598,0.9674162438921792,-1.109719123491001,1.0799735470056895
1.0351571271110003,-0.9733396341050343,1.0082701830149852,-1.0691008784346219,0.9758191430222282
1.0420890387392006,-1.0525610014891251,0.8734115341874593,-1.0113553003890463,0.992912122298623
1.0067781708207355,-0.9635740678242732,1.0318802906115605,-0.9870615097378039,1.0597765694043355
0.9240515109593342,-0.9747709092761305,1.0313269181668472,-1.061978114304012,0.9248564695658805
0.96270289367622,-1.0330770721257645,1.0376709731751215,-1.0307269391845548,0.9571825740859398
0.969418313165272,-0.9440683832922894,1.0006521687188477,-1.0089625512678455,0.9944997250649474
1.064603016716326,-1.0374585863301622,1.065775414547005,-0.9894751850539248,0.9919790309012326
1.125045024896714,-1.0527819744899298,0.9823157120216497,-1.0616215619582001,1.0476230985268085
1.0844594466825839,-0.916503860929768,1.0611974376573001,-1.0098810233897983,0.9817379511255077
0.9164415113752967,-0.8982063232409103,1.0234489039074235,-1.024597845243474,1.0664028444493483
0.951361774162,-0.9796688982888663,0.9913685432854583,-0.9680661430059849,0.9968213230406939
0.9274536054444388,-0.9962211813664981,1.0524432070937682,-1.0014608202926993,1.0387557560794543
0.9477235257162974,-1.0013130396634926,0.9687744772455711,-0.9626509579947645,1.0015745781130998
1.0345036838168307,-0.9456144786921067,1.0345809287560694,-0.9863440782853178,0.9500893870744297
0.9998606944666549,-1.0266545201007917,0.9827968021647887,-1.0187267075375126,0.9510037212608877
0.9021330705433005,-1.0334071524163884,1.009668972596208,-1.0674088522713745,1.0007841118235812
1.0950134212155482,-0.948847172237388,1.0821770754560265,-0.9804436061533637,1.0583754911493224
0.9638017634766106,-1.0322170133510993,0.8630429896931263,-0.940692726297885,1.0770161989909943
0.9723411377326365,-1.0126975853198616,0.9623068943154519,-0.9808673224261254,1.056246627265162
0.912861401305948,-0.9795280734678874,0.9861664114140427,-0.9943302804016655,1.0229497000837144
0.9905898780613589,-1.005179342670289,0.9893062416222681,-0.9514841899105859,1.0209379980063749
1.011029176886868,-1.0635475860546142,0.9810710128393423,-0.9550665419830413,1.001884828656196
1.032976573479457,-0.9116744099836183,1.0519303034604408,-0.9953420831150129,0.9744505414902136
0.8723225201972051,-1.0084192461236425,0.9836993752091575,-0.9804816902802312,0.9923047386512657
0.9839807470281603,-1.088969946525361,0.9530016085424967,-0.9761674479599721,1.0857953815566348
0.9951237308127189,-0.9836094463212939,1.0476239078476404,-1.0405446968100125,1.018340702164272
0.962975494683392,-0.9567587780754494,1.0075701523975866,-0.985077409300928,0.9608700701290706
1.0353516179805393,-0.8957643539384492,0.9496044152285897,-1.0169879503823762,1.0115803737084046
1.0393203105997908,-1.0279773142644735,0.858348485492863,-0.9320405252917987,1.038025305979207
0.9128526234756668,-1.030378439588978,1.0784091214763663,-0.9276101790771067,1.0469320011339471
0.9911943783020069,-0.9958506290593745,0.9934537097436936,-0.9435880108365581,0.9562078796752445
0.9597100172557897,-0.9494862706581992,0.9977819272244219,-0.9310766322273096,0.9664243896509728
0.9972610819830587,-1.0461206492421977,1.0003681340711783,-1.07392734684994,0.9756183289522519
0.9281873067535941,-0.9653038383404371,1.0358294669879826,-1.0865131365242173,1.0666942872750287
1.1248707563209928,-0.9976996806631829,0.9679442869887678,-0.8587834704498477,0.9340515750848745
1.0010053233434548,-0.9910188863684039,1.0672573810226207,-0.9820130512436606,0.9750683052105774
0.9524407814806022,-1.0170910910123068,0.9496536319527428,-0.9976087340107659,0.9717901910069757
0.9252981103355125,-0.9372427105812549,0.975116373828548,-1.0634068402487655,0.991587043275623
1.0034185782983829,-1.0873233362789516,1.0165823833562881,-1.0523578784345133,1.0855514404595394
1.0261980256038368,-1.0199949995054658,0.9627416114841325,-1.0052483853781813,1.0306395370791646
0.99872529357074,-1.0108579403568427,1.0029185145408948,-1.0301929465618478,0.9828397036578481
0.8957103780547497,-0.9513136884573816,1.0149398890160881,-1.0386727922016714,1.094936749067762
1.0043508240196193,-1.05180717859876,1.042836871073523,-0.9800975891745369,1.019728999274211
0.9787122197674205,-0.9774752138110983,0.9869120854889453,-0.9722029274177079,0.904752777299468
0.9783063268510406,-0.9138922451095902,0.961646627229985,-1.0301919148746594,0.9776019330775012
0.9392596932055678,-1.1104140388114125,0.9884706800738193,-0.9932070287959172,0.9973747465730674
0.9927560719026056,-0.9978479564574806,1.0511420735775383,-1.009522309296461,0.9712958711456365
0.9859437257555956,-0.9710326620121612,1.0706013439271624,-1.031407186958459,1.0049466893514443
1.016917872096798,-1.0496289003364412,1.001020858360646,-1.0732836928671048,0.91154748481303
1.0183373203946129,-1.0191937370665392,1.010114020381061,-1.0008947488504174,0.9511799975668102
0.9977372849017832,-1.0616550652507428,1.06954861790007,-1.0677985172429982,0.990210736451571
0.9478864205976376,-0.9714789413319602,0.9834284314359248,-1.0259333359810605,1.0426600772525778
1.0014715295838776,-0.9741677777032016,0.9509337031741267,-1.0702408471963754,1.0053603981020067
0.9840576822252635,-0.9686782663773028,0.9960045773668725,-0.9897462330382685,0.9188308735029378
1.0944218469807128,-1.0082120992516015,1.0348793485169598,-1.0418045835109813,1.015400495110867
0.9348577618237628,-0.9773966080870164,0.9822012957807084,-0.9985404748032216,1.034898701506505
0.938372984438986,-1.0342245865306399,1.0228662140543383,-0.8950889262726627,0.9930958832669259
1.0295568058961966,-1.005348573492924,1.097112279737815,-1.0873610833482628,1.0047310522334678
0.918722798321897,-1.1253285785268359,1.0148731026558908,-0.9930251101926271,0.98575815311289
0.9946902954980124,-0.8450850282964371,0.9870912430984283,-0.9744937819374963,0.967531759019306
1.0147616287520302,-1.0119116837527808,0.9794740758635135,-0.9090550733899838,1.058859248159217
1.0068373323699615,-1.1152105967971984,0.9819495388373716,-0.8648486217797458,0.9884669166680146
1.055160878602683,-0.92790287990237,1.0109481957927988,-1.0420910815934077,0.8782343834108556
1.0342081604304478,-1.0407378001411773,1.0088075225943847,-1.0624910169794681,0.9867381229764899
1.0016859527450526,-0.9865703209477851,0.9442588906323793,-0.9401544525619324,0.9701552607634014
0.9162765269773377,-1.0054511709981733,1.001718765451323,-0.991970528341412,1.068106620184254
0.9881775581632071,-1.0059809812184386,0.9448407809383453,-0.9589723248556051,1.0092154532039053
0.9789986136352918,-1.0952337346732732,1.0722206097527545,-1.0613839982228028,0.9704360995315147
1.0179172255538003,-1.0598278964308343,0.9253245110873428,-1.1061973791350332,1.0360498476452817
0.9727406877636839,-0.8536364953763335,0.9502822467184563,-1.0460725511714462,0.97173035148573
1.0121567327569245,-1.0235101669392657,1.0306166107001256,-1.0489294194994327,0.9309204140768209
0.9100892630295446,-1.1111787083968598,0.9740965490262472,-1.015049015619661,0.9684281486258408
1.0621702898593581,-0.9385984895195932,0.9832598506277749,-1.0896960556595983,0.9716647445972474
0.9700089303041469,-1.0328567481139028,0.9651140548050877,-1.0326731447862403,0.980672919205112
0.9682229450592221,-0.9895838745687204,1.018018435795243,-1.0455322543591246,1.0635532663003517
0.9509968849079693,-1.080890030690767,1.0190389035682526,-1.040870406720717,1.0160645735378695
0.8798165699449735,-0.9303772029258466,1.0336146704020202,-1.07502382745815,0.9260611438076857
1.0836132952048765,-1.036868995174898,0.9582907575633688,-1.1133026047074641,0.9824610897199223
0.9886140192582124,-0.9642253451615257,0.9300460785907763,-1.0760143396120305,1.0225481317388239
1.0503365035613532,-1.0785576175558942,1.054075704314987,-0.9981229079256589,1.0545902669537324
0.9964889819241192,-1.1261138958743975,0.9924016308841981,-0.9469928090664365,0.9553126990458143
0.9806017515546274,-1.0088066751775489,0.8550243060065759,-0.9164326212281262,0.9549312160051413
1.02528677162364,-1.0043350568074105,1.062880952817968,-0.979697193878596,0.9882537864239512
0.955324245374036,-0.960107464930893,0.9063279348022691,-0.9677054789862054,0.9450477624222564
1.062614183097832,-0.9919350228668652,1.0322061883925053,-0.995900559308764,0.9123811452429502
0.9569635418302331,-0.9663805331194308,1.0083327908679922,-0.9409505047347164,1.0201637281518585
0.951664905464867,-1.0398032068860317,1.005145869526162,-1.1157022033000052,1.0836720942811493
1.0220873368188779,-0.9386482701475564,0.9209698029595416,-0.9377717419822372,1.1115749455513875
0.9339560822311341,-0.9614299102548116,1.0000554972343647,-1.0772216924124123,1.0246441985925936
1.0416801602418675,-1.0300563276334422,1.058295826012761,-1.0833381703394598,0.9252621926775177
1.0068298697794376,-0.9987307361013864,0.9641713255787947,-0.9595202782014057,1.0265447157107974
1.0429069535467008,-1.0061568217676133,1.030129013398917,-1.0222825151514998,1.1026909345043299
0.9593727114939007,-0.8947351285270844,1.0017443973544704,-1.068775544478437,1.0684039675244301
1.006295069419748,-0.9574437950809881,1.0611927959271297,-0.9831022222927487,0.9703879577593593
1.0487856688834625,-0.9999622246272702,1.034292890930421,-1.1076865286895732,1.0223490858504927
0.9680707087427485,-0.9173345181410735,1.0311543673944548,-0.9880071127075352,1.024315499667511
0.9500779573561641,-0.9188371654735973,1.0995685209208452,-0.9803543244725892,1.0795201784286819
0.9715425900663733,-1.0398556783112491,1.002046237436446,-0.9782529480816051,0.9803006659378439
1.026888409518424,-0.9846805258963293,0.9500846612354472,-0.9740603491274139,1.043176412126076
1.0085734658795196,-0.9423675948369153,0.9391298103251524,-0.9766024788934075,0.9414859646801612
0.9442959320883456,-1.0315465416868894,0.9528969908212878,-1.027399790937057,0.9892924844644405
1.0418577243165692,-1.016057951935285,0.9207187146615203,-0.942996607675242,0.958145493319248
0.9970639786447686,-0.9776731746529644,1.0099805209201391,-0.9452910226239262,1.0239501571696379
0.9569345210151446,-0.8910718913004169,1.0097166731669116,-1.0073670113310753,1.0481962711527786
1.0124725472965037,-0.9800385903530336,1.1246091999300343,-1.0137560714127523,0.9841119552991302
1.0058289256006232,-0.9464242032209481,0.9246732984904801,-1.0982777945738253,0.9706442364689927
0.9183038520470357,-1.021241567376282,1.0251249848064645,-1.044537443177613,0.9286586711609329
1.0034668580857673,-0.9568728257692415,0.9152513280741694,-0.9589883800847008,1.0408653101869163
1.0477042551078315,-0.9390759892564157,1.1101006962329807,-1.0178046024309528,1.005478579003893
0.9791780783375987,-0.9999011577622094,1.0766436677818156,-1.0672507241965334,0.9569475163917213
1.0688590468252281,-0.9489981746548956,0.9818434176591461,-0.957279899943964,1.0170607921246018
1.0750137304500493,-0.9962745203086614,1.0512816056936292,-0.867899404475369,1.0299049577523733
1.002466408289742,-0.963877650738951,0.9817359570898058,-0.8806016147237634,1.009003551884799
0.9863533339887244,-1.0417844502510019,1.054861009580322,-0.956640629358613,0.9751322814292953
1.028822567256121,-1.0754277984106428,1.009248528753658,-0.9773621823961652,1.0853664904779612
0.9614590598635655,-1.0639176314401162,0.9552286019537479,-1.066828425015746,1.066832867887949
1.0774319647512018,-0.9839891711025586,1.0610647472842574,-0.9933020809709883,0.9952444176149617
0.9833481190473119,-1.0155195495688782,0.9226099221845484,-0.986787261819633,0.9979833044892978
1.0372680362038937,-0.9953238251780695,0.9918648149215454,-1.0435596515003815,1.003607661841088
1.0369118615408082,-1.057166949554193,1.004373687684037,-0.9883478524235259,0.9640967608190868
0.9706071847546,-0.9884694575616892,0.9433289490853689,-0.9825038142375304,0.95523228131704
1.0531426846516607,-0.8831086127305849,0.956962159914909,-0.9732896068812663,0.963662904755899
1.0520477086898894,-1.0632629204542607,1.0240293379213856,-1.0436494483444676,0.9896507705450815
0.9484487362426346,-0.9588824764552123,0.9581509822780206,-0.9724017870334086,0.9827950985868834
0.9942763814100568,-0.9926122046299936,0.9619087664170576,-0.9894816443229556,1.0765167282177206
0.9610952607083643,-0.9414094928363077,1.0749048816743891,-1.0408077494514023,0.9272472697454724
1.0150980450085882,-1.0273703761383437,1.09343016095815,-0.9982596229750084,0.959890029598241
0.9426420244494145,-0.9455047520454585,0.9714408012957907,-0.9978085600269786,1.047790137255624
0.9757870824034585,-1.0022964414370081,0.999171579508874,-0.9658337744241954,1.0295372167755164
0.9889943134372585,-0.9968175469251741,0.9814110494238256,-1.0738806203459723,1.0128800428699065
1.0946095880416533,-1.044185957034553,0.9613485145198648,-1.0435363885821871,1.0362295889361561
1.022424272709822,-1.007926884620823,0.9540990469180517,-0.9953811604180038,0.9217688936332098
1.0071713283428747,-0.9564237806956033,0.9374400431683161,-1.076625913841483,1.078971894584743
0.9694120180247707,-0.943202607702809,0.9923001167401084,-1.0080977408470664,1.0219206349748322
0.9558000571626779,-0.9933751428252178,0.9809255292587954,-1.0660246721702515,1.01687410373632
0.9868346096561041,-1.0078512414222354,0.9394919528292921,-0.9204299816118597,1.0438357093193058
1.048207794208599,-1.0152722351220842,0.913540855524829,-0.9023541308755245,0.9969451245997066
0.9625600101989973,-0.9791599212758443,1.0583560394001648,-1.0011525278042732,1.0639287583969688
1.0541499969258434,-1.053819059370103,0.9663104947170262,-0.9521231418360117,0.864369371809478
0.9925272153417506,-1.0715415600812337,0.9761723099283237,-1.0149410044514602,0.9820877811046246
0.9723869373943695,-1.0548571824814408,1.1145955633409343,-0.9066268997919325,0.9418967089871858
1.0791058375651783,-1.0199732745236427,1.0064593736665854,-1.0031636979948457,0.9670125679373017
1.0491926171803074,-0.9937056734711671,0.9761724288390379,-1.0652294721900237,0.955320249314044
0.9179309942198952,-0.9993888225792416,0.9401667203857802,-1.013278025625927,1.0685050926805186
1.0599649786460792,-1.0016138447051308,0.9956457636928425,-0.9060062725289496,1.0260378060179356
0.9836096770061739,-1.0713009058560226,1.0196936609082372,-0.9585338113708569,0.9684174237743178
1.0145601377569016,-1.0181786647457514,0.9907983800400498,-1.1243911028781166,0.9889109298141933
1.0484684651204028,-1.031570127778328,1.0026263184107658,-1.037797535334596,1.0180220838146385
0.9891738401231913,-1.0469620770341004,1.0666275733832564,-0.9535533993233892,0.9697546618035913
1.024889415470889,-0.973129399858981,1.0321150617505588,-1.084712794799754,1.0503303270516313
0.9715150518537135,-1.0178913966720633,1.13189408761301,-0.9849063309639494,0.9806838762276412
0.8897352813622047,-0.9305117933026822,0.9327395164595699,-1.0501719451749751,0.9834323850456076
1.0708205895850147,-0.961338000666712,0.992108124507987,-0.9845853968180589,0.9699807153564447
1.0069826844782674,-0.9963331627610932,1.0484384947840677,-0.9516410938780525,1.0246988691102823
0.9818826221226948,-0.9629088852804937,0.9954015766898476,-1.0540957184356567,0.9798356104044531
1.0042263491892163,-0.9544892108167627,0.9908235913921424,-1.0604599355619804,1.002837084164841
1.0056728020028276,-0.9907081185548623,1.0459935757977215,-0.9490538379955051,0.9702894563809167
0.9691928270975528,-1.0520099355477737,1.0349407835140239,-0.9275589945831142,0.9842459036045539
0.9879284717637503,-0.9266608721550512,1.0252778926607504,-0.9781882147599472,0.9404541747013136
1.0339364034639709,-1.046456817025488,0.9432989907032521,-1.0173385788383356,0.9707103638275655
0.988920015280748,-1.072049081726246,1.0479408153233836,-0.9436156852741786,0.9026328762929593
1.0489228902833274,-1.0405264314910814,1.0428487768491392,-1.0034223246333207,1.00143877820405
0.990745117528939,-0.9393935397883257,0.9380205993737486,-0.9696079830632496,1.0550665082444775
1.0358170040270205,-0.8837650542838291,0.9735526618637651,-0.9521347588703234,0.994695468232929
1.0616703038176334,-1.0003844497860686,0.9806062109068765,-0.9346963898064186,0.9754219030490535
0.9293637120549721,-1.0258423441586915,1.0309516473294267,-0.9303980624206454,1.0055564687648255
1.0659098533617013,-1.0679087460738796,0.9778368267591049,-1.014428755857705,0.994272028626374
1.0042047194125099,-0.9654544521303904,0.9777596580914755,-0.9930485656523437,0.9977438554837974
0.9537055048054425,-1.0056833344540719,0.9928170235051441,-1.0082540282501522,1.0015879728290726
1.0037836770306694,-1.0216147589553666,1.0636357366985632,-1.0584740314601508,0.9639514945765052
1.1389981812111778,-1.0518995677494616,0.932312266264512,-0.9632761627499391,0.8961440073113063
0.988236304501378,-0.8927087537461755,0.92275320389233,-1.0990982242869356,0.9250409399021151
1.0449179784173492,-0.9437611640007094,0.9743705601510746,-0.9658393797999466,1.0695127663755994
1.0893673207214913,-1.0123167640589925,0.8849264141165006,-1.0410439461204843,0.9786597902532371
0.9870530601710805,-1.009392970050436,1.0559447298965334,-0.9362785786656209,0.9914163173037608
1.054924243802591,-0.9821169316684455,1.0032252986431285,-0.9546727921445018,1.0036126024118959
1.102890558854888,-1.071920558339728,0.9742414550453992,-1.0063259448476976,1.0219726345228994
1.0633980243551544,-1.0012199283618077,0.9288885175246896,-0.9578743051772498,1.0377479383070982
0.9029070670310297,-1.00019020668354,0.9204929084659851,-1.0332325548751031,0.95485955365186
1.0404632349120992,-0.9941584912913908,0.9357204499621986,-0.9559967018521329,0.9283097088035793
1.0165056895235471,-1.0407005334645778,0.981716145873474,-0.9747864625980808,1.0260724699529764
1.066848453677798,-1.0041126849835726,1.015322543148167,-1.0218868661202163,1.00909949413114
1.0219743024004255,-1.0049154923727188,0.9098124757953752,-0.9834264551834553,1.018228073867773
0.9659913261826024,-1.0642193518036258,1.0737939575251982,-0.9754277244552799,0.9885459484539145
0.9431483558426257,-1.0410907414210673,1.0651295198393116,-0.9931169029565977,0.9724706466499646
1.0254844615612329,-1.0407199093723163,1.075042151514019,-0.9323599732551637,0.9766712964398612
0.968566487648457,-1.130906659934614,0.9259209614224316,-1.0669734887478879,1.0067595170493693
0.9836883147779321,-1.067266774370762,0.9859417978767722,-0.9747331426176326,1.0263919674957793
0.905016485957056,-1.0064131740241915,0.9308329611514194,-0.9549135651429863,1.0392073208176749
0.9550986386837771,-1.03830226012002,0.9769366474750847,-1.112639669736567,1.0167984086720288
0.9863577726829935,-0.951491245871607,0.9450795391018724,-1.0309561474124966,0.9246737370980442
0.9497854718252874,-1.0590990998034109,1.0497986839423223,-1.0349130924375696,1.0062087842372307
0.9809618298069098,-1.0634732633006407,0.9915849788414178,-0.9700448334068202,0.9396120303728324
1.040455639536569,-1.0424860460738847,0.975850803696358,-0.9734658438494976,0.9668281921390256
1.0018787429667932,-1.0157345414394046,1.006468400335191,-1.119036955276175,0.9085159092395958
1.030798350302342,-0.9481409297175475,0.9544756648234239,-1.0122014176085568,1.0147359626451151
1.034660880082935,-1.1013838635835425,0.9556979876510812,-1.0166289689924937,1.0351570098618024
1.1249215241860748,-1.0114002863404858,0.9296511268948006,-0.9798865961399351,1.0660497894770355
1.0054007060489751,-1.0453324272577147,1.0478996970740009,-0.9668227190750782,0.9486959577902188
1.019071280876717,-0.9501367216170564,1.0590945021279448,-1.0033224487654728,0.9820960276910341
1.0613636911040631,-1.0605080251490442,1.0219289645460503,-1.0685013313682215,1.0532688136129802
0.987097724219442,-0.9365708382176265,1.0245706378177764,-1.0611610115030965,1.071231386603862
1.0775622633213864,-0.9558856753700392,0.961920606748189,-1.0153006977178705,1.007271360870288
0.9648144800334283,-0.9153826713768398,1.0072163235863019,-1.135167402355368,1.016967790637811
0.9825921301591344,-1.0037463278059224,0.981569031710715,-0.9596476791696656,1.055984388927669
1.0141526581129328,-1.016965559356908,0.9979331397595415,-0.9990200191711186,0.9598784980067582
1.0289464324285618,-0.9769978838069767,1.0770220619888338,-0.9372325109855763,0.9657162541204934
1.0410149187254483,-1.0475476691547236,1.0347966050470425,-1.0258307099380053,0.9488373388312208
1.0140022671348703,-1.133728356407707,0.9124512212797387,-1.008874594188714,1.004122088331742
0.9815340614920905,-1.07897181493588,0.9591054078930747,-0.9804395336381303,1.0290890885314181
0.9991888441202029,-0.9421583109481506,1.0198698511729618,-1.0373727826979107,0.9859748973294191
0.9298566921396073,-1.0054069495195708,1.055605030961067,-0.9657354957644516,1.0701004662959561
0.9848557378100503,-0.9326950102742871,0.9903347886776015,-0.9264207458715052,0.9989071626278938
1.0353615686902138,-0.9262443817845072,0.9903286185709397,-0.9890805506227913,1.064443171260315
0.9933498418034968,-1.0660446141253082,1.1071503527292454,-1.023488223216857,1.007937802546877
1.0578003334725563,-1.03042469518656,0.9496066043388935,-0.9873131351612583,0.9103461801043805
0.985604696156604,-0.9877480667842297,0.9865024051587418,-1.0771725471592875,1.0797088978102005
1.0051769076974588,-0.928442394111913,0.9869981874909778,-1.0440005990845382,1.013459046012758
0.989210643683589,-1.058888072899568,1.0734892129393747,-1.0311135111446998,0.9079866807602216
1.0664083026978666,-1.0252149007906313,0.9696088053692188,-1.0882693793514986,1.0870470743298495
0.9355259706395156,-0.9970775259647175,1.0456310161270221,-0.9789141533498451,0.9970172844003904
0.9149167070856292,-1.0404862417883642,1.0093900169021262,-1.03935870349935,1.0101679729999384
1.034087170440757,-0.951874855709995,0.9386910321093658,-0.8901676972510523,1.0383739672277066
0.9999142923165468,-0.945523170846168,1.1182703885999987,-1.0719360050528435,0.9887368678754324
0.8810784170063336,-0.9903674233675988,1.018269712096257,-1.001958105772138,0.9672733214500845
0.8975242741905838,-0.9813233158294116,1.0727717241957662,-1.0295509227866717,1.0220029964511572
0.9215927843289975,-0.9771393468153743,0.9803308851127671,-1.0381208975301457,0.9619818179391935
0.9803194208983494,-0.9808783342153732,0.9343918399402241,-1.0198557665783927,0.9979264111000427
0.945048038773407,-0.9101667399162492,0.9573252259969329,-1.0334718456816745,0.951084602508875
1.0899240043569058,-0.972354738570026,0.9531703996878179,-0.9446884220570015,1.010034934714444
1.012862671055575,-1.0172238604376227,0.9625292006521513,-0.9831116950472699,0.9727456385002204
1.0908377814787553,-1.063464555262155,1.0768078386427473,-1.00556594243989,1.0149542867010553
1.0416578883314718,-1.0315124647502218,1.043212419234932,-1.1353771927690588,0.9640005233389031
0.9537968596329467,-1.062675300618588,0.9892522580960524,-0.9807125015909153,1.0351329999249652
1.0120438378600203,-1.0332846732446774,1.0184508218912585,-0.9937857152574575,1.0468028083968008
1.0388468351465758,-0.9984761793039686,0.9551373496919372,-1.032647507791604,0.9725105320180983
0.9842366833041872,-0.9865974786205123,1.0357587195064029,-1.0025559346507689,1.0008062393950237
1.0071653152500002,-1.025795265656617,0.9537303871178522,-1.0877718948655355,0.9652425320961564
1.0236572726633892,-1.0351455719019784,0.988109648128703,-0.9766784356293842,1.0260344748211334
0.9460233573916981,-0.9501470321773179,1.0563675044677743,-1.056492492860928,0.9588081565179423
1.0595545341573096,-1.007342676062765,0.8890111026274075,-1.0699840752366343,0.9875315187413759
0.9418478674857699,-1.020671188531822,1.001619810684179,-0.9268872697982635,0.9854773041886106
1.053627089978638,-0.9285619918981615,1.0717154834676037,-0.9857622703307216,0.9018355426080513
1.0230412432701932,-0.947580005609323,0.9959466447282291,-0.9127708064962375,1.0429916780733728
1.0284136688576393,-0.9456809644397081,1.0166684925630438,-1.1246405249697677,0.9750430524264817
1.0598584013623926,-1.0403795670049147,0.988826374738153,-1.0522418156951536,1.0891961297600885
1.0840746228709008,-1.0441934447570365,1.0073649000194542,-1.0340247023882023,1.030747231951569
1.0254841538621164,-0.9594147214193367,1.0165959223853944,-0.8532296896805766,0.9486038117494631
0.9144698322781742,-1.0196545100350731,0.9216005867219866,-1.0746231135002997,0.9499342672901017
0.9538905547284187,-1.047730905097503,1.0259109475222705,-1.0253094530542668,0.991024271256376
1.0447116387250468,-1.0383161262390712,0.9867727050647639,-0.9817120006953542,0.902921609968989
0.8807547245524708,-0.9826941335601138,1.0246007140283448,-0.8967889932573795,1.0079047437933406
1.0409869858629048,-1.0097736321792987,1.0148613610792543,-0.9166371579125233,0.8938003590937182
1.020680812878584,-0.8932206634961317,1.014101710960467,-0.9174713518383576,0.9685393925235278
0.9983976252918143,-0.9983237648805706,0.8891204460320614,-1.05840889139251,0.9451562460308007
1.0411033039016264,-0.9563923447157973,1.0162018221353266,-0.9587948551572147,0.9917925293639113
1.060096583476977,-0.9995605778683964,1.0028932023713377,-1.0132796316631205,1.0342225238818215
0.9789400591693543,-0.9511784311400966,0.9433925429641996,-1.0549458127364097,1.0343713377563253
0.9955727892708494,-1.0226945708076565,1.0445028866237729,-1.0303630707043043,0.9899899372849815
1.069961397503558,-0.9230428827094674,1.0786199105135164,-1.0141062888466956,1.0615351452492234
0.9525523586115661,-1.045345143736103,0.8824772073687819,-0.9163565899050735,0.9568010075461961
0.993673371012647,-1.0455162170964143,1.034758262416507,-1.018781683035867,0.9347591554783525
1.022083128209303,-1.0716865012405115,0.9581297137342254,-1.1053444557313041,0.9288020943901196
1.0089264584860238,-1.0982268019051462,0.9259427137689142,-1.0001184458066403,0.9728196551953474
1.0996018317979654,-0.9083051726987812,0.9566038768624423,-0.9721431190798259,1.0374641278439725
0.9701260570987799,-1.07477707682491,0.9993850775345972,-1.0086422837407056,0.9782117751514691
1.0221158434082243,-1.03753648035028,0.9424001226210429,-0.9945458514825084,1.0192985046284437
0.9411677528049973,-0.9535954694504459,0.9114759431111961,-1.0289056729357822,0.9870995731901195
0.9681888143674036,-1.0282530236775596,1.0935537241154056,-1.0425442044519448,1.1220610861235958
1.0218563389865527,-0.9953972431344004,1.0238120176693832,-0.8735036125374024,0.9503203498034276
0.9439791040531805,-1.037743309828596,1.0016071573482281,-1.0862885562406286,1.0011169619659304
1.0846773566706835,-0.9924296304687611,0.9853657270512362,-1.0309080224341813,1.0449255852275783
0.9587083613380976,-0.9076802039700376,1.096667987385718,-0.9871624600669107,0.9994242455961677
1.051532990412078,-0.9452600748886337,0.9597004134470293,-1.0263277566568352,0.9338826282658352
1.020453246916703,-0.9666686058271554,0.9325037181069363,-1.022759945240808,0.9326373041209326
0.9550600094878081,-0.972449146988685,0.963325896666086,-1.015041297801615,0.9186344136026342
1.0093495104862331,-1.0022136659922325,0.9635520374983418,-1.0094507148841236,1.0090147440251722
0.9592565925545328,-1.073813127200089,1.0902787216343408,-1.0316636352355135,0.9951619948406555
1.0505419867510157,-0.8235472406214758,0.9377756775055567,-0.9775086393136745,0.9646223857352947
0.9730604847711645,-1.0360106010503396,0.9437172516099708,-1.002064568089233,0.9262748656475882
1.0473403783255935,-0.9972498531983313,1.021121748645072,-1.0233094305973112,0.9816398032894126
1.0143781952583664,-1.0582025316202912,0.9821004782793332,-1.0429806756939226,0.9554715594704493
0.894508087968718,-0.9330336705260001,0.9656730623423115,-0.9418311972418225,1.0534396160697146
0.9357000146741753,-1.0544205617836422,1.1280251479677843,-0.9124537029036428,0.9984240743335948
1.0128686553208675,-1.0315423201473595,1.021617635710017,-1.0358590950361235,0.8983823117850808
0.9339222106744475,-0.9989453626074707,0.9434466382248706,-1.0033638732456767,0.9462669480283569
0.9608823038749004,-0.9573417346793404,1.0123740273820052,-1.0004832210656673,1.0439481986535326
1.0240304296673675,-0.9276718354374316,0.977007036884243,-1.0214817489263754,0.9349445366804328
0.978550964131379,-0.9517615052848777,1.0649993686131067,-0.9519847415956666,0.9102904066725281
1.0541572606330367,-1.0919259311636036,1.0449058662061175,-1.0183892263285528,1.0351266656966929
0.9333775826052717,-0.9414416183646926,0.9267512626947556,-1.0334227455426588,0.9500952686115482
0.9122857573588751,-0.9952736216205765,1.090304455891848,-0.8666547388839996,1.0048577893543125
1.055834063753376,-0.9883952681035731,1.0249441597384106,-1.017107432556362,1.0097538462711302
1.0268739352303213,-1.0289229864438165,0.9961252850053506,-1.0029215059498744,1.0413201658665263
0.946698391418616,-1.0025771104303827,1.0956002734526349,-0.9417969923707031,1.0674589524444353
1.0012215920089018,-0.9839501218156989,1.0501118083351462,-0.9219872235234534,0.9024198543558557
0.9342279346475078,-0.9345277949298676,0.9861555322115598,-1.033586039462904,0.9372919506502198
0.9722491649227946,-1.0701184641711912,1.1045547136366238,-1.0011218025990287,0.9971024729118642
1.0294038337583915,-0.9518827415366715,1.047294407827732,-0.9463189028046214,0.9684577224604571
0.9851066597521569,-0.9615484172278862,0.973630546918019,-1.0002553316013612,1.0199381882212406
1.0392592541155188,-1.08888404811851,1.0357372824944473,-1.0116862028925864,1.0353728855432192
1.0388465846177415,-0.9196042469440421,1.06767268238106,-0.9326714168694852,1.072183515958312
1.0145689492407972,-0.998390745648158,1.0436408541589168,-0.9633959524283489,0.984546688163087
1.0202411704404133,-1.0017548233392297,0.9573033545769972,-0.9354769629311825,1.0027599621265044
1.1024354128849425,-1.0812746135099915,0.9721610613578316,-0.9983680581654564,1.0568690548814457
1.0199734686301092,-0.9844763622909625,0.9436368103722926,-1.0578470698614735,1.0161252330144952
0.9317947003090821,-1.0265938875144665,1.025045866454293,-1.0491162136138388,1.0802677981180904
1.0611968172118944,-1.078570999916915,0.9533814378409007,-1.1142888622247475,0.9608704318725934
1.03831942382862,-1.0206947471137429,1.0230398621807983,-1.0761167159140872,1.0398987627290952
0.9722445386035825,-0.9993915158858547,0.9953562749303474,-1.0635774260446142,0.9423457834130109
1.0483897234501713,-0.9800503921249152,1.0525024520776713,-0.9837670882248741,1.0071495317404608
0.9136994690666617,-1.0135183348380585,0.9986307839798128,-0.9023446400863713,1.034347831604934
1.0768030590854765,-0.9701231147052636,0.964434838652526,-0.9941437891925075,1.0118111823132117
0.9530422215114659,-1.019219368829646,0.9897116503161414,-0.9197190083717441,0.8959629737304511
1.0602909210358022,-1.0468397617479692,0.9313960406365193,-0.9410028934980768,1.036594903461719
1.0627259351190594,-0.9599649026227212,1.10299225008687,-0.9720638081527757,0.9921761311938421
1.0171463188660672,-0.9378265435827018,0.9610312337369942,-1.032594429126569,0.9845519992701046
0.8947708600617333,-0.9930960795791226,0.9056935648024487,-0.997347034353369,1.0432644878067625
0.9761561769678082,-0.9161442064906564,0.9269749550290756,-0.9404369659184084,1.033756852820346
0.9141983375844656,-0.8644602850479733,0.9968127357248017,-1.0438742011077815,0.9296456402607991
0.9889990986170163,-1.006370343619498,1.0051322764269832,-1.014889807811198,1.0316612655057547
0.9806185083668377,-1.0967482058620235,0.992531925217518,-1.118373882668664,1.0176885315445694
0.9510349884858682,-0.99183198225421,1.0657037490762302,-1.0474374347634,1.0530628129256059
0.9783305216656923,-0.9123402598967207,0.9817423693400893,-1.0420246492753347,1.0343619225197644
0.9782105135188182,-1.0420724757064503,0.9761080074648104,-1.0022303266091501,1.0671090065622426
0.9032956127270211,-0.998845967052479,1.0312451797327022,-0.9903275712504102,1.0654932584716768
0.9962827335120737,-1.0092275721092974,1.029616477350667,-0.9950343092524325,0.9804795630859764
1.025807201979319,-1.0326264146608322,0.9694411423990337,-1.0263997010882806,1.0676534580083203
0.8389491822007143,-0.9802200582618529,1.0017135907100112,-1.084043522961906,1.0154863389568
1.0237875995915766,-0.97051803843213,0.8674085968477525,-0.9316805294072781,0.9631131647657579
1.0343283873376588,-0.9629463109658857,0.9561651457190353,-0.9669770023824225,0.9807253379543821
0.8964311410330921,-0.9416129037236111,0.961247751849188,-1.0427246731369026,0.9798467065981639
1.0136118362663693,-1.0028635205411052,1.0274033462353585,-1.0669744683264328,0.9628806814784633
0.9942001463839233,-0.9051056353670647,0.9943093730793121,-0.9457388868169184,1.0019277584392159
0.9758170681281215,-1.012336221205722,0.9915790143985559,-0.9698177130519631,1.0687305633788278
1.017984042384316,-0.9406461160629123,0.9517605131185157,-1.0207315254407014,0.9637848732896167
1.0157222295437427,-1.0179479192589707,1.0364886468517098,-1.046550085581622,1.0021515486660642
1.0343428955506129,-1.1032651387520305,1.1060815653665101,-1.0141575942439938,0.8987480043161913
1.0079046949288393,-0.9983278266013424,0.9959052810213753,-0.9504404443536667,1.0373722485713528
1.0148938095511923,-0.9774922183026676,0.9947820775280957,-0.9112254575379976,0.9260401990821117
1.0069825837107949,-0.996748768440561,1.0406640203032296,-1.042192693871245,0.9128163698801732
1.0078411508049097,-0.9859384753890698,1.0744799704723824,-1.0635181023162543,1.057734688335836
1.118370718201356,-1.0188882443761238,0.9354528890253389,-1.0203487183186686,1.000700248368569
1.0281893937503457,-1.0295697364919023,1.0777599267073672,-1.055726615750403,0.91303974239136
1.0553355212143658,-1.11373105156031,0.9897935115563642,-0.8441159435395976,0.9993978223520035
0.9439616174651875,-1.0028698731893397,0.9974599605690233,-0.9919675029823442,1.033113149107981
0.948044441581613,-0.9156225972381603,1.0122557142186308,-0.9636602976799098,0.9685925300122179
1.0643191068497766,-1.0128526204406532,1.0138776256746767,-1.0466553038593556,0.9501534186798937
1.0344102653226441,-1.0221803415103694,0.9573088456247811,-1.0321591671013515,1.034947653585871
0.9685481069398194,-1.0058827465801081,1.0007513875143548,-1.095867444300515,0.9264436797313241
1.0168138944623781,-1.0368514680576348,1.052836245564021,-0.9516596447874728,1.0359584333177718
1.09098858936563,-1.004154466387159,1.032444096295192,-1.0292200488298016,1.1226184956434362
1.099181682621801,-0.9994059782741104,1.0193293114952595,-0.9320351200317597,0.9926430247592947
0.9671687964600147,-0.9563005124496559,1.0039219623041835,-0.990850277517737,0.9582864328466018
0.9141163925818302,-0.988192879506045,1.04524810207471,-1.011290337453802,1.0718214759779434
0.9648041837292227,-1.052735222748296,0.9966384846401934,-1.0041296287675645,1.038498436566761
0.9612518587968008,-0.9315952881592551,1.0983458481254127,-1.001957201348417,1.062485521009216
0.947175146468737,-0.9462389229409042,1.052363820427973,-0.9568281359905061,0.9992218455564853
0.8522875529378984,-1.0320863571826064,0.9687041991157699,-1.048912746903024,1.0061121502273533
0.9790518277239383,-1.041230600488251,0.947059992587609,-1.0357756492742614,1.0560749605924964
0.9669487472686253,-1.0257469353216637,0.9771651192488376,-0.983050324309529,1.0228124744264266
0.8477671730378419,-0.9489182393086196,1.0718184017121877,-1.0525093268680834,0.9513850877632583
0.9774873306110864,-1.0378002009728302,1.0111963436973304,-1.0973262643179433,0.944103619598163
1.0769598600087453,-1.0464109983674008,1.0621714139051464,-0.9822330902204932,0.9095366142705871
1.0317664597608103,-1.0058833651096426,0.977226647187513,-0.9877521453413998,1.0237316742783396
1.035379591098731,-0.9410873576225999,1.0204067956389178,-1.0687817044393182,0.9763177271174405
1.147152416763431,-0.9637754469809137,1.1184643650405748,-0.9302282958900407,1.0120901035777874
1.015070353489056,-1.0018290019938423,0.9131097692076751,-0.9990976373765887,1.0605337276271098
0.9700180002589398,-0.9794023500469096,1.04257955229466,-1.0454840219656238,0.9774348567828167
0.949104425476142,-1.0411082803344704,0.9356197358173469,-1.0450224230689014,1.070972784039892
0.9542261485454854,-0.9936770390469655,0.9748565623164522,-0.941056703148153,1.065558114830181
1.0432034991069474,-0.9846932723448623,0.9884470231579551,-1.0595937352095626,1.0971764440561098
0.9620163491123723,-0.9668176826483579,1.0529782786311699,-1.0277640248452664,1.0519006263657982
1.0382106601669427,-0.9136018082309117,0.9765326766786644,-1.0642932008639858,0.9747255122277745
1.0104426771267165,-0.9970893636457472,0.9803281051862724,-1.095459872948862,1.0235241498064553
1.09861722395411,-0.9767874380938498,1.0304567759526757,-0.9713777346922449,1.01985233349412
1.0465832983434047,-0.9802313159407167,0.9843661415173361,-1.0397994455004378,0.9875513172359662
1.0157064748225333,-1.0158041480561486,1.0157169341565715,-0.9780424933149792,1.0416589715635092
1.064139748441949,-0.9960996290760571,0.934611171742617,-1.0172552048409595,1.0022031283703299
0.9082115621911455,-0.9305667739948759,1.0071188956255233,-0.9809323582709858,1.0682763231263133
0.9684928584928827,-0.9712979034557985,0.9945067938449033,-1.009204343350796,0.961390380609781
1.0832801606843263,-1.0187750020037785,1.034973212344785,-1.0937503693735968,1.0589994264844893
1.0526105577978528,-0.9951282944851348,0.9886528766931038,-0.9799999997193217,1.1144395330440144
0.9118381650548257,-0.9608986306212937,0.9544191348923049,-1.0009959198149865,0.9876059940460669
0.9785840871101122,-1.0005232564526365,0.9432914427361104,-0.9485409781936016,0.91029282444007
1.0269882256414171,-1.0163267926267285,0.9414537553096273,-0.9898808314700652,0.9221524456646761
1.0019856910859817,-1.0711438453905777,1.0230636042158916,-1.0462178666815187,0.9774502991485345
1.0146974693971582,-1.038627105592112,0.9971018000165849,-1.0756915250622427,1.0315437801798077
1.0882456902775386,-0.8603895566045019,1.004558407333322,-0.9605897929601407,0.9109687163546255
1.0751367163152794,-0.9611885747637947,0.9758033277524384,-0.9381409599855496,0.9872761961677329
0.9770987408492722,-0.9762332537286255,0.9468322750084841,-0.9489187617800026,0.9472005094036579
0.9474972605088406,-1.0454844894204167,1.037975001875806,-1.0308387680759854,0.9326002107816416
0.9697160000032101,-1.0016021185340243,0.9409513758167807,-1.057584055451717,1.1055648167049792
0.9569717298093057,-1.0161521184386504,0.9816381499600357,-1.021067840388522,1.031067336998455
1.0474071475236024,-1.0152977215765797,0.9381760856703826,-0.9362779886075548,0.9952329454401658
1.0865160907428584,-1.112279294878258,1.009770161064166,-0.9040696833061896,0.9823367932280921
0.9887253288332682,-0.9852244154204831,0.9720602090557522,-1.0156035966026367,0.9831092452904299
0.9686289632786813,-0.9385571724899721,1.0230539016148217,-0.9874685883948349,1.0404285503445059
0.9867822083398267,-1.038710190917645,0.9698687847692722,-0.9999108479447696,0.9470394145813549
0.9749869491706662,-1.0258058320935717,1.1062278114914508,-1.1386907469966958,0.9910190139297184
1.0862846896407385,-0.9939077767933773,1.0376708736710547,-0.9950086842450117,0.966633330939176
0.8879042032745543,-0.9897272156481849,0.9612196697698805,-1.0400167703082652,0.9750506372010445
1.0872430703311746,-0.8797581228873014,1.01086039687642,-1.0232383611955864,0.9411386791274394
1.0234270080773034,-0.9108547199967428,0.9876329806487422,-1.1189498020376611,1.0335024835907762
1.0492699855725025,-1.0792922820192923,1.0088242091831476,-0.977438699193195,0.996344634899553
0.9604614540457324,-0.9492031388218222,0.9798310127015659,-1.0742593081349967,0.8975262757165159
1.0630424759999655,-0.969166801176444,1.0043986773564584,-1.0220137318425402,0.9735500792898436
0.9462131675779194,-1.0215727822279943,0.8939956392439913,-1.0368031826734256,0.9844531241824453
1.030494002359521,-1.0019963231686682,1.039746155693778,-0.9325432447443285,1.052908504691205
1.0235254923689279,-0.9994068660409607,0.950960599579322,-0.9630027974310342,1.0839873691110764
1.017105301982521,-0.9041370425786939,0.9237214145969458,-1.0577081692389771,1.042760075387413
1.0132145105076626,-0.9343108911714096,0.9992264179636631,-1.0433987711264165,0.9893203378897478
0.9233658014538133,-1.0564295336548517,1.0486221998959004,-0.9563606292765195,1.0181502142403038
0.9139461239519765,-1.0179201787756444,0.9387500055669975,-0.9411733373106117,0.97081389332187
0.9457126144609225,-0.9985101917439287,0.9679922771582694,-0.9258128044898146,0.9632594551232905
0.9300385870387684,-1.1076456757878759,0.9984606748793292,-1.0280965056928963,0.9285547696744136
1.0594613230627892,-0.9666377426285379,0.9985891060531386,-0.9317836877914567,1.0331268016699307
0.9588572049240783,-1.0519610081995383,1.0408990772226931,-0.9801816521766324,1.008487388398533
0.9576751098565546,-0.9696026216497123,0.9622250558433025,-1.005099332729684,1.072347207319349
0.9669582882094927,-1.078649462853643,0.9473726404064945,-0.9502850586656189,1.0127365568690105
0.9935561310655623,-1.0254546902655786,1.0242679953776594,-1.0424552425495113,1.0152832784321297
0.9634372715593521,-1.0448829692637527,0.9681256282587494,-1.018770372324198,0.9975585082033148
1.0117727897555557,-1.1844182645714223,0.9596174721126618,-1.019578498867802,1.0752531019304166
0.9459998695808934,-0.9918601690950044,1.074751515486792,-1.0656484264973636,1.01969876129322
0.959886408303274,-1.0252316871144618,0.9598444583023342,-1.0365928654207943,1.1360956073953246
1.0422227936035833,-0.9449131069106895,1.0245996743418249,-1.0803128394200978,1.0197478985161654
1.0536464807253674,-1.0426699737019556,1.0482663333580564,-0.964783189507296,1.0926020022406835
0.979110849374319,-1.0548805491137863,0.9819185945313728,-0.9282214503418188,0.9085797059579018
0.8965812142284484,-0.9955302360534193,0.9778705353612922,-0.9996136053412158,1.0472655885617932
0.9723715326940574,-1.0936502915465312,1.1022240778599972,-1.049861414371939,0.9470481438993952
1.0551860006861298,-1.019224456052076,0.9968305073982595,-0.9758604937969841,1.0541791551554998
0.9833269653409114,-0.924002399704285,0.8932100075632597,-0.9620106381523461,0.9580236220991172
1.0686135658303995,-0.9928977760584727,0.9663547333995299,-0.9668579453489183,1.0446594173603625
1.032094706142932,-1.0514848119816531,0.9757991438188958,-1.0002036418560718,0.997937017367497
1.0374872737719174,-1.1007450616253305,1.0167163527276752,-1.014499067721832,0.9580749691808024
0.96287566111152,-1.0107268832258982,0.8199457447770241,-1.0350644785395775,0.9562092587676854
1.0266391604661311,-1.0402763341255261,0.9892443099914755,-0.922886168616935,1.049717575990771
1.0451135699971725,-1.0249936215205426,1.0271516139644825,-1.0116948900226796,0.9901953394661531
1.0204842671873275,-1.0298496794210465,1.0746501552221601,-1.008006506979897,1.0309180283129833
1.0727800239628649,-0.9484173112712413,0.9295540448654738,-0.9777552052495058,1.0425359697230323
1.0445931511080375,-1.0556647417057317,0.9671482381491338,-0.950272088212919,0.9619119814658678
0.9850151971667843,-0.9212062095249015,0.9976100374807605,-1.036338706891692,0.9561191321568547
1.0166359664792595,-1.0666574004238605,0.9876332018051791,-0.983338473250499,1.0649574910273834
1.0333774040184998,-1.0357032558991088,1.058920965878186,-1.0149757518773739,0.9382148488975296
0.9913979320367263,-0.9280915399427149,1.0082620025032463,-0.9993739067835107,1.0818605822351426
0.9284322576472787,-1.0642799557026386,0.9192076764516584,-0.9813675906759972,1.0083246563557562
1.077136818363989,-0.9878262461431615,0.9797921420260348,-0.9999102563560947,1.005885370923048
0.9164119363335916,-0.8644834177832553,1.0259935509050955,-0.9894995845988706,1.030758199213929
1.0354705490293303,-1.0070276742751216,0.968437943187965,-0.9700274656839148,1.0192855420265725
0.9595054950455296,-0.9290482194316368,1.0146676018161491,-0.9635090318866185,1.069596044383996
1.0010944410582416,-0.9841523996507943,1.0405013619253058,-1.0362430541900025,1.0027025831423
1.0062774293325574,-1.0478029275841698,1.115881839433694,-1.07036467217462,0.9350948048156421
1.065711328785179,-0.9643366874601729,0.9487017591259611,-0.9696355492449154,1.0733925222498655
0.9984868471201507,-0.8700588549962709,0.9137969094565982,-0.9653088273070449,1.0583264168110502
1.0445671950802624,-1.0102177863322823,0.9854779258994425,-0.9777927414456371,1.0407877243326036
1.0301236718141182,-0.9479971054603306,0.9490565021466633,-1.0113885489561818,0.9529992033938123
0.9806943611956929,-0.9492389554092847,1.0053991960362614,-0.8696570418425115,1.009670318359486
1.0029845940289868,-0.9946908540279892,0.9681095653570032,-1.0028918306188797,1.0563894013555823
1.0056985334063886,-1.0396729864941736,0.9537457689760682,-1.0225100945832921,1.003693171720544
1.0596793267738132,-1.0670244320683218,0.9840086861055621,-0.9927844990282461,0.9083147116185283
0.9583200858516797,-1.0339944269868093,0.9602014813074751,-0.9904055227489176,0.9919720195249101
0.9722356948699482,-0.9786018686723682,1.0861537358823126,-0.9180371741629124,0.9038614113968831
1.028853609191757,-1.008901164503192,1.0077577671432678,-1.0199141516771275,1.0058794314943602
1.007570369803601,-1.0289475878674461,0.955181622608741,-1.0224347841309742,1.0117129632228383
1.0299498170842132,-0.9573325511329926,0.9752904988466544,-0.9858077716348632,1.048125129597665
1.0582797447572063,-1.002941642706576,0.9889534137530194,-0.9904437883081804,0.9425146263551297
0.9903195244482246,-0.9627706800763435,1.0320973564721851,-1.0135133802181944,1.0108859100543583
0.9587674829854657,-0.9648253925887488,0.9961089281931763,-1.013797572584807,0.9819138081953307
0.9968553066550071,-1.0223938822465979,1.0329071518001283,-1.019764177400809,1.0796482048013691
1.073260525174069,-1.0445771744927252,1.003485213471464,-1.0325328310668098,0.9836676218405694
1.10012137338224,-1.0153785708557899,1.0180113018538715,-0.972933935299586,0.9499685313758379
0.9572452262795398,-1.0603011185704059,0.9557014633051112,-1.1425015054658592,1.0272291200396815
1.1027096920628034,-0.9926089630481737,0.9291865570329696,-1.0321388191449974,0.9770561577487502
0.9491207611393312,-0.9569908680802421,1.0405130022187667,-1.057772589690883,1.0362540522223753
1.0763406331788632,-0.9048720897385221,1.143260601154298,-1.04509963247216,1.1412110213197602
0.9822896805745606,-1.0296232727690258,1.0163536187438922,-1.0291030667046506,1.0199522070323264
0.933996140613135,-1.0119376301031717,1.0642791117180839,-1.0028530645715579,1.007079789336994
1.0237629302358655,-0.941466918534117,0.9172387643905283,-0.9707737974081283,0.9865930430379118
1.008331894765592,-0.9470024915118812,0.9402906674294078,-1.0506322220721545,0.9032285020143097
0.9725420529118112,-0.9334783827810592,0.9939706405763266,-1.0670062447827393,0.9757160627712477
0.9256069148254689,-1.056259305086558,1.0194409455131856,-1.0586936663153015,1.055631715260165
0.9964439854584832,-0.9957202648027738,0.9860813516196053,-0.9613576080728139,1.0391579943888505
1.0167527175956086,-0.9717605447046176,0.9893955165039787,-0.9728898496545476,0.9831061112263096
1.00011158110812,-1.013732187468315,0.9771390730340402,-1.0344555898860894,1.0233845051929442
1.0655302956406731,-0.941444901416522,0.9371717332027283,-0.9355398474296563,0.9840920749191036
1.0300366507572796,-1.0453107666023604,1.0070989956937002,-0.9843138408551546,0.9257697604040174
1.0304133583172095,-0.9327032496080843,0.9912676027159186,-0.9319915934585994,0.9905153253273796
1.0424792265523308,-1.110928498297555,1.1209388889656733,-0.9252270877378521,0.985768724787316
0.9013955486678091,-0.9855985815847256,0.9278037226463122,-0.9777573231221256,1.0205782859582142
0.9529298415498988,-0.9439516488192812,1.0402787351403087,-0.9512088331355718,1.0004428851834448
0.9292237966543146,-0.9511063863894431,0.9864814300432104,-1.0694890071596335,1.0676019682987163
1.1049703760251255,-1.00206240644896,1.1079560577301646,-0.9954342635694325,0.9809772047916825
0.9684770772907261,-0.9181458796003629,0.9609928059306114,-0.9632365345012506,0.9720418082470396
0.9769846618712819,-0.9484875153015216,0.9809981576855323,-1.0202397689710148,1.0566402348587403
1.0798698646610811,-0.9677655098357884,0.9672615112188025,-1.025530424964879,1.0039957631870018
1.0160465030962829,-1.0493932955069887,1.0361518969789931,-0.99572433351802,0.9142145840680935
0.9535536758769635,-1.0252064336825832,0.9963571155579473,-0.9055360602248002,1.0119085653069815
0.9579614055050687,-0.9889684597846419,0.9823956126273059,-0.9837620880233229,1.0290283843517807
1.060461532361197,-1.0012143247835013,1.0819480263799917,-0.9545988668731904,0.9646280227593906
1.1104927832874232,-0.9836502743364951,0.9582437748013882,-0.9173543474384789,1.1038888792599222
0.9983487368140219,-1.0251825130187797,0.9913812521273169,-0.964263413624115,1.0638928327515258
1.0285243665431787,-0.9949138395764116,1.0749005885152214,-1.0156418236525762,1.0515459669183453
0.9855968600824361,-0.9784488520994553,0.9943218717604774,-1.0027926091326405,0.9811306741268895
1.0672427015590347,-1.0366463019054268,0.9629883873725645,-0.8939503217077445,1.0488923782327166
0.8807443150653482,-1.02826293696052,0.9094005331218973,-1.0475345346707627,0.843074266688298
0.9931505211153029,-1.0570970909580655,1.002995262839822,-1.0812560629441261,1.004145592658602
0.9792541860939836,-0.9249023517405702,1.0705678430872811,-0.9607327198494858,0.9836693109669393
1.0992690197630146,-1.0776517638919911,0.9298220685218168,-1.0041891549944533,1.1127019054460559
0.9898830546564956,-1.0091622621604641,0.9279044821944096,-0.9527035207364811,1.0476588127164677
1.0394537600699956,-1.0314610336423682,0.9646646615813497,-1.0646561125202485,1.0041936250880468
0.945979633536075,-1.0588708252624643,0.9788154641544662,-1.0244578087592109,0.9731010735589023
1.023322229842013,-0.9960476098924861,0.9855921984744441,-0.9908493535844259,0.9504236479447684
1.0052639311954839,-0.9924698753577683,0.924847657032126,-0.9502153122814819,0.9559283147386503
1.0045154899603217,-0.9417794129732365,1.0462838378856936,-0.9982833305715583,0.9818750498558966
1.0473755954287784,-0.966265251109569,0.9690817489977935,-1.0397446823500844,0.8963822409152
1.0077015920841794,-1.00413488725092,1.056809568732127,-0.9820472453259816,1.0667114597086345
0.9651317886041915,-0.9430924834516191,0.9735541810447672,-0.9611201969103864,0.9270620803734653
1.0117567649683095,-1.0992343970722955,0.9866431257029122,-0.9779823003061043,0.9739515724384452
0.9474781185622017,-0.9576940765352033,0.9948268605076538,-1.0244785323515335,1.0020947960577138
1.1318334570972794,-0.9423248575109228,1.058128683409392,-0.9782226840503818,1.0083242636288574
0.8801958855834792,-1.0339490173231567,0.9759712793398763,-1.0937446032023765,0.9421292104892283
0.9009581764538683,-1.0019161917848687,1.040938298542441,-0.9446612740687835,1.020739223103962
0.9518301829400715,-1.0966032579259979,0.9121565650299249,-1.063449128862725,0.9555570150982162
0.9920125751004206,-1.0507082109063484,1.016948794683413,-1.0116136751399736,1.0005272855870513
1.0570125276335602,-1.0590115867100185,1.0209352289146185,-1.0006986614238036,0.9833256859515153
1.044262816043298,-0.9560492922721496,0.9526754602005786,-1.0091080291928962,1.0140605841292032
0.9863496625988708,-0.9707489333856101,1.0140596008955138,-0.9083719379821994,0.9234860432035106
0.9938782005126301,-1.0454251255756095,1.0302053727719522,-1.0808585945022773,1.0173156355112443
0.968497578432583,-1.0367080933060506,0.9276750898229656,-1.0232537973100504,1.0542250265145463
0.998740565823526,-0.9686159791062763,1.0832320910983138,-0.9868122207588712,0.972060021396883
1.0233626107591396,-1.0272148073157146,0.9747788658351415,-1.0759946399809492,1.0463128745542196
0.980699871217528,-0.9908950877092069,0.948201903569668,-0.9782026185142264,0.9619029380932458
0.9929145639149088,-0.9561086984380437,1.0395379656116264,-1.001101503625847,0.911593448364664
1.149640528503032,-0.9127070514863432,1.036133741244415,-1.0376601890795485,0.9943203919149017
0.9728289785111741,-0.9368072030451806,1.0131251445425917,-1.0392081929179917,0.9764622450437609
1.0560594071284952,-0.9199951076589761,1.0764165781743122,-0.9621483967473011,0.9873687565598681
0.837924308733544,-0.985141998809589,0.999908562057795,-0.9930008951839323,1.0026948673516602
0.9336868919025422,-0.9721295721574407,1.0316108157015924,-0.965883060897017,1.0473288501786693
1.0302025822460812,-1.0205014705769455,0.9964581576041955,-0.9954437566373312,1.005384972455331
1.0499108827985866,-0.9678165623488755,1.1038671719784976,-0.8896765510057664,1.0039824791306962
0.8081672225770316,-0.9381583766936367,0.9729811830506473,-1.0400741960915503,0.9800777362505316
0.9776678476592697,-0.9693865094947304,0.9220282110436887,-1.0538860372895802,1.0171579277098708
1.0311472015206653,-0.9679229177531994,0.960648186053335,-1.048913282463312,0.974668258310604
1.0119936376142362,-0.9257261315363725,0.8976281407114625,-1.0110364378479184,0.9333660779487398
0.9173878661323255,-0.9516521677327592,1.027231228724967,-0.9775283242026369,1.0460512919865497
0.9760140551616932,-1.0216318758166765,1.1092865308361288,-1.0123285527129786,1.0367566056527047
1.0003190770481658,-1.0924129265039209,0.8977685498099366,-1.0289492109969953,1.0528050625834995
1.0394145828318002,-0.9542961417887983,0.9506476910531843,-0.9192063754938843,0.9517553349906808
1.0106412199334984,-1.000517614495387,0.9913063089842706,-0.9330703930852197,0.9647444739917019
0.9325197372144036,-0.9990002256896791,0.9800086632856737,-0.8311308540458677,1.0338253738219987
0.9795329712390688,-1.0528055784593544,0.9059855794715608,-1.0512609542868716,1.0057470885879567
1.0713664325797385,-0.9439155428806041,1.011454741582319,-1.0161583832851242,1.0134406178206077
0.9740681001257712,-0.9140818002118062,0.990540490936246,-1.0043168929123363,0.8892088787489666
0.9902282576738618,-0.9581757931017529,0.9466138711480727,-1.0375360167246406,1.0396355508866832
0.9261671388240973,-0.9471099496229041,0.9733928054913449,-1.0194284110245602,0.9438060797437203
1.0189023130213941,-0.877006400748531,1.0390748619730317,-1.0432142630970267,1.0567810292745738
0.9841660227032876,-0.931275750928622,1.0403338201082182,-1.1471570782735867,0.9497960183522486
1.0472192611417694,-0.9924171363927491,0.9488122026146075,-1.0316794757746905,0.904688168995531
0.9955813356236802,-0.8894655136992118,1.0402466695366164,-0.8904791499405789,1.044119854489499
1.0513739671676345,-0.9012960656127488,1.0188631629671112,-1.009361366075344,1.0516328758311007
1.0726920118560943,-1.0239982321356105,0.9639215458829985,-0.993057198378456,1.041574943346583
1.039904552433078,-1.07120838000938,1.0955803033531661,-1.0320582464698425,0.986746750155571
0.954867282000609,-0.8650835582031456,1.0121035335143984,-1.0425487540340783,1.0431961774981222
1.0384567889655016,-1.0093863511789942,1.0420303356391691,-1.0412645980415431,0.9753540862525374
0.8994891672716968,-1.066197554210978,1.0903815402835342,-0.9179285686138843,1.0032894324324482
1.083146572359492,-1.0080037243304152,0.9878294848716046,-0.9971744675767222,0.9937539202338217
0.989240183821991,-0.9428300946425223,1.0075067826978101,-0.9643759117783097,1.0515690262638666
1.0194092897827367,-1.048513566295412,0.9323567055517981,-0.9925609682596347,0.9914371847587533
1.0043695714460061,-1.0008027019624293,1.1291786830083284,-1.066511312782067,0.9005026865089437
1.0166188416759805,-1.0188211277294097,1.0158033934864976,-0.9708058488857999,1.0642052347589448
0.924638708980803,-1.027835894892858,1.0214380629440383,-0.9614768202156386,1.1096724775144193
1.0477851985556934,-1.002839429794314,0.9554782123528669,-1.0282144926359509,0.9703648588521446
1.0327616814256881,-0.9871501277207084,0.9338175214578911,-1.0217950734545216,1.043877377672571
1.017583117748703,-0.9715677691993615,1.0191460855028631,-0.918678463269557,1.0118021531912185
0.9806988601064651,-1.045787752056678,1.0124804729104855,-1.1220352007387542,0.9907855499083644
0.9897080070039328,-1.068223542680864,0.9535867080672003,-0.9595171234925879,1.0115355874537482
1.0050894166853663,-0.9846826233033988,1.0046313793974462,-0.9378568718570843,1.0061714590851825
0.9270893443090624,-0.9184935017562794,1.0185170133664423,-1.0294626865397534,0.9373299140852491
1.0197957110479023,-1.0058586002487189,1.0787073393016204,-1.0172953640333413,0.9581309605158767
1.0447898109117963,-0.9537359053641584,1.0084325683805098,-0.9661821476162545,0.9981156439628881
1.0116932550504623,-0.9417504558718038,1.0312659167010751,-1.0084637219166313,1.0676181272963075
0.8817572313604244,-0.8973963344289032,0.9147020452554633,-1.0313546412386148,0.9979541232402466
0.9926759664635919,-0.9496794479986723,0.9471081690694882,-0.9869616591258469,0.9710893950890123
1.014757048966871,-1.0032386129898938,1.004646782634149,-1.0274962416232172,0.9744968024951959
1.0143636257013713,-0.9528142247121978,0.9700860332901076,-1.0434383772286455,1.0306730082835918
0.9983748053471155,-0.9584750933007024,0.9547101393314427,-1.0889719462711716,0.9733497959086833
0.9616823695367492,-1.003939420004015,0.9681577392864805,-0.9629491524331776,0.9855924868788742
1.007523724938695,-0.9921182720779528,1.0097477546206093,-1.0012064555227487,1.0255300345205156
0.9602172433087096,-0.9300291036673058,0.9881731308315732,-1.065577456894934,1.0094036678495886
0.9574409758776258,-0.9667332732745563,1.1104802788021189,-1.0393286045778924,1.0166186166611992
0.9122247205647687,-0.9773047385279326,0.9557143100100155,-1.031241730921724,0.9449356755080086
1.0366075613027368,-0.9496347821263369,1.0011692607329254,-1.043221335266786,1.0794761518051932
0.9624794936122671,-1.108101614996372,1.0229194504978534,-1.0552387336820759,1.0494304396749587
0.980943115166329,-0.9698143379727902,1.070075017327608,-1.060442943231036,0.9717031434553798
0.9962164463671468,-0.9231224340482829,0.9670808641029778,-1.0297251847974505,1.0239070287777905
0.9711385637144715,-0.9923737058551192,0.9224231289515936,-0.8892835028721702,0.9326145384845298
0.9839123648004896,-1.0016240517921047,1.0956344067178398,-1.066242289046637,1.0991852067739376
1.037858841055101,-0.9791452337788377,0.9507683156491022,-0.9714429378980963,0.96382566887901
1.0633330626599207,-1.0485531014553866,0.9943420752771958,-1.0277636544006585,0.9506238518786503
1.0370659908453956,-0.9732270626295183,1.0604505099450499,-1.0889937554104083,1.0532085351170521
1.1252724452678446,-1.0225820544588473,1.0947574306054486,-1.0131580636029913,0.9313795131219347
0.9847183778796602,-0.9475898016162362,0.9580911758834234,-1.0300169329503244,1.0296769716146597
1.0001530058369286,-0.970768852375663,1.0118914770379168,-0.9760187340224213,0.978384940709523
1.0115865471015195,-1.0463686502847966,1.0644216811251694,-1.0317137358408657,1.0564423743774696
0.9883196519508567,-0.989900049462134,0.975251772455465,-1.0507997715584014,0.9127619806197349
0.9472337920703771,-1.0161954426607962,1.010593958941444,-0.9494810343358369,0.9777121270101575
0.9559019617866413,-1.0721357393001356,1.0240031808952053,-0.9308402742335329,1.0633165133978144
1.035496637407362,-0.96807283413662,1.084881188985467,-0.9833959269291594,1.0323064838012086
0.9839608069074001,-1.0681021685427379,0.9658075549750211,-1.0004579519267327,1.003039268625065
1.0963142927427696,-0.9959361416204465,1.0589421722012822,-1.0217538620788158,0.9844162057117383
0.9335496181388276,-1.0371164006438285,1.0263490695681876,-0.9996219909802934,1.0471469309948618
1.0090626974172525,-1.0176226865818871,1.107414843189348,-1.0046951784356524,1.0581500484852653
0.9799395396727661,-0.9645200260308217,1.0464007829575843,-0.9895754014712209,0.8822758538651698
1.0009126230428056,-0.9384769976120012,1.0263740416513865,-0.9777080562385376,0.913887153302124
0.963977246466247,-0.9794321184424281,1.0205191638393445,-0.9392666609933549,0.9927566622426953
1.0202912043336907,-0.9991812879034353,0.9506528631749221,-1.1127895665547374,1.0215504846065038
1.0086973604206406,-1.0309087521050084,0.9190413471742067,-0.9685130242795631,0.9867039962902224
1.0278437361184072,-0.906797573479412,0.8929284559840147,-1.0349800404351182,0.9895312193344044
1.0727413087073325,-1.0818201509603242,1.0967930512840303,-0.9932072049216855,0.9951999669133071
0.9900970118390546,-1.0218131516090014,1.0524058379634578,-1.053426037704122,1.0172707090821926
0.9807909167146512,-1.0381066724257049,1.1292987587841947,-0.979047463262327,1.0306632772330573
1.0568888390334332,-1.0710674972659273,1.0876145954561016,-1.1254478589247539,0.9615616794980739
0.977048416341055,-0.9709138317514747,1.0109359133070743,-1.0083407370349196,0.9994001327686138
0.9510988488238716,-1.0748616197242087,1.036325581116803,-0.9653146943731907,1.079224718757853
0.9604991451592396,-0.9653592394849538,0.9858146635817634,-0.9404762507403259,1.0510981388339071
1.0105604699612227,-1.0169765078332993,1.048046608930413,-0.9676547738371717,0.9657779798956909
0.9336100663260285,-1.0144266450340897,1.0757706907674105,-0.9426756420633481,0.944383626516471
0.9416121292050039,-0.9362658075160257,0.9432182047621085,-0.9745352338178996,0.9691964392331838
1.0808522462260841,-1.038521239956894,1.0571680765102913,-0.9907570672969818,1.0126097427117144
0.90148457093243,-1.1101456676602859,0.9889717029866343,-0.9876546968291694,0.9437401086131139
0.9455653294761829,-0.9719263685086934,1.0281427240228564,-1.0068870530193963,1.0390100860593037
0.9412898852139927,-1.0177967458543484,1.0823938802891837,-0.9965838935030091,1.00631562572935
1.115297329298387,-1.0699671082924385,1.0398215183321056,-0.916800686009595,0.9837571036750727
1.0429815393427424,-1.0491009748605453,0.9656633802216325,-0.9807516791976183,1.0399283336555296
1.0560468256203124,-0.9215185706530253,0.9966276720722409,-0.9403194122413706,0.9828847578275426
1.0451045655794133,-0.9896255601073909,1.0222838953540963,-0.9788246062988981,0.9197647495101093
0.9437939070569613,-0.9948729280091239,0.9156360460179416,-0.9584394448400122,1.043577798314407
1.0163585276438896,-1.056056700637896,1.0690069469434258,-0.8981394680140821,1.0073538413722987
1.0255267689225618,-0.9899130672601978,1.02651845944994,-1.0059779378313198,0.9982717880078098
1.0452858800248683,-0.882718791905178,0.9299964382799131,-1.0051906242201483,0.9409769757383959
1.0796012449288042,-1.0293868984659948,0.9278399603107103,-0.9680906500575713,1.0872155557371554
1.033179893428038,-0.9897601061359041,1.0204570461387996,-0.9292579668587223,0.9562900364992926
0.9944076447956843,-1.0226345074254766,0.9416067346354144,-1.01641876297084,1.0553860547991225
1.0283301074196363,-0.96778447499459,1.0073237805826658,-0.9738338108635706,0.9599704828825947
0.9845245057036386,-0.9903997881515662,1.0138757929440945,-0.9839906072539063,0.9930832358991811
0.9811288299434835,-0.842111435847785,1.04533936364662,-0.9793426262023689,0.9883395750896803
0.9774390586528061,-1.0065400296863478,1.0146414421793342,-1.094021777203154,0.9215305202312658
0.9681558805530521,-0.9896430281610715,0.9880363426424075,-0.9260939386950258,0.9258801606502116
0.9624327265198315,-0.923995412950445,1.0065559662337573,-0.9557578708599421,1.1025623471634731
0.9653097791049089,-1.0049657168896016,0.9863786549534564,-1.0977296502241638,0.9844801598122015
1.0440531093690333,-0.9729705229093879,1.0309541584694004,-1.018775449031975,0.9671951381997179
1.063462783594931,-1.0248658573178835,1.0147041019396608,-0.9918332659661231,1.073085850812856
1.048570617883618,-1.064762931033356,0.940622341661248,-0.9710545090965433,0.9967831176310417
0.9772414108023117,-0.9492186058002765,1.0093729691044455,-0.9973771306555278,1.0389914320377525
0.9812445502528218,-0.9215740507263723,0.9605976188383496,-0.9671535466828955,1.0716916419329923
0.931135225536395,-1.0171667587926225,1.0571103696442778,-0.9421377726134488,0.9914252199805881
0.963266445316157,-0.9522032088834619,1.0591774551290802,-1.0582331674256198,0.939804317551681
1.01126283409918,-0.9685319683285554,0.9850465457384973,-0.9660353090008825,0.9644931696581309
0.8942653200463132,-1.0211950536166299,1.003161607325655,-1.013791997994823,0.9420698368170257
0.9092175512060592,-1.0257044402183948,1.0448827885824872,-0.9371901280293159,1.0593856692069228
0.9592045232425723,-1.0576853161815183,1.0248317307489947,-0.9682449994201038,1.0200084802600249
0.8992968362881119,-1.0433442292441732,0.9985155604857011,-0.9756390902684786,1.0383653681301244
1.007212676114102,-0.9834608096730882,1.0042432729180553,-0.9657190312890759,1.0156432825745456
1.0032868830023645,-1.013418439956869,1.0040645712521241,-0.9757704310580363,1.013373769444903
1.0190413209172626,-0.9328639069324407,1.0132581961373295,-1.032449926023658,1.0441803392997084
0.9316900831165541,-1.0540706690369643,1.0167923632360034,-0.9741801666106711,0.9377474388248003
0.9808591259506625,-1.030304191610983,0.9756661838559202,-0.9528201111863527,1.0353252731773626
0.9990438910073146,-1.0272980963557463,0.932517516488993,-0.9289907530609025,1.0296056950142458
0.964666544796343,-0.9640200251187554,0.9964888189712687,-1.0143554752431172,1.0217605764144801
0.9629250875043638,-1.0171878259755056,1.0060730532099773,-1.0249725596442607,1.0334542605133763
1.0934533251839131,-1.037714906630357,0.9167437351847978,-1.100087008373813,0.9924765929252509
0.9668417704936909,-0.989606974946646,1.006629883601305,-1.0801608423307048,0.9092558085259297
1.0147966620173048,-0.9932285582640021,0.9787091000816724,-1.0828571792566153,1.0235695631382495
1.0635949772711972,-0.9861008779890539,0.9576263054717468,-0.9977723917214424,0.9316942959533158
1.0528980356919395,-0.995907783273523,0.9115921544123384,-1.0150337180221842,1.0231650755117117
0.9833476189512239,-1.0137947860720087,0.9387798896476364,-0.9716729506459172,0.9675765399990431
0.8921777311497483,-1.0185628685335197,1.0490574857785178,-1.0193464723299974,1.086899249256176
1.0214483974274258,-0.9830620918859817,0.9935800867041196,-1.0034143103882145,0.9868288182440248
0.9848865303958737,-0.9734566418966426,0.9532084385104718,-1.053794691436213,0.9438402474562311
1.1022827273838578,-0.973482854916471,1.0152246100840072,-1.0528757335146717,1.0311671150337414
0.9941714326773335,-0.9892915529434125,0.9511689842068222,-0.9919865571291212,0.9788083230896758
0.9617194421484906,-0.9632946832096375,0.9231146095734999,-0.9717611867842925,1.0342243066776498
0.956017816222438,-1.0410164230566235,0.9888487159366799,-0.985898189476889,0.9923572504092887
1.021678123009594,-0.91185101737313,0.9746141615425143,-1.085758998535171,1.0412961791515327
1.0841657287963764,-0.9803615818474438,0.9456125662323166,-1.00619461816176,0.9440738257894183
1.0321427746981473,-1.0675645201349218,0.98499356065859,-1.0502168913146954,1.0063412342567482
0.9816829161431121,-0.9911618948374868,1.0011175277483182,-1.0493329513862055,1.0313438531764512
0.9975617174078443,-1.049426450393295,1.1120463278102897,-0.9761784916641437,0.9923369723300347
1.0707602263350913,-0.9079092195306696,0.9927325288843057,-0.9826301256782619,0.950599859099853
0.9926403624615995,-1.0099531276879934,1.0092413516810828,-0.9833619760681495,1.027991422441403
1.011882132814998,-1.0605371313314582,0.9530766447129457,-1.0273203809731837,0.9858879704038386
1.0525387145236056,-1.0581469493426456,0.982129247591465,-0.9523495250892975,0.9850061262751694
1.0230207824921411,-1.0069771021463951,1.012839162866236,-1.011423627190477,1.0333532736364177
0.9227471796296782,-1.0181656004194273,1.0148286338347154,-0.9733152375996903,1.0746476311376914
0.9804487666567212,-0.9260259119069564,0.9670488086670165,-0.9335676794227679,1.0408733563349186
0.9543270710183889,-0.9846480381374089,0.9974382082233905,-0.9687207703162499,0.9888364205783345
0.9846376887169134,-0.9315452708618575,0.9950639552772164,-0.9586788837904117,0.98873242574779
1.083333162961376,-1.0339167314667748,0.9692928234376408,-0.9237741409442048,0.9777526804552373
1.0800537153082197,-0.9554079710202593,0.9922675146719583,-1.0906646736008578,0.9990340847864082
1.0050815026766713,-0.9416391133347813,1.0794223588120055,-1.0342493589571873,1.0400590881994092
1.0382701078006675,-0.9463293648794777,1.0249344956067772,-1.0971248845480885,0.9922288783736121
0.9422146212541542,-1.0101302886459036,1.0490002118066948,-0.9847424582062514,1.0574045433198715
1.017087696035677,-1.0649162969834451,0.8739576496713632,-0.9925595619160205,0.9893036766824417
0.9511527130309059,-1.085031362482569,0.9632628393263646,-1.0097245742432388,1.0332938911853196
1.009431554078399,-0.9195966376413636,0.9482197971977303,-0.9559470553971283,1.0023649371564365
1.0347334562059292,-1.0218257431632771,1.0535840186945296,-0.9852387620827379,0.9660277507541125
0.9993987985543406,-1.011977792946855,1.0244589175318897,-1.0589888374687255,0.9985324148942153
1.0197653626324665,-0.9983488346403483,1.0673470622194499,-0.9612988612964474,0.9996259601629627
1.0108344548748835,-0.9852167224259,1.0201649802083412,-1.0912828997832305,0.9849236852115326
0.9257780465903287,-0.9360859526270257,0.9969575239998536,-1.009667047483981,1.0448398666016618
1.0211162398724938,-1.0564317257189604,0.9964547318736315,-1.0167583486613192,0.9127733555696973
0.9654861883381398,-1.0091770161008233,0.9942524534254079,-1.0741115711838654,1.0575832791523738
0.9948948470554281,-0.9981223461669718,1.020032081916992,-1.0394038126951837,1.022817798656635
0.9816462676990908,-1.0448292770323595,1.02867237466777,-0.9254163070599096,1.0362414686742916
1.0461488782570216,-1.026031530328115,0.9201190135415772,-0.9254931238950079,1.102725744470238
1.0771403386884841,-1.0167892969489876,0.9422682830635578,-1.0532841348909783,0.9158133716192975
0.9946310690794977,-0.9197161020958773,0.9929168684063878,-0.9848838549825862,1.0687798482152104
0.97979523440838,-0.8982234271640203,1.0996047203748727,-1.006555566934024,0.9711232867990394
1.0348619023195156,-1.0173762471259429,0.9421722391466332,-0.935938067323851,1.060822369363854
1.007775580188178,-1.063143237686409,0.9385236874391307,-0.9946385355790424,0.9750064482747484
0.9829453533929196,-0.9489018422469998,1.0366589658711278,-0.9310928659751193,0.9504688388311371
0.9828404215656644,-0.9620509152269944,1.0224039170506445,-0.9233809808706189,1.0210268352952034
1.0924054552052775,-0.972999109913843,1.053108372379433,-1.0161757473392228,1.0007143605941995
1.0455472201919738,-0.9193510914703473,1.0364618474655376,-1.004158588596731,1.0688667514764172
0.890401067186006,-1.0711117250753437,1.0340817111834195,-0.9992945821873438,1.0302756825562083
1.0032203761215972,-0.9714527152698064,0.9592798589503405,-0.9714756956960154,1.0497207264103792
1.0610275301965617,-0.899322285267565,1.0122049221751193,-0.9863044456576411,0.9238413767913076
0.9734294299430788,-1.0096541037003306,1.0525159776138178,-1.0305500562044814,1.0398170009874417
0.999918914151831,-1.0088584057557382,1.0124446984566629,-1.0195578186126422,0.9785481375953667
0.9147607047104943,-1.0123977103663946,0.9760015926925637,-1.025799049467454,1.020843653129502
1.0329315976395255,-0.9883902747678837,1.0497707595224737,-0.9712219037084817,0.9852471905097179
0.976857185714281,-0.9843588881616577,1.028688355495095,-0.9301077846484251,1.0595586522470049
0.9729263496746415,-1.005100314006363,1.0335508902458885,-0.9466001110970514,1.0469484734352397
0.9968061083584326,-1.0627011326214257,0.9500531811877204,-0.9863683242840293,1.0171112789712173
0.9450660313282807,-0.9977715194555364,1.0315612178485891,-1.0575613328753573,1.0552498600902207
0.9811234425720088,-0.9371193443711674,0.973327377711205,-1.051331274144209,0.977093150507914
0.995242593846134,-1.019423995338574,0.9891999289213443,-0.9833017425161905,0.99144103151018
0.9966943803023997,-1.0854613199601297,1.0195849008005236,-1.0044601648845835,1.0805146490241435
0.9530217416373021,-1.0904147664249757,1.030903424696502,-0.98267364908435,0.9495783489734427
0.9235125522497954,-0.9231301634657855,1.070705519530339,-1.1243728379353064,0.9770888485371749
1.083209602739195,-1.0238031278888933,0.9754693882986674,-1.0141379663814685,0.943955151311592
0.9147612127885978,-0.9473726344632626,0.9078531546876162,-0.9876364273945623,1.0443289746378825
0.9274386850549421,-1.0462134201297535,1.0606589594195794,-0.973355413988648,0.9691357146560556
1.0601124501680586,-0.9396732138272849,1.0134526346507853,-1.045008011393683,0.9793275648264103
1.0143193371977695,-1.0094297414573745,1.0469478589117425,-1.0764887040054667,0.925286823546688
1.0090435555741217,-1.0245772206903452,0.968647569265113,-1.08840283595872,1.0009772922399092
0.9973622445999617,-0.967326050902413,1.0034453066560487,-1.0066302039120247,1.0588500318395169
0.9343766348275725,-0.9731805390576211,0.9164426417602325,-1.0419180940000403,0.9393671433688343
1.039097126772596,-1.0032705116797698,0.9993248377703512,-1.0553366493864726,0.9850153252033556
0.9618267348345444,-0.9808272492572891,0.9504454432334193,-0.9335102817397463,0.9162209775187953
0.959674008377172,-0.9161399745016952,0.9782430626018983,-1.0657439332202205,1.0109535781268835
0.9762303878892729,-1.0417935127809153,0.9452064594600641,-0.8615813197187028,0.9874224049907931
0.9037216319833561,-0.9253145120497233,1.0305535452555286,-1.0383233215509895,0.953344045565693
1.0336736398079116,-1.0123459163744728,0.9037011090777449,-0.9106380017697666,0.9783004768892022
1.0747785868241213,-0.9360782521017142,0.9499495227758593,-0.9483405067818426,0.967427872506816
0.9066649706598029,-1.0212299083011072,1.019881875088814,-1.023136832399817,0.9846475829537449
1.0571783022464307,-0.9946753009854954,0.9578350844357524,-0.9648984838166337,1.0098837783477124
0.8739197599268979,-0.9785823543114276,1.019591435385805,-0.998993943520957,1.0445850290534788
0.9663803207836749,-0.983175010558955,0.9216520314416323,-0.9796454808300584,1.097652984776995
0.9502571823766229,-1.0379901065993888,0.9644992278554224,-0.9935000887099202,0.946848186357314
1.021062368934549,-0.9576580027265418,1.0267173606726891,-1.0884207712819036,1.0497583832579302
1.046868370712684,-0.9584919313826847,1.0186421124327913,-0.9889905342897434,1.05161946990632
1.0961756743801727,-1.0476520231682425,1.0539062697897386,-1.0043108549003725,0.99351634739857
0.9231734654808981,-1.0142394704757698,0.9501367521015792,-1.0231927214752974,0.9450906808110925
0.9775545806343496,-1.0203055178511702,1.00483774592194,-1.0807374931145666,0.9277240926127338
1.0180957135365263,-1.0398719058535049,1.0537264895114966,-0.9887365138992477,1.0303381075103204
1.0705346160210447,-1.0154855405903287,0.9712756647291862,-0.9564148707200594,1.0254756781964842
0.990633484508935,-0.9304271016522029,0.9893877845080035,-0.998361318122211,1.001061132541713
0.9532703052550764,-0.9961207305256804,1.0698380088699246,-0.9777515842311912,1.0015531713199466
0.9919116359417165,-0.9834566485796824,1.0374883314244592,-0.9695380584555123,0.983406756908901
1.0162390797055056,-0.9760030129425861,0.9496402506236511,-0.9915884729408153,0.8919348056848819
1.0241266854910593,-0.9669828472718659,1.037377306289323,-1.0197523426084785,1.0154523417512018
1.0711976922770583,-0.9293115175854371,0.998541365038672,-0.993034018463522,1.0555455572367216
0.9249598992368913,-1.0161537871338513,1.0667785227768378,-0.9512399729157617,1.0184631888824953
0.924708379733469,-1.0024955116520582,0.9705042301875033,-0.9834480548591393,0.959532665760256
0.9487138302512697,-1.103243263884182,1.061090234248835,-1.0199885255721528,1.0078572891851267
0.999888094176291,-1.0533716966480249,0.9370467544275903,-1.0502657562998619,0.9638415780585303
1.0183303123506902,-1.0397858831760305,1.087324531579731,-0.9486424482053425,1.0404179774832854
0.9940170548763425,-0.9242859632139758,0.9890997184439438,-1.0015630707077123,1.0084987269874635
1.0350911520271673,-0.9681545960498508,0.9762437360777698,-1.0266496859712977,1.0319951478576042
1.0357618291945616,-1.0196675562411437,0.9206405965160773,-1.0103658048004123,1.0311762899412928
1.090270842320989,-1.059897898117033,0.9786714373584713,-1.019470178076269,1.067790266971575
0.9982529249770684,-1.0453663279686132,1.027934764146091,-1.0202319260020474,0.9387806363321023
0.9553613346361924,-0.913297902278869,1.019210461082473,-0.9946119972273728,0.9875053132093977
1.01460744210594,-0.9859882026998753,1.0146084414103662,-0.9942577454861123,1.0434399169152775
1.0011552173000366,-1.048896941777632,0.9693788554549566,-1.0989509346744857,1.1013408558021196
1.0431377295976343,-1.041503524756462,0.985907757530145,-1.0318438237103216,1.077127360568706
0.9290061417864536,-0.994276197059061,0.9945736078717576,-0.9586580684645443,0.9947995386137652
0.9120895561672282,-1.012555891732122,0.9513918891028338,-0.996021022672172,1.0717088518260163
0.9130287377883861,-1.0400111367699951,0.9723653523108251,-1.0190815547706606,1.0370062832052622
0.9913227791219307,-0.9792098637139778,0.9687113478134112,-0.9885037827291031,1.0388898815438858
0.9633850225131456,-0.9609320940096743,1.0026186384363784,-0.9477269879758874,0.9899290049961513
1.019062232758105,-1.0020303115839264,0.9951893868979711,-0.9870534785887155,1.0268403734612452
0.9375217544037997,-0.9283183195591062,0.90701684797251,-1.0342406054869449,0.995286546461755
1.0206177984542975,-0.9211913736129311,0.9070854255887446,-1.0253847064194854,0.8936583256100368
1.0015810986955125,-0.9864158207749985,1.0795397871085626,-0.9939682619553273,1.052201256472119
1.029191854076953,-1.0217624098502585,0.9295519626603981,-0.9862498850854095,0.9253948991427318
1.0647603536334822,-1.0081031051018412,1.0597588705755707,-1.0240107217066199,1.0134425393200497
1.0104674428667344,-1.002252205900546,0.9783670243301704,-0.980377199076474,0.9536918368258396
0.9395282335520471,-0.9378586553336586,1.036358399444605,-0.996705419569888,1.0832571191271891
0.9866117240637577,-0.9338648390005511,1.008778704246291,-1.0512375375038194,1.0924020095885425
1.0495355423312043,-1.0060510515504781,1.0363585629766974,-1.0201851716998953,1.041457451752977
0.880446071735802,-1.0509900666847296,1.0489629872143482,-1.012482776910946,1.0103771147444371
0.9326607168942282,-0.9076066502148948,1.0595264821858839,-1.0100342609187665,0.9797652071568337
1.0514802180709846,-0.9008764774915536,1.0476880127905677,-0.8914098666301699,0.953882433546904
0.9590306584750604,-1.0594470559026674,1.022088032482474,-0.9912198225097815,0.9924024438264007
1.0404629314061649,-0.9383835697392668,0.9237168795356578,-1.0298486013950559,1.041007179706153
0.9766130658070709,-1.0399103038179076,1.0509268713825197,-1.064475003486199,0.9849210096104447
1.0164322012902405,-1.028690995695506,1.0391577828006588,-1.0284438487598684,1.070430974672296
0.9937126851252114,-0.9664364931647323,1.0373011976491409,-1.0313770001372036,0.8973256725672055
1.0180377877331916,-0.9963855826437565,1.0277913013787563,-1.0113263736191418,0.9784786150599643
1.100423650549085,-1.073617703075539,1.036697523918212,-1.0287300929091696,0.983211069112979
0.9841448583713017,-1.0401717137085629,1.028561210511812,-0.9304678202025022,1.023500683062333
1.0051690998106046,-1.0493220249549624,1.0258412632912226,-0.892182518413535,0.9809652688102454
0.9812008210324067,-1.02805445654905,0.975529288275279,-1.1372649776836192,1.0202517692927857
0.9577223911822693,-1.08051315593959,1.0376594974866276,-1.0541008892520969,0.9830665473058121
1.073322119559429,-1.0704607899012257,0.9233700882701119,-0.9865346905218831,1.0574743682005183
0.9212829141134018,-0.9796155131581411,1.0290499769980845,-1.102958024184616,1.039925066895361
1.043830293992109,-1.0155892786628011,1.0626173181149003,-0.9431772212837577,1.0051558962858602
0.9774277304837533,-1.048641394629148,0.9981218245316904,-0.971512054014791,0.9837911569479679
0.8901249497368985,-0.9365643052711715,1.0095111610922447,-1.0189812248338417,1.0428579194211645
1.0762319298241378,-1.1400955784743947,1.0217131824961037,-1.0713324605405175,1.0249555253399472
1.006396360118729,-0.9682136736779725,0.9750376192752672,-1.0936620055909576,0.9774815904371665
1.0203423817569892,-0.9492303835662388,0.9414084349763737,-0.9486469786563492,0.967606385517674
1.0181224940797264,-1.0254946976432817,1.0091085313856052,-0.9554061182714862,0.9386492961355732
0.9660047051626585,-0.9907518706328957,1.1200791830515175,-1.0431594856083415,1.1020066942998459
1.1002211651837586,-1.0048655575350796,0.985092373690005,-1.0346032599332347,0.9965898734833666
0.9296640283720221,-1.00381195086603,1.0748440136925428,-1.0305542531238359,0.9879637848005475
0.9149429762866379,-0.9812968955934478,1.0132240842475686,-0.9968148820117114,0.9891586474888928
0.9853621040613773,-0.9749049883149664,0.9985591699205688,-0.9842514064222334,1.0107491408727274
1.056171364354788,-0.9661502951312473,1.0096430921575095,-0.924078898467391,1.021013426452828
1.065248134439521,-0.9696528695806681,0.9079040460534229,-0.9347582618340335,1.0067588120671334
0.9974022614549611,-0.9859325826255212,0.9827508419021467,-0.9886485569805528,0.9704061966828453
1.0637136129367184,-1.0056794056810525,0.9808708078638784,-1.0462462907859638,1.0134387894574322
1.0093553550062546,-0.9805787693161246,0.9486374056247435,-1.0800590599405786,1.031279565125328
1.0742320930938254,-1.0513176811194949,1.0794720641780848,-0.9858044470631809,0.9996468547724585
0.9801225651727111,-1.06922590097125,1.04938642579623,-1.0387803180718802,0.96100966621312
1.0495963154943477,-1.0941491723335863,0.9238201094665917,-1.000906712175404,1.0146642214502426
1.0242367323984463,-1.0150899246698126,1.1265184834320845,-1.0113946279382917,0.9884606923948639
0.9601506665593061,-0.9938046591739464,1.0307480616023388,-0.939821097273327,0.9255357867779891
0.987700233082215,-0.9776648194595428,1.0293528767297269,-0.999672567109773,1.027121198476605
0.95955180535371,-0.9221047283840822,1.0496314051489715,-1.0672463893532587,0.9462448475941623
0.9476539124946547,-0.9661015014551736,0.9357636116791266,-1.016551216710404,1.0227352198208388
0.9966917032726783,-0.9870556242143647,0.9467098644325621,-0.9702572813301378,0.9693394053762002
0.9837690162801029,-0.9881134136047007,1.0051539110765424,-0.9988009990492204,0.9624686589011622
0.9850225294400404,-0.9998908204581483,0.9312457383416457,-1.023126648315669,1.0193839939516423
0.9361281698077328,-0.942170917420288,1.0634806631299922,-1.0622575287980043,1.067880981652507
0.9928209205643933,-0.9790742720421473,0.9751674473935876,-0.9538477586386619,1.0203047009424333
0.9592923371701199,-1.0582600999982645,0.9269848782395389,-0.9906029111783622,1.0286235705889868
1.0325482839389721,-1.005899054730369,0.9421501772167818,-1.0341037399011892,1.0576174319480962
0.975768571769996,-0.9928291184659261,0.9462174758212556,-0.9831708477270482,0.9771157719160461
1.052335635688788,-0.9613221146896593,0.975214702671255,-1.0063332013673831,0.9724441879979686
0.9290283401727495,-1.0428721214773609,1.009910866386041,-0.9837370250885209,1.007427395179632
0.9849133473020683,-0.9533466697139508,1.0031770952280468,-0.9648373085952027,0.911311243389874
0.8038799874190828,-0.985810598608096,0.9287617173139255,-1.0106225851356527,0.9848951479487698
1.079370030120777,-0.9800001723528197,1.0082929513399337,-0.9581504422683164,1.018424879341952
0.9771161503505783,-0.946426203487272,0.9445124936055863,-0.9838376406233219,0.9226215102931844
1.0101971928757998,-0.9903505179113535,1.0838227480957332,-1.078248694672089,0.9699556412073094
1.041134121328707,-0.9832341371801346,1.0090152525668752,-1.047806785147927,0.9704590825954286
1.0622520504111628,-1.0025754596876963,1.0187679848072237,-1.005759416438824,0.9408457242375118
1.0466905213037498,-0.9748383807733751,1.1152818418683594,-1.0507790689825272,1.041128646060024
0.93442280169815,-0.9921326716163461,1.0488253294531582,-1.1036067558048244,0.9897533762879196
0.971839513297869,-1.0350978649147562,1.0192606326129676,-0.9439657146788702,0.9933360642385423
1.010274321378001,-0.9942845623470377,1.0000901753178206,-1.0544671318856054,1.0554222300861447
1.014759768407942,-0.9802559254998711,0.9596745185487209,-1.022961019899462,0.9911932901144611
0.9232937653275575,-1.084401716259884,0.9699626034680716,-0.9738739616778805,0.967343130503503
0.9490597401204643,-1.0407342826618835,0.9772328788427344,-1.017692948141005,1.1082760726103278
1.0527310314243659,-0.9487612943859136,1.058429018213669,-1.0499410434667025,0.938881769250638
0.9446564854232972,-0.9332746933331081,0.9726404105558755,-1.0625678091119644,0.9784501899890093
0.9880697234142686,-0.986579336315272,1.0125475510356021,-1.0414090281936754,1.0342828196256855
0.9680403233124921,-1.0078138168352522,1.0343387035251677,-1.032091070197217,0.9715324288209432
1.0295834024846566,-1.042886658830251,0.9807603988197965,-0.9722128910978554,1.1027046220717986
1.0302702252381373,-0.9763680118504994,1.0265400791836365,-1.0536595137033524,1.0057798369339954
0.9985116755831799,-0.9839207729813622,1.0058254026237936,-0.9810150161291443,0.9844266402550399
1.0029304458685897,-1.0613914283028496,0.9840046360998543,-0.9304583225911678,1.0159404169814128
0.9989539481308461,-0.9051938361872827,0.931958251084946,-1.055472777772311,1.0856355705638137
1.0022980468024467,-1.0121291518144897,0.9400397837452178,-0.9776151866802494,1.027222993476373
0.9452752819582552,-1.0070137792775213,0.9832242083983467,-0.9872011426790614,0.9440374878889678
1.062597372725658,-0.9542088109201198,0.9818412220633592,-1.0108209355819187,0.9931788924861192
0.9610845723496748,-1.0221714709117518,0.9864864816162695,-0.9193565814646436,1.0473309154165218
1.0467327353668312,-0.9815037193497805,0.9441336495534383,-1.002074555228869,1.048524422980669
0.9370867685316356,-0.9681723396563368,1.1161304612631384,-0.9469091677005134,1.0707014567780995
1.010916937522108,-0.9516034025617505,0.9641073392822982,-0.9602068093829387,1.032719406703038
1.0144955587018831,-0.934199629014075,0.9730607581076306,-1.0093528758236832,1.004773102067915
0.94851945144553,-0.9886534028099876,0.9140534793523076,-0.9476522732785896,1.0023318683282982
0.9739553548048119,-1.041718680614756,0.9882710485190406,-0.9655870144613793,1.027386948936878
0.964723102636077,-1.0423019836313818,1.0328449353159823,-1.0361173702307516,1.0029954887039751
1.0061877321262138,-0.9843968934136631,1.0429135215090937,-1.0631481468433661,0.9044420337369756
0.9716276359385824,-0.9099235796083907,1.1011087050043689,-0.9084411432217057,0.9903509316119655
0.9108942459007585,-1.1171519550825921,0.9692980919225295,-1.009903681507468,1.065031270052798
1.0433902729771223,-0.988629746050419,0.9555077614529429,-1.0480389779122445,1.0127063843535717
1.0348525489419864,-0.9804059368877208,0.9482701020196672,-0.9674666185603957,1.0212955483550705
0.946466679690491,-1.0392160485150128,1.0344247987280784,-1.0117253767572945,1.0794573650818229
1.025056463803229,-1.0243315594094635,0.9994897199804533,-0.996830830368114,0.9635804843379145
0.9543705900911187,-0.9649305053095251,1.0422636648521049,-0.969810926522352,1.07576590471619
0.9729113381994199,-0.9162864616964435,0.9549539440722924,-1.0506342781684246,0.9120020558925375
0.9777102343086591,-1.0251861168414726,1.0262968640127326,-0.9878054529189775,0.9403513314490431
0.9803636880787091,-1.0185731010543844,0.9112008876519053,-1.0490473363506685,0.9614593184692956
1.0716812509910474,-0.9904274642021323,1.033108437697375,-1.0749317748574605,1.0597107241506996
1.0650551031512046,-1.0999172483572313,0.9647341638042076,-0.9752117213492245,1.032219422676909
